t,spec,update_us
1045.596877,phi_hi,1748.1660179328173
1045.596877,phi_lo,17.874990589916706
1048.60243,phi_hi,124.62498852983117
1048.60243,phi_lo,17.167010810226202
1051.60509,phi_hi,34.12499791011214
1051.60509,phi_lo,6.750022293999791
1054.608524,phi_hi,60.999998822808266
1054.608524,phi_lo,11.042022379115224
1057.612105,phi_hi,24.00000812485814
1057.612105,phi_lo,7.374997949227691
1060.621417,phi_hi,39.416016079485416
1060.621417,phi_lo,12.457981938496232
1063.622936,phi_hi,39.08301005139947
1063.622936,phi_lo,10.791991371661425
1066.626079,phi_hi,41.749997762963176
1066.626079,phi_lo,30.458002584055066
1069.631797,phi_hi,66.250009695068
1069.631797,phi_lo,28.959009796380997
1072.632049,phi_hi,35.91700806282461
1072.632049,phi_lo,10.791991371661425
1075.635862,phi_hi,61.37500167824328
1075.635862,phi_lo,13.999990187585354
1078.641096,phi_hi,39.000005926936865
1078.641096,phi_lo,21.665997337549925
1081.64225,phi_hi,48.54099825024605
1081.64225,phi_lo,11.833995813503861
1084.647439,phi_hi,28.041977202519774
1084.647439,phi_lo,8.37500556372106
1087.657963,phi_hi,23.833999875932932
1087.657963,phi_lo,6.374990334734321
1090.657498,phi_hi,37.707999581471086
1090.657498,phi_lo,11.16600469686091
1093.656123,phi_hi,46.50000482797623
1093.656123,phi_lo,54.58400119096041
1096.661155,phi_hi,21.66602644138038
1096.661155,phi_lo,3.1249946914613247
1099.665486,phi_hi,75.2909982111305
1099.665486,phi_lo,16.542006051167846
1102.671659,phi_hi,34.41699664108455
1102.671659,phi_lo,8.207978680729866
1105.683576,phi_hi,78.79198528826237
1105.683576,phi_lo,6.916990969330072
1108.67815,phi_hi,78.62498750910163
1108.67815,phi_lo,16.708014300093055
1111.688085,phi_hi,46.20899562723935
1111.688085,phi_lo,9.542010957375169
1114.688906,phi_hi,55.33298826776445
1114.688906,phi_lo,11.958007235080004
1117.685812,phi_hi,33.29198807477951
1117.685812,phi_lo,8.000002708286047
1120.686275,phi_hi,33.54198997840285
1120.686275,phi_lo,11.666008504107594
1123.69336,phi_hi,46.75000673159957
1123.69336,phi_lo,15.833997167646885
1126.697075,phi_hi,57.20800254493952
1126.697075,phi_lo,9.083014447242022
1129.697905,phi_hi,83.70800060220063
1129.697905,phi_lo,28.95898069255054
1132.708189,phi_hi,47.04200546257198
1132.708189,phi_lo,25.707995519042015
1135.71489,phi_hi,31.41601337119937
1135.71489,phi_lo,9.167008101940155
1138.716213,phi_hi,44.70799467526376
1138.716213,phi_lo,11.541007552295923
1141.715518,phi_hi,28.583017410710454
1141.715518,phi_lo,4.62500611320138
1144.724015,phi_hi,45.20799848251045
1144.724015,phi_lo,16.834004782140255
1147.7247,phi_hi,42.79098357073963
1147.7247,phi_lo,21.41602453775704
1150.723676,phi_hi,67.666987888515
1150.723676,phi_lo,21.83401375077665
1153.726686,phi_hi,34.87500362098217
1153.726686,phi_lo,14.249992091208696
1156.73228,phi_hi,44.8749924544245
1156.73228,phi_lo,9.749986929818988
1159.736277,phi_hi,57.79101047664881
1159.736277,phi_lo,23.208005586639047
1162.740729,phi_hi,44.74999150261283
1162.740729,phi_lo,10.249990737065673
1165.74601,phi_hi,48.83299698121846
1165.74601,phi_lo,10.791991371661425
1168.743467,phi_hi,38.416997995227575
1168.743467,phi_lo,15.249999705702066
1171.751363,phi_hi,45.83399277180433
1171.751363,phi_lo,16.66598836891353
1174.752148,phi_hi,22.74999860674143
1174.752148,phi_lo,6.375019438564777
1177.75821,phi_hi,62.000006437301636
1177.75821,phi_lo,17.874990589916706
1180.759537,phi_hi,22.333988454192877
1180.759537,phi_lo,6.66698906570673
1183.767032,phi_hi,63.916988437995315
1183.767032,phi_lo,27.417001547291875
1186.767152,phi_hi,29.83299782499671
1186.767152,phi_lo,8.584000170230865
1189.772063,phi_hi,45.91699689626694
1189.772063,phi_lo,10.540999937802553
1192.773848,phi_hi,27.457979740574956
1192.773848,phi_lo,12.625008821487427
1195.778268,phi_hi,29.499991796910763
1195.778268,phi_lo,4.62500611320138
1198.781684,phi_hi,16.959005733951926
1198.781684,phi_lo,2.9999937396496534
1201.784844,phi_hi,38.291997043415904
1201.784844,phi_lo,12.750009773299098
1204.783387,phi_hi,17.41599407978356
1204.783387,phi_lo,4.250003257766366
1207.787677,phi_hi,87.58300100453198
1207.787677,phi_lo,14.999997802078724
1210.788435,phi_hi,36.54201282188296
1210.788435,phi_lo,10.333984391763806
1213.792846,phi_hi,46.667002607136965
1213.792846,phi_lo,14.20799526385963
1216.791108,phi_hi,56.33398541249335
1216.791108,phi_lo,10.499992640689015
1219.793328,phi_hi,36.792014725506306
1219.793328,phi_lo,11.500000255182385
1222.793225,phi_hi,21.082989405840635
1222.793225,phi_lo,5.458015948534012
1225.797929,phi_hi,37.79199323616922
1225.797929,phi_lo,12.750009773299098
1228.799566,phi_hi,38.20800338871777
1228.799566,phi_lo,12.417003745213151
1231.802562,phi_hi,19.37500201165676
1231.802562,phi_lo,4.583009285852313
1234.801073,phi_hi,16.416015569120646
1234.801073,phi_lo,3.082997864112258
1237.806793,phi_hi,13.750017387792468
1237.806793,phi_lo,8.95801349543035
1240.812274,phi_hi,21.25001628883183
1240.812274,phi_lo,5.457986844703555
1243.816576,phi_hi,13.91698606312275
1243.816576,phi_lo,12.667005648836493
1246.81848,phi_hi,16.165984561666846
1246.81848,phi_lo,11.8750031106174
1249.823549,phi_hi,18.458988051861525
1249.823549,phi_lo,2.9999937396496534
1252.831492,phi_hi,22.124993847683072
1252.831492,phi_lo,4.208006430417299
1255.832951,phi_hi,17.458020010963082
1255.832951,phi_lo,8.416012860834599
1258.840286,phi_hi,49.79199729859829
1258.840286,phi_lo,21.917017875239253
1261.83977,phi_hi,36.541983718052506
1261.83977,phi_lo,10.041985660791397
1264.842221,phi_hi,69.95801231823862
1264.842221,phi_lo,16.95798709988594
1267.850001,phi_hi,47.12500958703458
1267.850001,phi_lo,17.75001874193549
1270.853909,phi_hi,38.25000021606684
1270.853909,phi_lo,12.125005014240742
1273.856277,phi_hi,13.91599653288722
1273.856277,phi_lo,3.1660019885748625
1276.870137,phi_hi,36.66698466986418
1276.870137,phi_lo,10.624993592500687
1279.865925,phi_hi,42.29199839755893
1279.865925,phi_lo,32.20900543965399
1282.869208,phi_hi,37.24999260157347
1282.869208,phi_lo,12.042000889778137
1285.874638,phi_hi,42.08300379104912
1285.874638,phi_lo,15.500001609325409
1288.874646,phi_hi,41.33401671424508
1288.874646,phi_lo,12.625008821487427
1291.881283,phi_hi,41.08299617655575
1291.881283,phi_lo,14.165998436510563
1294.879908,phi_hi,23.16699828952551
1294.879908,phi_lo,5.95799065195024
1297.885186,phi_hi,113.87499398551881
1297.885186,phi_lo,20.374980522319674
1300.892049,phi_hi,47.62498429045081
1300.892049,phi_lo,16.708014300093055
1303.895832,phi_hi,43.50001108832657
1303.895832,phi_lo,14.124991139397025
1306.896575,phi_hi,23.625005269423127
1306.896575,phi_lo,3.4999975468963385
1309.902165,phi_hi,14.582998119294643
1309.902165,phi_lo,5.209003575146198
1312.906107,phi_hi,33.99999695830047
1312.906107,phi_lo,9.332987247034907
1315.913837,phi_hi,31.792005756869912
1315.913837,phi_lo,8.749979315325618
1318.916084,phi_hi,44.334010453894734
1318.916084,phi_lo,14.707999071106315
1321.923249,phi_hi,35.79101758077741
1321.923249,phi_lo,9.417010005563498
1324.919629,phi_hi,45.16699118539691
1324.919629,phi_lo,14.541001291945577
1327.924835,phi_hi,45.58399086818099
1327.924835,phi_lo,15.084020560607314
1330.928175,phi_hi,122.66699923202395
1330.928175,phi_lo,31.167000997811556
1333.932636,phi_hi,35.6250093318522
1333.932636,phi_lo,8.833012543618679
1336.93425,phi_hi,35.958015359938145
1336.93425,phi_lo,9.499985026195645
1339.940138,phi_hi,23.16699828952551
1339.940138,phi_lo,7.209018804132938
1342.944849,phi_hi,54.58298255689442
1342.944849,phi_lo,14.833000022917986
1345.942231,phi_hi,23.958011297509074
1345.942231,phi_lo,4.0000013541430235
1348.945602,phi_hi,25.917019229382277
1348.945602,phi_lo,8.665985660627484
1351.951577,phi_hi,42.9159845225513
1351.951577,phi_lo,14.625024050474167
1354.955046,phi_hi,40.12498538941145
1354.955046,phi_lo,36.91599704325199
1357.961081,phi_hi,47.62501339428127
1357.961081,phi_lo,15.750003512948751
1360.963469,phi_hi,47.20900324173272
1360.963469,phi_lo,16.292004147544503
1363.965572,phi_hi,35.20800964906812
1363.965572,phi_lo,7.249996997416019
1366.96805,phi_hi,39.292004657909274
1366.96805,phi_lo,12.792006600648165
1369.971603,phi_hi,37.290999898687005
1369.971603,phi_lo,10.87499549612403
1372.97352,phi_hi,42.66700125299394
1372.97352,phi_lo,16.166013665497303
1375.977345,phi_hi,39.87498348578811
1375.977345,phi_lo,11.957978131249547
1378.98194,phi_hi,46.666013076901436
1378.98194,phi_lo,14.166987966746092
1381.983964,phi_hi,39.95801671408117
1381.983964,phi_lo,16.959005733951926
1384.990458,phi_hi,58.29200381413102
1384.990458,phi_lo,9.957992006093264
1387.995282,phi_hi,47.62501339428127
1387.995282,phi_lo,17.416983610019088
1390.997589,phi_hi,40.875020204111934
1390.997589,phi_lo,14.667020877823234
1394.003279,phi_hi,40.79201607964933
1394.003279,phi_lo,14.33398574590683
1397.004371,phi_hi,16.375008272007108
1397.004371,phi_lo,3.4170225262641907
1400.012031,phi_hi,44.91599975153804
1400.012031,phi_lo,15.124998753890395
1403.017344,phi_hi,41.207997128367424
1403.017344,phi_lo,14.625024050474167
1406.018095,phi_hi,42.66700125299394
1406.018095,phi_lo,14.999997802078724
1409.017854,phi_hi,74.95799218304455
1409.017854,phi_lo,24.08298314549029
1412.02214,phi_hi,50.25000427849591
1412.02214,phi_lo,18.582999473437667
1415.026023,phi_hi,70.25001104921103
1415.026023,phi_lo,8.875009370967746
1418.033946,phi_hi,48.62499190494418
1418.033946,phi_lo,19.25000105984509
1421.03303,phi_hi,37.91699418798089
1421.03303,phi_lo,9.916984708979726
1424.038597,phi_hi,51.41599103808403
1424.038597,phi_lo,21.583022316917777
1427.039699,phi_hi,41.08401481062174
1427.039699,phi_lo,15.375000657513738
1430.043836,phi_hi,53.08300023898482
1430.043836,phi_lo,29.41599814221263
1433.048208,phi_hi,40.79099744558334
1433.048208,phi_lo,14.3329962156713
1436.053303,phi_hi,101.33400792255998
1436.053303,phi_lo,125.33401604741812
1439.058726,phi_hi,60.08398486301303
1439.058726,phi_lo,24.74998473189771
1442.055256,phi_hi,28.417009161785245
1442.055256,phi_lo,4.250003257766366
1445.061481,phi_hi,64.4999963697046
1445.061481,phi_lo,25.708985049277544
1448.062559,phi_hi,59.667014284059405
1448.062559,phi_lo,24.74998473189771
1451.065208,phi_hi,65.04097837023437
1451.065208,phi_lo,29.9170205835253
1454.070623,phi_hi,62.291015638038516
1454.070623,phi_lo,25.833986001089215
1457.072298,phi_hi,52.87499516271055
1457.072298,phi_lo,19.166996935382485
1460.076338,phi_hi,51.16598913446069
1460.076338,phi_lo,18.291990272700787
1463.080023,phi_hi,48.291985876858234
1463.080023,phi_lo,20.332983694970608
1466.085194,phi_hi,115.50000635907054
1466.085194,phi_lo,32.54198236390948
1469.086789,phi_hi,38.708996726199985
1469.086789,phi_lo,16.667007002979517
1472.090151,phi_hi,75.33299503847957
1472.090151,phi_lo,28.45900598913431
1475.089595,phi_hi,48.70901466347277
1475.089595,phi_lo,21.082989405840635
1478.092405,phi_hi,62.75001214817166
1478.092405,phi_lo,27.12497371248901
1481.094524,phi_hi,18.54199217632413
1481.094524,phi_lo,4.5000051613897085
1484.100855,phi_hi,62.24997923709452
1484.100855,phi_lo,25.749992346391082
1487.103078,phi_hi,60.291000409051776
1487.103078,phi_lo,25.16701351851225
1490.108782,phi_hi,69.45800851099193
1490.108782,phi_lo,41.54100315645337
1493.11003,phi_hi,58.29101428389549
1493.11003,phi_lo,19.750004867091775
1496.113304,phi_hi,56.87499651685357
1496.113304,phi_lo,19.291997887194157
1499.117377,phi_hi,70.12501009739935
1499.117377,phi_lo,30.166993383318186
1502.120782,phi_hi,55.45798921957612
1502.120782,phi_lo,33.499993151053786
1505.125821,phi_hi,51.834009354934096
1505.125821,phi_lo,20.1669754460454
1508.130551,phi_hi,62.62501119635999
1508.130551,phi_lo,25.999994250014424
1511.135343,phi_hi,78.00001185387373
1511.135343,phi_lo,30.70800448767841
1514.141654,phi_hi,69.37500438652933
1514.141654,phi_lo,44.99999340623617
1517.144222,phi_hi,59.00001269765198
1517.144222,phi_lo,23.500004317611456
1520.149032,phi_hi,65.33399573527277
1520.149032,phi_lo,24.582986952736974
1523.1511,phi_hi,50.458009354770184
1523.1511,phi_lo,14.499993994832039
1526.152846,phi_hi,17.375015886500478
1526.152846,phi_lo,4.62500611320138
1529.153954,phi_hi,33.99999695830047
1529.153954,phi_lo,4.8340007197111845
1532.157378,phi_hi,26.04199107736349
1532.157378,phi_lo,7.374997949227691
1535.161414,phi_hi,80.54199861362576
1535.161414,phi_lo,30.333001632243395
1538.164423,phi_hi,61.458005802705884
1538.164423,phi_lo,25.62499139457941
1541.16551,phi_hi,65.33300620503724
1541.16551,phi_lo,21.249987185001373
1544.162672,phi_hi,18.749997252598405
1544.162672,phi_lo,4.999979864805937
1547.166138,phi_hi,68.16600216552615
1547.166138,phi_lo,27.125002816319466
1550.170412,phi_hi,58.62498073838651
1550.170412,phi_lo,22.04100019298494
1553.168064,phi_hi,33.958000130951405
1553.168064,phi_lo,9.458977729082108
1556.17092,phi_hi,22.74999860674143
1556.17092,phi_lo,8.125003660097718
1559.176809,phi_hi,53.12499706633389
1559.176809,phi_lo,19.83300899155438
1562.17802,phi_hi,269.5840084925294
1562.17802,phi_lo,74.541982030496
1565.181737,phi_hi,45.41699308902025
1565.181737,phi_lo,17.12498487904668
1568.211645,phi_hi,32.3750136885792
1568.211645,phi_lo,13.62498733215034
1571.185092,phi_hi,48.66599920205772
1571.185092,phi_lo,22.541004000231624
1574.187785,phi_hi,48.91600110568106
1574.187785,phi_lo,9.000010322779417
1577.190901,phi_hi,23.250002413988113
1577.190901,phi_lo,15.91601176187396
1580.195681,phi_hi,31.000003218650818
1580.195681,phi_lo,8.95900302566588
1583.198738,phi_hi,24.125009076669812
1583.198738,phi_lo,7.708993507549167
1586.202807,phi_hi,26.124995201826096
1586.202807,phi_lo,5.082983989268541
1589.208759,phi_hi,18.915976397693157
1589.208759,phi_lo,5.249981768429279
1592.212907,phi_hi,36.833982449024916
1592.212907,phi_lo,10.707997716963291
1595.218052,phi_hi,92.4580090213567
1595.218052,phi_lo,23.08297553099692
1598.225578,phi_hi,68.74999962747097
1598.225578,phi_lo,25.16701351851225
1601.227825,phi_hi,35.16700235195458
1601.227825,phi_lo,14.833000022917986
1604.232765,phi_hi,39.25000783056021
1604.232765,phi_lo,10.000017937272787
1607.236846,phi_hi,37.37499355338514
1607.236846,phi_lo,37.999998312443495
1610.238465,phi_hi,52.75002331472933
1610.238465,phi_lo,19.83300899155438
1613.243299,phi_hi,52.5419891346246
1613.243299,phi_lo,22.459018509835005
1616.245617,phi_hi,56.04099715128541
1616.245617,phi_lo,22.459018509835005
1619.249627,phi_hi,64.79100557044148
1619.249627,phi_lo,27.790985768660903
1622.251609,phi_hi,53.87500277720392
1622.251609,phi_lo,20.54101787507534
1625.253515,phi_hi,106.791005237028
1625.253515,phi_lo,22.958003683015704
1628.25524,phi_hi,49.75000047124922
1628.25524,phi_lo,22.500025806948543
1631.259017,phi_hi,63.95799573510885
1631.259017,phi_lo,26.91699774004519
1634.25547,phi_hi,21.583022316917777
1634.25547,phi_lo,5.124980816617608
1637.263498,phi_hi,48.37499000132084
1637.263498,phi_lo,18.83399090729654
1640.271419,phi_hi,54.20797970145941
1640.271419,phi_lo,19.208004232496023
1643.274231,phi_hi,106.58300016075373
1643.274231,phi_lo,31.45798109471798
1646.278607,phi_hi,63.12501500360668
1646.278607,phi_lo,28.915994334965944
1649.278511,phi_hi,53.08300023898482
1649.278511,phi_lo,30.791998142376542
1652.28444,phi_hi,63.584011513739824
1652.28444,phi_lo,28.79102248698473
1655.289992,phi_hi,63.83401341736317
1655.289992,phi_lo,28.499984182417393
1658.292516,phi_hi,84.2090230435133
1658.292516,phi_lo,45.87500006891787
1661.295999,phi_hi,40.624989196658134
1661.295999,phi_lo,16.91700890660286
1664.303414,phi_hi,66.00000779144466
1664.303414,phi_lo,29.624992748722434
1667.304845,phi_hi,64.74999827332795
1667.304845,phi_lo,28.50001328624785
1670.306378,phi_hi,53.45800309441984
1670.306378,phi_lo,24.333014152944088
1673.308075,phi_hi,52.916002459824085
1673.308075,phi_lo,22.124993847683072
1676.308781,phi_hi,61.416998505592346
1676.308781,phi_lo,24.62498378008604
1679.307845,phi_hi,54.66601578518748
1679.307845,phi_lo,25.084009394049644
1682.315147,phi_hi,71.79199019446969
1682.315147,phi_lo,17.749989638105035
1685.311671,phi_hi,19.500002963468432
1685.311671,phi_lo,5.332985892891884
1688.318706,phi_hi,65.75000588782132
1688.318706,phi_lo,12.625008821487427
1691.320218,phi_hi,30.24999750778079
1691.320218,phi_lo,10.29198756441474
1694.324468,phi_hi,32.08301495760679
1694.324468,phi_lo,9.790994226932526
1697.325136,phi_hi,26.583991711959243
1697.325136,phi_lo,8.542003342881799
1700.327469,phi_hi,22.082997020334005
1700.327469,phi_lo,6.832997314631939
1703.3289,phi_hi,39.416016079485416
1703.3289,phi_lo,8.95801349543035
1706.335578,phi_hi,48.87502291239798
1706.335578,phi_lo,18.999999156221747
1709.343844,phi_hi,56.87502562068403
1709.343844,phi_lo,22.499996703118086
1712.346756,phi_hi,64.91699605248868
1712.346756,phi_lo,28.12498132698238
1715.350899,phi_hi,60.79199374653399
1715.350899,phi_lo,24.124979972839355
1718.356244,phi_hi,53.000025218352675
1718.356244,phi_lo,21.041021682322025
1721.359608,phi_hi,65.25000208057463
1721.359608,phi_lo,28.040987672284245
1724.362747,phi_hi,72.49999907799065
1724.362747,phi_lo,26.249996153637767
1727.362709,phi_hi,36.29102138802409
1727.362709,phi_lo,10.207993909716606
1730.367624,phi_hi,36.999990697950125
1730.367624,phi_lo,12.042000889778137
1733.372714,phi_hi,38.50000211969018
1733.372714,phi_lo,8.708011591807008
1736.373271,phi_hi,26.91699774004519
1736.373271,phi_lo,8.25000461190939
1739.381015,phi_hi,67.37498915754259
1739.381015,phi_lo,30.08398925885558
1742.384338,phi_hi,55.957993026822805
1742.384338,phi_lo,21.666986867785454
1745.38326,phi_hi,39.9590062443167
1745.38326,phi_lo,27.083995519205928
1748.386055,phi_hi,54.832984460517764
1748.386055,phi_lo,21.249987185001373
1751.389744,phi_hi,52.75002331472933
1751.389744,phi_lo,22.29100209660828
1754.397061,phi_hi,52.54201823845506
1754.397061,phi_lo,21.500018192455173
1757.39939,phi_hi,24.958018912002444
1757.39939,phi_lo,8.125003660097718
1760.403711,phi_hi,44.50001870281994
1760.403711,phi_lo,9.708019206300378
1763.402772,phi_hi,20.875013433396816
1763.402772,phi_lo,6.332993507385254
1766.408986,phi_hi,48.667017836123705
1766.408986,phi_lo,20.000006770715117
1769.415642,phi_hi,66.62501255050302
1769.415642,phi_lo,27.91700535453856
1772.417189,phi_hi,126.91598385572433
1772.417189,phi_lo,33.99999695830047
1775.414941,phi_hi,25.666988221928477
1775.414941,phi_lo,10.916992323473096
1778.422761,phi_hi,54.20899833552539
1778.422761,phi_lo,20.709005184471607
1781.427854,phi_hi,61.70800770632923
1781.427854,phi_lo,32.08400448784232
1784.425158,phi_hi,26.457972126081586
1784.425158,phi_lo,6.250018486753106
1787.434733,phi_hi,48.3339827042073
1787.434733,phi_lo,21.41698496416211
1790.437101,phi_hi,56.08299397863448
1790.437101,phi_lo,21.74999099224806
1793.441228,phi_hi,50.8330122102052
1793.441228,phi_lo,25.20799171179533
1796.443879,phi_hi,103.45899499952793
1796.443879,phi_lo,46.083005145192146
1799.441557,phi_hi,18.95899185910821
1799.441557,phi_lo,5.792011506855488
1802.452153,phi_hi,56.832999689504504
1802.452153,phi_lo,29.000017093494534
1805.454555,phi_hi,166.6670141275972
1805.454555,phi_lo,27.20800694078207
1808.456982,phi_hi,68.20799899287522
1808.456982,phi_lo,36.62501694634557
1811.462253,phi_hi,32.750016544014215
1811.462253,phi_lo,18.332997569814324
1814.464061,phi_hi,48.62502100877464
1814.464061,phi_lo,16.12497726455331
1817.469306,phi_hi,60.37499406374991
1817.469306,phi_lo,24.625012883916497
1820.470979,phi_hi,73.25000478886068
1820.470979,phi_lo,23.249973310157657
1823.473728,phi_hi,60.62499596737325
1823.473728,phi_lo,21.000014385208488
1826.473803,phi_hi,79.49999417178333
1826.473803,phi_lo,22.70899130962789
1829.479584,phi_hi,46.375003876164556
1829.479584,phi_lo,15.291996533051133
1832.483173,phi_hi,74.50001430697739
1832.483173,phi_lo,17.37498678267002
1835.482021,phi_hi,48.50002005696297
1835.482021,phi_lo,22.041989723220468
1838.487608,phi_hi,44.70799467526376
1838.487608,phi_lo,18.582999473437667
1841.490865,phi_hi,66.24998059123755
1841.490865,phi_lo,29.749993700534105
1844.492171,phi_hi,41.91702464595437
1844.492171,phi_lo,10.709016351029277
1847.496823,phi_hi,39.292004657909274
1847.496823,phi_lo,16.499980119988322
1850.505458,phi_hi,54.665986681357026
1850.505458,phi_lo,22.709020413458347
1853.511576,phi_hi,59.79099660180509
1853.511576,phi_lo,22.66702358610928
1856.506721,phi_hi,52.58299643173814
1856.506721,phi_lo,19.25000105984509
1859.51326,phi_hi,55.04098953679204
1859.51326,phi_lo,50.5829812027514
1862.515126,phi_hi,53.58399357646704
1862.515126,phi_lo,22.541993530467153
1865.514981,phi_hi,49.875001423060894
1865.514981,phi_lo,19.416998839005828
1868.518495,phi_hi,47.33400419354439
1868.518495,phi_lo,19.083003280684352
1871.523674,phi_hi,57.375000324100256
1871.523674,phi_lo,23.083004634827375
1874.527173,phi_hi,52.875024266541004
1874.527173,phi_lo,21.666986867785454
1877.528863,phi_hi,60.24999311193824
1877.528863,phi_lo,16.291014617308974
1880.53427,phi_hi,46.54200165532529
1880.53427,phi_lo,20.709005184471607
1883.534616,phi_hi,28.91701296903193
1883.534616,phi_lo,5.916983354836702
1886.539984,phi_hi,94.41698784939945
1886.539984,phi_lo,380.49998693168163
1889.543946,phi_hi,72.9160092305392
1889.543946,phi_lo,23.250002413988113
1892.550047,phi_hi,124.33400843292475
1892.550047,phi_lo,42.54200030118227
1895.552921,phi_hi,56.666001910343766
1895.552921,phi_lo,23.70899892412126
1898.556427,phi_hi,53.916999604552984
1898.556427,phi_lo,23.833010345697403
1901.561995,phi_hi,58.79098898731172
1901.561995,phi_lo,25.582994567230344
1904.561942,phi_hi,57.41699715144932
1904.561942,phi_lo,22.29100209660828
1907.562167,phi_hi,49.250025767832994
1907.562167,phi_lo,21.9999928958714
1910.570923,phi_hi,89.04098649509251
1910.570923,phi_lo,25.08299075998366
1913.572647,phi_hi,124.0840065293014
1913.572647,phi_lo,34.91598181426525
1916.571751,phi_hi,38.33399387076497
1916.571751,phi_lo,17.83299376256764
1919.575697,phi_hi,56.45799683406949
1919.575697,phi_lo,25.20799171179533
1922.575315,phi_hi,33.8749960064888
1922.575315,phi_lo,7.6669966802001
1925.581912,phi_hi,55.99998985417187
1925.581912,phi_lo,25.415996788069606
1928.582836,phi_hi,58.45801206305623
1928.582836,phi_lo,24.917011614888906
1931.589731,phi_hi,54.917007219046354
1931.589731,phi_lo,22.29199162684381
1934.589012,phi_hi,83.37502367794514
1934.589012,phi_lo,31.66700480505824
1937.587904,phi_hi,29.667018679901958
1937.587904,phi_lo,12.625008821487427
1940.594455,phi_hi,53.08398976922035
1940.594455,phi_lo,45.20898801274598
1943.595855,phi_hi,37.04201662912965
1943.595855,phi_lo,16.24997821636498
1946.602305,phi_hi,106.49999603629112
1946.602305,phi_lo,44.45799277164042
1949.607506,phi_hi,63.624989707022905
1949.607506,phi_lo,27.20800694078207
1952.611613,phi_hi,64.58300049416721
1952.611613,phi_lo,28.37498323060572
1955.614886,phi_hi,138.37500591762364
1955.614886,phi_lo,42.4169993493706
1958.616982,phi_hi,31.208997825160623
1958.616982,phi_lo,13.457989552989602
1961.624876,phi_hi,53.70800499804318
1961.624876,phi_lo,25.333021767437458
1964.626869,phi_hi,36.54201282188296
1964.626869,phi_lo,11.374999303370714
1967.655657,phi_hi,1357.6250057667494
1967.655657,phi_lo,50.41598342359066
1970.633681,phi_hi,72.41600542329252
1970.633681,phi_lo,8.125003660097718
1973.633258,phi_hi,66.20801286771894
1973.633258,phi_lo,20.624982425943017
1976.637637,phi_hi,92.50000584870577
1976.637637,phi_lo,35.41700425557792
1979.641898,phi_hi,63.45799192786217
1979.641898,phi_lo,18.33401620388031
1982.643137,phi_hi,48.33401180803776
1982.643137,phi_lo,23.333006538450718
1985.646757,phi_hi,52.37499135546386
1985.646757,phi_lo,22.8749995585531
1988.653112,phi_hi,46.16699879989028
1988.653112,phi_lo,17.83299376256764
1991.654248,phi_hi,49.41702354699373
1991.654248,phi_lo,103.9999770000577
1994.655482,phi_hi,37.74999640882015
1994.655482,phi_lo,16.000005416572094
1997.660057,phi_hi,30.333001632243395
1997.660057,phi_lo,12.749980669468641
2000.668238,phi_hi,79.54100146889687
2000.668238,phi_lo,20.415987819433212
2003.67048,phi_hi,52.54201823845506
2003.67048,phi_lo,21.292013116180897
2006.671784,phi_hi,34.58300489000976
2006.671784,phi_lo,15.249999705702066
2009.673205,phi_hi,73.87498044408858
2009.673205,phi_lo,27.50000567175448
2012.674197,phi_hi,19.084021914750338
2012.674197,phi_lo,5.457986844703555
2015.680464,phi_hi,43.41697786003351
2015.680464,phi_lo,13.124983524903655
2018.686497,phi_hi,58.707984862849116
2018.686497,phi_lo,25.332992663607
2021.689574,phi_hi,48.87502291239798
2021.689574,phi_lo,22.958003683015704
2024.694587,phi_hi,39.416016079485416
2024.694587,phi_lo,16.250007320195436
2027.698531,phi_hi,31.167000997811556
2027.698531,phi_lo,14.249992091208696
2030.698679,phi_hi,41.37499490752816
2030.698679,phi_lo,17.416023183614016
2033.702034,phi_hi,55.62498699873686
2033.702034,phi_lo,22.249994799494743
2036.70449,phi_hi,51.91602394916117
2036.70449,phi_lo,20.291015971451998
2039.708504,phi_hi,48.79100015386939
2039.708504,phi_lo,22.58300082758069
2042.710524,phi_hi,46.375003876164556
2042.710524,phi_lo,19.12500010803342
2045.711385,phi_hi,33.29099854454398
2045.711385,phi_lo,14.833000022917986
2048.716915,phi_hi,53.08300023898482
2048.716915,phi_lo,20.417006453499198
2051.719946,phi_hi,57.12499842047691
2051.719946,phi_lo,22.791995434090495
2054.725426,phi_hi,47.7090070489794
2054.725426,phi_lo,19.5419997908175
2057.72658,phi_hi,50.583999836817384
2057.72658,phi_lo,29.95799877680838
2060.731221,phi_hi,105.87499127723277
2060.731221,phi_lo,19.083003280684352
2063.734417,phi_hi,58.41700476594269
2063.734417,phi_lo,21.70898369513452
2066.742754,phi_hi,43.9999857917428
2066.742754,phi_lo,15.958998119458556
2069.741594,phi_hi,47.7090070489794
2069.741594,phi_lo,11.29199517890811
2072.743655,phi_hi,33.791991882026196
2072.743655,phi_lo,13.542012311518192
2075.747282,phi_hi,53.16600436344743
2075.747282,phi_lo,21.957996068522334
2078.752094,phi_hi,50.37500523030758
2078.752094,phi_lo,17.45900954119861
2081.756283,phi_hi,65.62500493600965
2081.756283,phi_lo,25.540997739881277
2084.757102,phi_hi,48.62499190494418
2084.757102,phi_lo,18.457998521625996
2087.755924,phi_hi,95.0419926084578
2087.755924,phi_lo,89.75001401267946
2090.761187,phi_hi,46.04199784807861
2090.761187,phi_lo,17.250014934688807
2093.766726,phi_hi,392.1659954357892
2093.766726,phi_lo,34.33399251662195
2096.766076,phi_hi,35.6250093318522
2096.766076,phi_lo,15.249999705702066
2099.775433,phi_hi,61.12499977461994
2099.775433,phi_lo,24.249980924651027
2102.777641,phi_hi,270.9580003283918
2102.777641,phi_lo,29.292015824466944
2105.782954,phi_hi,48.582995077595115
2105.782954,phi_lo,17.667014617472887
2108.782354,phi_hi,35.91700806282461
2108.782354,phi_lo,14.416989870369434
2111.787828,phi_hi,58.95798676647246
2111.787828,phi_lo,26.2079993262887
2114.793966,phi_hi,39.08301005139947
2114.793966,phi_lo,15.166006051003933
2117.795871,phi_hi,51.70798976905644
2117.795871,phi_lo,24.416978703811765
2120.799855,phi_hi,65.04097837023437
2120.799855,phi_lo,21.66701597161591
2123.804968,phi_hi,79.12502042017877
2123.804968,phi_lo,24.33298504911363
2126.806859,phi_hi,49.79100776836276
2126.806859,phi_lo,18.916995031759143
2129.809993,phi_hi,31.083007343113422
2129.809993,phi_lo,13.00001167692244
2132.811585,phi_hi,47.08397318609059
2132.811585,phi_lo,16.91700890660286
2135.813734,phi_hi,24.62498378008604
2135.813734,phi_lo,7.374997949227691
2138.820572,phi_hi,100.29098484665155
2138.820572,phi_lo,41.62502591498196
2141.839086,phi_hi,23.125001462176442
2141.839086,phi_lo,6.582995411008596
2144.823941,phi_hi,80.91700146906078
2144.823941,phi_lo,20.500010577961802
2147.82636,phi_hi,33.2500203512609
2147.82636,phi_lo,13.125012628734112
2150.831878,phi_hi,61.45899533294141
2150.831878,phi_lo,31.916017178446054
2153.834541,phi_hi,52.749994210898876
2153.834541,phi_lo,22.541993530467153
2156.835961,phi_hi,53.87500277720392
2156.835961,phi_lo,23.874978069216013
2159.840049,phi_hi,61.91700231283903
2159.840049,phi_lo,25.874993298202753
2162.843658,phi_hi,71.33299368433654
2162.843658,phi_lo,32.041018130257726
2165.844725,phi_hi,193.91701789572835
2165.844725,phi_lo,10.832998668774962
2168.896104,phi_hi,41.83300188742578
2168.896104,phi_lo,13.91698606312275
2171.847811,phi_hi,21.417014067992568
2171.847811,phi_lo,5.62501372769475
2174.853451,phi_hi,190.7499972730875
2174.853451,phi_lo,26.249996153637767
2177.854987,phi_hi,45.666005462408066
2177.854987,phi_lo,9.791983757168055
2180.86013,phi_hi,54.66700531542301
2180.86013,phi_lo,22.124993847683072
2183.861559,phi_hi,51.499984692782164
2183.861559,phi_lo,21.87499194405973
2186.863553,phi_hi,33.167016226798296
2186.863553,phi_lo,24.87501478753984
2189.867857,phi_hi,29.33401265181601
2189.867857,phi_lo,17.708982340991497
2192.863284,phi_hi,22.207997972145677
2192.863284,phi_lo,6.749993190169334
2195.868678,phi_hi,19.166996935382485
2195.868678,phi_lo,5.624984623864293
2198.869817,phi_hi,55.58299017138779
2198.869817,phi_lo,16.91700890660286
2201.871745,phi_hi,98.99999713525176
2201.871745,phi_lo,24.083012249320745
2204.876109,phi_hi,54.16700150817633
2204.876109,phi_lo,21.29198401235044
2207.878651,phi_hi,58.04200191050768
2207.878651,phi_lo,19.332976080477238
2210.879736,phi_hi,58.5000088904053
2210.879736,phi_lo,21.74999099224806
2213.886329,phi_hi,57.04199429601431
2213.886329,phi_lo,26.16702113300562
2216.889205,phi_hi,49.54199539497495
2216.889205,phi_lo,18.50002445280552
2219.891249,phi_hi,107.08300396800041
2219.891249,phi_lo,23.542001144960523
2222.890979,phi_hi,18.582999473437667
2222.890979,phi_lo,5.375011824071407
2225.893795,phi_hi,22.958003683015704
2225.893795,phi_lo,8.167000487446785
2228.896501,phi_hi,47.291978262364864
2228.896501,phi_lo,11.083990102633834
2231.900538,phi_hi,37.08398435264826
2231.900538,phi_lo,14.91699367761612
2234.90631,phi_hi,32.70900924690068
2234.90631,phi_lo,10.374991688877344
2237.906826,phi_hi,19.99997766688466
2237.906826,phi_lo,6.165995728224516
2240.909481,phi_hi,22.207997972145677
2240.909481,phi_lo,6.04201341047883
2243.912715,phi_hi,54.208008805289865
2243.912715,phi_lo,22.208027075976133
2246.919881,phi_hi,47.54099063575268
2246.919881,phi_lo,16.291975043714046
2249.919147,phi_hi,23.70800939388573
2249.919147,phi_lo,6.707996362820268
2252.920808,phi_hi,44.37501775100827
2252.920808,phi_lo,10.832998668774962
2255.925633,phi_hi,18.95899185910821
2255.925633,phi_lo,5.709007382392883
2258.93077,phi_hi,46.91700451076031
2258.93077,phi_lo,15.875004464760423
2261.933502,phi_hi,32.41599188186228
2261.933502,phi_lo,9.625015081837773
2264.940554,phi_hi,49.66699634678662
2264.940554,phi_lo,19.291008356958628
2267.940727,phi_hi,32.83401019871235
2267.940727,phi_lo,6.208982085809112
2270.94583,phi_hi,40.417013224214315
2270.94583,phi_lo,14.874996850267053
2273.947564,phi_hi,21.333980839699507
2273.947564,phi_lo,6.791990017518401
2276.951623,phi_hi,18.12499249354005
2276.951623,phi_lo,5.250010872259736
2279.953043,phi_hi,20.917010260745883
2279.953043,phi_lo,6.416987162083387
2282.96008,phi_hi,83.99999933317304
2282.96008,phi_lo,33.083982998505235
2285.966293,phi_hi,51.33400554768741
2285.966293,phi_lo,21.041982108727098
2288.968086,phi_hi,34.7500026691705
2288.968086,phi_lo,7.416994776576757
2291.973249,phi_hi,94.832998001948
2291.973249,phi_lo,33.62499410286546
2294.974636,phi_hi,47.54099063575268
2294.974636,phi_lo,22.74999860674143
2297.982204,phi_hi,68.7920255586505
2297.982204,phi_lo,22.833002731204033
2300.985703,phi_hi,54.625008488073945
2300.985703,phi_lo,22.082997020334005
2303.993092,phi_hi,41.04201798327267
2303.993092,phi_lo,14.749995898455381
2306.994488,phi_hi,64.95899287983775
2306.994488,phi_lo,26.2079993262887
2309.996752,phi_hi,48.3339827042073
2309.996752,phi_lo,17.749989638105035
2313.003582,phi_hi,81.04200242087245
2313.003582,phi_lo,34.16699473746121
2316.005509,phi_hi,107.20800491981208
2316.005509,phi_lo,44.333020923659205
2319.007175,phi_hi,30.791008612141013
2319.007175,phi_lo,7.95800588093698
2322.010798,phi_hi,56.54097185470164
2322.010798,phi_lo,23.500004317611456
2325.015153,phi_hi,39.50000973418355
2325.015153,phi_lo,7.7500008046627045
2328.018402,phi_hi,37.54100180231035
2328.018402,phi_lo,16.709003830328584
2331.024816,phi_hi,86.79198799654841
2331.024816,phi_lo,11.416996130719781
2334.02638,phi_hi,95.29199451208115
2334.02638,phi_lo,43.41700696386397
2337.030691,phi_hi,27.958012651652098
2337.030691,phi_lo,15.166995581239462
2340.034114,phi_hi,42.54200030118227
2340.034114,phi_lo,15.666999388486147
2343.041732,phi_hi,67.58299423381686
2343.041732,phi_lo,30.708994017913938
2346.04843,phi_hi,51.166018238291144
2346.04843,phi_lo,19.458006136119366
2349.045875,phi_hi,40.41698412038386
2349.045875,phi_lo,19.583007087931037
2352.049809,phi_hi,104.12500705569983
2352.049809,phi_lo,36.87498974613845
2355.056683,phi_hi,63.082989072427154
2355.056683,phi_lo,29.54198862425983
2358.056841,phi_hi,58.16700286231935
2358.056841,phi_lo,24.999986635521054
2361.06133,phi_hi,66.04098598472774
2361.06133,phi_lo,29.999995604157448
2364.064553,phi_hi,53.20901982486248
2364.064553,phi_lo,22.58399035781622
2367.066497,phi_hi,45.41699308902025
2367.066497,phi_lo,12.290984159335494
2370.066527,phi_hi,30.24999750778079
2370.066527,phi_lo,5.916983354836702
2373.071574,phi_hi,107.20800491981208
2373.071574,phi_lo,42.99997817724943
2376.074154,phi_hi,100.66700633615255
2376.074154,phi_lo,26.166992029175162
2379.072591,phi_hi,27.083995519205928
2379.072591,phi_lo,5.750014679506421
2382.076976,phi_hi,49.0829988848418
2382.076976,phi_lo,19.208004232496023
2385.075874,phi_hi,32.459007343277335
2385.075874,phi_lo,7.458002073690295
2388.085885,phi_hi,66.24998059123755
2388.085885,phi_lo,29.624992748722434
2391.087045,phi_hi,55.415992392227054
2391.087045,phi_lo,12.999982573091984
2394.089696,phi_hi,19.499973859637976
2394.089696,phi_lo,11.333002476021647
2397.097934,phi_hi,169.08301040530205
2397.097934,phi_lo,43.334002839401364
2400.097748,phi_hi,22.541993530467153
2400.097748,phi_lo,6.04201341047883
2403.104446,phi_hi,56.7499955650419
2403.104446,phi_lo,23.00000051036477
2406.104507,phi_hi,25.957997422665358
2406.104507,phi_lo,12.167001841589808
2409.107293,phi_hi,57.375000324100256
2409.107293,phi_lo,26.708003133535385
2412.112597,phi_hi,57.541998103260994
2412.112597,phi_lo,23.625005269423127
2415.117357,phi_hi,38.75000402331352
2415.117357,phi_lo,17.125013982877135
2418.119751,phi_hi,86.87499212101102
2418.119751,phi_lo,36.54201282188296
2421.124437,phi_hi,49.20799983665347
2421.124437,phi_lo,20.12500772252679
2424.128111,phi_hi,65.79101318493485
2424.128111,phi_lo,31.54200385324657
2427.131646,phi_hi,57.29199619963765
2427.131646,phi_lo,24.250010028481483
2430.130899,phi_hi,37.79199323616922
2430.130899,phi_lo,12.167001841589808
2433.137661,phi_hi,47.33301466330886
2433.137661,phi_lo,17.24998583085835
2436.14163,phi_hi,32.74998744018376
2436.14163,phi_lo,13.750017387792468
2439.147611,phi_hi,45.334018068388104
2439.147611,phi_lo,16.12497726455331
2442.146702,phi_hi,29.20901170000434
2442.146702,phi_lo,8.499977411702275
2445.152357,phi_hi,69.3329784553498
2445.152357,phi_lo,33.00001844763756
2448.152645,phi_hi,61.12499977461994
2448.152645,phi_lo,24.374981876462698
2451.158907,phi_hi,94.832998001948
2451.158907,phi_lo,41.417020838707685
2454.161465,phi_hi,46.667002607136965
2454.161465,phi_lo,15.708006685599685
2457.158781,phi_hi,43.249980080872774
2457.158781,phi_lo,7.5830030255019665
2460.160567,phi_hi,65.58399763889611
2460.160567,phi_lo,22.04100019298494
2463.167938,phi_hi,456.91701234318316
2463.167938,phi_lo,432.41700041107833
2466.170757,phi_hi,36.91599704325199
2466.170757,phi_lo,12.666016118600965
2469.173705,phi_hi,21.87499194405973
2469.173705,phi_lo,6.750022293999791
2472.181971,phi_hi,65.79200271517038
2472.181971,phi_lo,29.457994969561696
2475.186448,phi_hi,67.87499296478927
2475.186448,phi_lo,30.041992431506515
2478.191967,phi_hi,55.41701102629304
2478.191967,phi_lo,23.374974261969328
2481.192093,phi_hi,40.99999205209315
2481.192093,phi_lo,17.749989638105035
2484.19445,phi_hi,67.70901381969452
2484.19445,phi_lo,26.749999960884452
2487.199456,phi_hi,38.2089929189533
2487.199456,phi_lo,19.500002963468432
2490.203303,phi_hi,58.5830130148679
2490.203303,phi_lo,24.917011614888906
2493.202464,phi_hi,23.70899892412126
2493.202464,phi_lo,6.499991286545992
2496.276278,phi_hi,230.4170047864318
2496.276278,phi_lo,202.9169991146773
2499.21007,phi_hi,55.832992075011134
2499.21007,phi_lo,19.37500201165676
2502.210415,phi_hi,143.83401139639318
2502.210415,phi_lo,37.3339862562716
2505.209912,phi_hi,38.25000021606684
2505.209912,phi_lo,15.875004464760423
2508.215903,phi_hi,47.5830165669322
2508.215903,phi_lo,25.416986318305135
2511.218982,phi_hi,74.6249861549586
2511.218982,phi_lo,25.874993298202753
2514.223303,phi_hi,56.49999366141856
2514.223303,phi_lo,24.500011932104826
2517.221807,phi_hi,26.66600630618632
2517.221807,phi_lo,6.209011189639568
2520.225098,phi_hi,75.12501906603575
2520.225098,phi_lo,12.625008821487427
2523.224578,phi_hi,59.04200952500105
2523.224578,phi_lo,10.749994544312358
2526.228627,phi_hi,19.292026991024613
2526.228627,phi_lo,6.082991603761911
2529.232712,phi_hi,35.290984669700265
2529.232712,phi_lo,6.04201341047883
2532.23809,phi_hi,29.83299782499671
2532.23809,phi_lo,8.875009370967746
2535.240375,phi_hi,21.665997337549925
2535.240375,phi_lo,8.54101381264627
2538.249289,phi_hi,55.374985095113516
2538.249289,phi_lo,12.58301199413836
2541.250931,phi_hi,21.333980839699507
2541.250931,phi_lo,6.62502134218812
2544.256105,phi_hi,63.66599700413644
2544.256105,phi_lo,9.374984074383974
2547.263245,phi_hi,52.66699008643627
2547.263245,phi_lo,21.41602453775704
2550.266607,phi_hi,55.08400499820709
2550.266607,phi_lo,23.916014470160007
2553.269929,phi_hi,158.6250145919621
2553.269929,phi_lo,48.79100015386939
2556.270626,phi_hi,52.45901411399245
2556.270626,phi_lo,22.416003048419952
2559.27248,phi_hi,64.95800334960222
2559.27248,phi_lo,19.25000105984509
2562.27944,phi_hi,59.75001840852201
2562.27944,phi_lo,23.959000827744603
2565.278174,phi_hi,56.666001910343766
2565.278174,phi_lo,24.249980924651027
2568.284798,phi_hi,53.041992941871285
2568.284798,phi_lo,23.083994165062904
2571.288624,phi_hi,54.292002459988
2571.288624,phi_lo,22.541993530467153
2574.288624,phi_hi,25.125016691163182
2574.288624,phi_lo,5.457986844703555
2577.296678,phi_hi,51.25001189298928
2577.296678,phi_lo,21.957996068522334
2580.295067,phi_hi,26.583002181723714
2580.295067,phi_lo,6.749993190169334
2583.303603,phi_hi,52.70898691378534
2583.303603,phi_lo,21.16599353030324
2586.306337,phi_hi,121.37502199038863
2586.306337,phi_lo,37.49999450519681
2589.306576,phi_hi,25.79099964350462
2589.306576,phi_lo,8.208997314795852
2592.312016,phi_hi,37.12502075359225
2592.312016,phi_lo,12.167001841589808
2595.312214,phi_hi,27.375004719942808
2595.312214,phi_lo,7.124996045604348
2598.318291,phi_hi,36.08298720791936
2598.318291,phi_lo,10.750023648142815
2601.318539,phi_hi,36.87501884996891
2601.318539,phi_lo,10.749994544312358
2604.326148,phi_hi,67.16698408126831
2604.326148,phi_lo,29.458984499797225
2607.32931,phi_hi,43.83301711641252
2607.32931,phi_lo,11.58300437964499
2610.332505,phi_hi,53.333991672843695
2610.332505,phi_lo,22.000021999701858
2613.333366,phi_hi,37.708989111706614
2613.333366,phi_lo,28.207985451444983
2616.336499,phi_hi,50.20899698138237
2616.336499,phi_lo,20.292005501687527
2619.341308,phi_hi,27.24997466430068
2619.341308,phi_lo,7.875001756474376
2622.349085,phi_hi,53.24999801814556
2622.349085,phi_lo,23.58399797230959
2625.351332,phi_hi,64.79199510067701
2625.351332,phi_lo,26.166992029175162
2628.359031,phi_hi,53.58300404623151
2628.359031,phi_lo,22.415973944589496
2631.363164,phi_hi,51.08400364406407
2631.363164,phi_lo,20.66601882688701
2634.364862,phi_hi,56.58398731611669
2634.364862,phi_lo,23.7500062212348
2637.361975,phi_hi,18.749997252598405
2637.361975,phi_lo,5.124980816617608
2640.367749,phi_hi,52.000017603859305
2640.367749,phi_lo,17.708021914586425
2643.368227,phi_hi,40.54099554196
2643.368227,phi_lo,10.87499549612403
2646.374084,phi_hi,66.20900239795446
2646.374084,phi_lo,29.24998989328742
2649.378061,phi_hi,59.29201142862439
2649.378061,phi_lo,22.082997020334005
2652.378592,phi_hi,30.458002584055066
2652.378592,phi_lo,10.124989785254002
2655.379981,phi_hi,44.2500167991966
2655.379981,phi_lo,18.708000425249338
2658.384391,phi_hi,65.87500683963299
2658.384391,phi_lo,29.582995921373367
2661.386856,phi_hi,55.500015150755644
2661.386856,phi_lo,22.8749995585531
2664.423761,phi_hi,44.70799467526376
2664.423761,phi_lo,17.041980754584074
2667.38956,phi_hi,30.750001315027475
2667.38956,phi_lo,9.500014130026102
2670.397911,phi_hi,80.83300781436265
2670.397911,phi_lo,34.791999496519566
2673.399537,phi_hi,52.04201443120837
2673.399537,phi_lo,21.792016923427582
2676.403037,phi_hi,65.0830043014139
2676.403037,phi_lo,28.50001328624785
2679.408683,phi_hi,66.33397424593568
2679.408683,phi_lo,29.583985451608896
2682.409048,phi_hi,36.999990697950125
2682.409048,phi_lo,16.583973774686456
2685.410459,phi_hi,52.37502045929432
2685.410459,phi_lo,20.500010577961802
2688.414546,phi_hi,42.25000157020986
2688.414546,phi_lo,8.790986612439156
2691.418171,phi_hi,30.707975383847952
2691.418171,phi_lo,9.459006832912564
2694.424128,phi_hi,20.709005184471607
2694.424128,phi_lo,5.790992872789502
2697.425838,phi_hi,21.9999928958714
2697.425838,phi_lo,6.041984306648374
2700.43117,phi_hi,18.874998204410076
2700.43117,phi_lo,5.457986844703555
2703.435683,phi_hi,24.124979972839355
2703.435683,phi_lo,7.541995728388429
2706.442902,phi_hi,64.95797424577177
2706.442902,phi_lo,28.79201201722026
2709.440057,phi_hi,35.500008380040526
2709.440057,phi_lo,10.749994544312358
2712.445673,phi_hi,51.87498754821718
2712.445673,phi_lo,21.29198401235044
2715.445295,phi_hi,23.00000051036477
2715.445295,phi_lo,7.499998901039362
2718.448208,phi_hi,31.249976018443704
2718.448208,phi_lo,6.33401214145124
2721.450045,phi_hi,51.20900459587574
2721.450045,phi_lo,21.332991309463978
2724.45529,phi_hi,66.41601794399321
2724.45529,phi_lo,30.791998142376542
2727.455551,phi_hi,26.542023988440633
2727.455551,phi_lo,9.374984074383974
2730.460078,phi_hi,50.875009037554264
2730.460078,phi_lo,22.541993530467153
2733.465155,phi_hi,38.124999264255166
2733.465155,phi_lo,18.54199217632413
2736.4718,phi_hi,51.12501094117761
2736.4718,phi_lo,22.45799987576902
2739.472221,phi_hi,26.66600630618632
2739.472221,phi_lo,5.708017852157354
2742.476782,phi_hi,35.666016628965735
2742.476782,phi_lo,11.249998351559043
2745.481317,phi_hi,48.29201498068869
2745.481317,phi_lo,19.625003915280104
2748.487679,phi_hi,36.37498593889177
2748.487679,phi_lo,12.791977496817708
2751.488851,phi_hi,21.58299321308732
2751.488851,phi_lo,6.665999535471201
2754.494874,phi_hi,37.95800148509443
2754.494874,phi_lo,16.62501017563045
2757.505738,phi_hi,223.54201064445078
2757.505738,phi_lo,71.9579984433949
2760.508292,phi_hi,68.20898852311075
2760.508292,phi_lo,23.625005269423127
2763.511755,phi_hi,133.2090178038925
2763.511755,phi_lo,26.542023988440633
2766.51567,phi_hi,50.417002057656646
2766.51567,phi_lo,21.458981791511178
2769.521592,phi_hi,49.708003643900156
2769.521592,phi_lo,21.249987185001373
2772.523019,phi_hi,64.83300239779055
2772.523019,phi_lo,28.959009796380997
2775.530074,phi_hi,186.1669879872352
2775.530074,phi_lo,85.45798482373357
2778.530934,phi_hi,64.54202230088413
2778.530934,phi_lo,29.667018679901958
2781.533431,phi_hi,47.707988414913416
2781.533431,phi_lo,11.29100564867258
2784.538101,phi_hi,23.667002096772194
2784.538101,phi_lo,7.95800588093698
2787.542867,phi_hi,55.49998604692519
2787.542867,phi_lo,15.083001926541328
2790.542893,phi_hi,31.916017178446054
2790.542893,phi_lo,12.333010090515018
2793.545669,phi_hi,55.1670091226697
2793.545669,phi_lo,13.666984159499407
2796.549881,phi_hi,48.33299317397177
2796.549881,phi_lo,10.9999964479357
2799.554951,phi_hi,60.667021898552775
2799.554951,phi_lo,13.750017387792468
2802.562043,phi_hi,45.29100260697305
2802.562043,phi_lo,17.125013982877135
2805.567264,phi_hi,57.41699715144932
2805.567264,phi_lo,24.66599107719958
2808.572907,phi_hi,65.62500493600965
2808.572907,phi_lo,30.791998142376542
2811.572826,phi_hi,19.08399281091988
2811.572826,phi_lo,5.958019755780697
2814.578085,phi_hi,39.8330157622695
2814.578085,phi_lo,13.374985428526998
2817.582789,phi_hi,39.916980313137174
2817.582789,phi_lo,14.124991139397025
2820.587149,phi_hi,39.16598507203162
2820.587149,phi_lo,12.791977496817708
2823.58879,phi_hi,64.04099985957146
2823.58879,phi_lo,28.208974981680512
2826.590176,phi_hi,49.4590203743428
2826.590176,phi_lo,20.041014067828655
2829.59565,phi_hi,41.66600410826504
2829.59565,phi_lo,14.291988918557763
2832.599799,phi_hi,67.45799328200519
2832.599799,phi_lo,31.957984901964664
2835.600687,phi_hi,51.95799167267978
2835.600687,phi_lo,24.250010028481483
2838.601657,phi_hi,70.33400470390916
2838.601657,phi_lo,36.124984035268426
2841.602503,phi_hi,20.208011846989393
2841.602503,phi_lo,5.832989700138569
2844.609731,phi_hi,56.33299588225782
2844.609731,phi_lo,23.707980290055275
2847.609972,phi_hi,20.000006770715117
2847.609972,phi_lo,6.124988431110978
2850.616955,phi_hi,38.70902583003044
2850.616955,phi_lo,12.33298098668456
2853.619948,phi_hi,33.666990930214524
2853.619948,phi_lo,10.41698851622641
2856.627437,phi_hi,64.16600081138313
2856.627437,phi_lo,27.250003768131137
2859.632407,phi_hi,73.79197631962597
2859.632407,phi_lo,34.87500362098217
2862.634292,phi_hi,70.75001485645771
2862.634292,phi_lo,92.33300806954503
2865.635713,phi_hi,69.87500819377601
2865.635713,phi_lo,30.875002266839147
2868.636104,phi_hi,55.58400880545378
2868.636104,phi_lo,23.208995116874576
2871.639805,phi_hi,57.45800444856286
2871.639805,phi_lo,25.457993615418673
2874.643635,phi_hi,66.1670055706054
2874.643635,phi_lo,27.749978471547365
2877.645582,phi_hi,67.12498725391924
2877.645582,phi_lo,30.458992114290595
2880.650591,phi_hi,68.45800089649856
2880.650591,phi_lo,31.37500607408583
2883.656146,phi_hi,68.04100121371448
2883.656146,phi_lo,31.167000997811556
2886.657643,phi_hi,19.750004867091775
2886.657643,phi_lo,5.999987479299307
2889.66565,phi_hi,67.87499296478927
2889.66565,phi_lo,28.12498132698238
2892.662465,phi_hi,27.125002816319466
2892.662465,phi_lo,8.083006832748652
2895.671671,phi_hi,53.70800499804318
2895.671671,phi_lo,20.915991626679897
2898.674704,phi_hi,64.74999827332795
2898.674704,phi_lo,26.70797402970493
2901.673626,phi_hi,39.624981582164764
2901.673626,phi_lo,10.916002793237567
2904.680965,phi_hi,68.74999962747097
2904.680965,phi_lo,29.45901360362768
2907.680657,phi_hi,64.54202230088413
2907.680657,phi_lo,26.541994884610176
2910.682634,phi_hi,52.37499135546386
2910.682634,phi_lo,18.83300137706101
2913.687488,phi_hi,51.000009989365935
2913.687488,phi_lo,21.95901470258832
2916.692718,phi_hi,68.66699550300837
2916.692718,phi_lo,28.417009161785245
2919.696872,phi_hi,65.75000588782132
2919.696872,phi_lo,28.95799116231501
2922.698518,phi_hi,104.08301022835076
2922.698518,phi_lo,35.83298530429602
2925.697743,phi_hi,34.04199378564954
2925.697743,phi_lo,13.999990187585354
2928.706837,phi_hi,52.332994528114796
2928.706837,phi_lo,16.915990272536874
2931.708706,phi_hi,59.958023484796286
2931.708706,phi_lo,22.958003683015704
2934.712454,phi_hi,55.41701102629304
2934.712454,phi_lo,22.541993530467153
2937.713739,phi_hi,30.24999750778079
2937.713739,phi_lo,13.249984476715326
2940.722371,phi_hi,66.04197551496327
2940.722371,phi_lo,29.33302312158048
2943.719953,phi_hi,41.37499490752816
2943.719953,phi_lo,7.417023880407214
2946.727235,phi_hi,60.58401777409017
2946.727235,phi_lo,25.834015104919672
2949.73103,phi_hi,39.6659888792783
2949.73103,phi_lo,47.79099253937602
2952.736626,phi_hi,68.29199264757335
2952.736626,phi_lo,30.291994335129857
2955.741411,phi_hi,54.7909876331687
2955.741411,phi_lo,21.832995116710663
2958.747634,phi_hi,54.04101102612913
2958.747634,phi_lo,21.70802326872945
2961.752448,phi_hi,55.917014833539724
2961.752448,phi_lo,22.499996703118086
2964.756771,phi_hi,60.166988987475634
2964.756771,phi_lo,23.7500062212348
2967.758264,phi_hi,57.41702625527978
2967.758264,phi_lo,23.500004317611456
2970.762936,phi_hi,63.7920165900141
2970.762936,phi_lo,27.959002181887627
2973.767878,phi_hi,65.16699795611203
2973.767878,phi_lo,28.874987037852407
2976.771221,phi_hi,66.66698027402163
2976.771221,phi_lo,28.542010113596916
2979.774124,phi_hi,66.66698027402163
2979.774124,phi_lo,29.333983547985554
2982.775157,phi_hi,68.29100311733782
2982.775157,phi_lo,27.749978471547365
2985.781721,phi_hi,88.8749782461673
2985.781721,phi_lo,38.9580090995878
2988.78024,phi_hi,26.374997105449438
2988.78024,phi_lo,5.54099096916616
2991.788889,phi_hi,66.45798566751182
2991.788889,phi_lo,30.332972528412938
2994.79215,phi_hi,56.249991757795215
2994.79215,phi_lo,23.208005586639047
2997.794554,phi_hi,54.66700531542301
2997.794554,phi_lo,22.958003683015704
3000.793089,phi_hi,52.12501855567098
3000.793089,phi_lo,22.499996703118086
3003.795902,phi_hi,39.040984120219946
3003.795902,phi_lo,12.33298098668456
3006.797639,phi_hi,57.33300349675119
3006.797639,phi_lo,23.500004317611456
3009.800817,phi_hi,53.750001825392246
3009.800817,phi_lo,21.499989088624716
3012.80479,phi_hi,68.58399137854576
3012.80479,phi_lo,30.416005756706
3015.807138,phi_hi,50.25000427849591
3015.807138,phi_lo,20.000006770715117
3018.805325,phi_hi,33.16599759273231
3018.805325,phi_lo,14.749995898455381
3021.812789,phi_hi,59.582991525530815
3021.812789,phi_lo,24.959008442237973
3024.816753,phi_hi,68.6249986756593
3024.816753,phi_lo,29.9170205835253
3027.820979,phi_hi,81.29200432449579
3027.820979,phi_lo,31.12500417046249
3030.823228,phi_hi,54.83301356434822
3030.823228,phi_lo,23.00000051036477
3033.826729,phi_hi,49.583002692088485
3033.826729,phi_lo,23.833999875932932
3036.82963,phi_hi,63.70802293531597
3036.82963,phi_lo,29.457994969561696
3039.831351,phi_hi,22.917025489732623
3039.831351,phi_lo,5.707988748326898
3042.837841,phi_hi,71.24998955987394
3042.837841,phi_lo,30.91702819801867
3045.84169,phi_hi,52.749994210898876
3045.84169,phi_lo,20.12500772252679
3048.847678,phi_hi,54.1249755769968
3048.847678,phi_lo,20.70798655040562
3051.846704,phi_hi,55.41698192246258
3051.846704,phi_lo,59.04198042117059
3054.848763,phi_hi,30.291994335129857
3054.848763,phi_lo,12.00000406242907
3057.854449,phi_hi,44.12501584738493
3057.854449,phi_lo,17.458020010963082
3060.859601,phi_hi,52.87499516271055
3060.859601,phi_lo,19.834027625620365
3063.858481,phi_hi,30.12499655596912
3063.858481,phi_lo,12.041011359542608
3066.860748,phi_hi,49.0829988848418
3066.860748,phi_lo,19.5419997908175
3069.860008,phi_hi,159.1669861227274
3069.860008,phi_lo,44.87502155825496
3072.86262,phi_hi,49.62499951943755
3072.86262,phi_lo,20.74998337775469
3075.866471,phi_hi,44.00001489557326
3075.866471,phi_lo,12.208009138703346
3078.883227,phi_hi,48.49999095313251
3078.883227,phi_lo,15.333003830164671
3081.874359,phi_hi,28.958020266145468
3081.874359,phi_lo,9.208015399053693
3084.880657,phi_hi,31.54200385324657
3084.880657,phi_lo,12.58301199413836
3087.88772,phi_hi,44.99999340623617
3087.88772,phi_lo,16.749982023611665
3090.88807,phi_hi,20.166015019640326
3090.88807,phi_lo,12.250005966052413
3093.888464,phi_hi,25.874993298202753
3093.888464,phi_lo,6.374990334734321
3096.896827,phi_hi,34.33399251662195
3096.896827,phi_lo,15.833997167646885
3099.898374,phi_hi,63.37498780339956
3099.898374,phi_lo,25.49999044276774
3102.901753,phi_hi,33.74999505467713
3102.901753,phi_lo,13.167009456083179
3105.904483,phi_hi,54.58400119096041
3105.904483,phi_lo,22.541993530467153
3108.910315,phi_hi,55.12498319149017
3108.910315,phi_lo,25.04198346287012
3111.925265,phi_hi,33.249991247430444
3111.925265,phi_lo,9.750016033649445
3114.932167,phi_hi,64.37502452172339
3114.932167,phi_lo,26.249996153637767
3117.935677,phi_hi,80.79200051724911
3117.935677,phi_lo,31.500007025897503
3120.937294,phi_hi,73.95900320261717
3120.937294,phi_lo,14.290999388322234
3123.939824,phi_hi,21.70898369513452
3123.939824,phi_lo,5.416019121184945
3126.945622,phi_hi,37.2079957742244
3126.945622,phi_lo,13.70901009067893
3129.948708,phi_hi,36.87498974613845
3129.948708,phi_lo,15.833007637411356
3133.005403,phi_hi,52.45799547992647
3133.005403,phi_lo,14.416989870369434
3136.007711,phi_hi,19.458006136119366
3136.007711,phi_lo,5.707988748326898
3139.014256,phi_hi,48.91699063591659
3139.014256,phi_lo,18.582999473437667
3142.019487,phi_hi,48.4580232296139
3142.019487,phi_lo,17.749989638105035
3145.022538,phi_hi,38.45800529234111
3145.022538,phi_lo,14.625024050474167
3148.019613,phi_hi,36.49998689070344
3148.019613,phi_lo,14.542019926011562
3151.028102,phi_hi,54.917007219046354
3151.028102,phi_lo,17.95799471437931
3154.031569,phi_hi,56.37502181343734
3154.031569,phi_lo,22.332998923957348
3157.036533,phi_hi,48.24998904950917
3157.036533,phi_lo,20.74998337775469
3160.042514,phi_hi,50.33399793319404
3160.042514,phi_lo,20.66601882688701
3163.047568,phi_hi,62.33400199562311
3163.047568,phi_lo,25.832996470853686
3166.050048,phi_hi,65.50000398419797
3166.050048,phi_lo,27.542002499103546
3169.053288,phi_hi,53.37499896995723
3169.053288,phi_lo,23.00000051036477
3172.054408,phi_hi,62.50001024454832
3172.054408,phi_lo,12.91697844862938
3175.054562,phi_hi,28.04200630635023
3175.054562,phi_lo,8.917006198316813
3178.057831,phi_hi,30.08398925885558
3178.057831,phi_lo,12.375006917864084
3181.059914,phi_hi,51.08301411382854
3181.059914,phi_lo,16.79200795479119
3184.059786,phi_hi,19.458006136119366
3184.059786,phi_lo,5.959009286016226
3187.069544,phi_hi,86.54201519675553
3187.069544,phi_lo,43.70798706077039
3190.070981,phi_hi,66.91599264740944
3190.070981,phi_lo,32.25001273676753
3193.076239,phi_hi,54.500007536262274
3193.076239,phi_lo,26.91699774004519
3196.079917,phi_hi,88.83301052264869
3196.079917,phi_lo,32.74998744018376
3199.076647,phi_hi,19.416998839005828
3199.076647,phi_lo,6.95799826644361
3202.08467,phi_hi,56.416000006720424
3202.08467,phi_lo,25.20799171179533
3205.08298,phi_hi,42.625004425644875
3205.08298,phi_lo,8.750008419156075
3208.085448,phi_hi,20.957988454028964
3208.085448,phi_lo,6.292015314102173
3211.091009,phi_hi,18.916995031759143
3211.091009,phi_lo,5.667010555043817
3214.098842,phi_hi,70.04200597293675
3214.098842,phi_lo,31.25000512227416
3217.101591,phi_hi,57.6250022277236
3217.101591,phi_lo,26.541005354374647
3220.10087,phi_hi,54.292002459988
3220.10087,phi_lo,24.582986952736974
3223.10699,phi_hi,78.8329925853759
3223.10699,phi_lo,27.166999643668532
3226.105759,phi_hi,21.29198401235044
3226.105759,phi_lo,6.541988113895059
3229.114518,phi_hi,55.832992075011134
3229.114518,phi_lo,21.207990357652307
3232.118581,phi_hi,287.29200130328536
3232.118581,phi_lo,17.959013348445296
3235.120152,phi_hi,55.37501419894397
3235.120152,phi_lo,22.124993847683072
3238.122431,phi_hi,37.291989428922534
3238.122431,phi_lo,21.791987819597125
3241.127563,phi_hi,50.583010306581855
3241.127563,phi_lo,21.332991309463978
3244.129317,phi_hi,48.79198968410492
3244.129317,phi_lo,21.16698306053877
3247.132094,phi_hi,51.20801506564021
3247.132094,phi_lo,21.167012164369226
3250.135443,phi_hi,34.29199568927288
3250.135443,phi_lo,6.958987796679139
3253.14112,phi_hi,51.37501284480095
3253.14112,phi_lo,21.000014385208488
3256.14493,phi_hi,54.249976528808475
3256.14493,phi_lo,22.916006855666637
3259.151136,phi_hi,57.50000127591193
3259.151136,phi_lo,22.58300082758069
3262.155831,phi_hi,67.29099550284445
3262.155831,phi_lo,31.333009246736765
3265.154645,phi_hi,33.95898966118693
3265.154645,phi_lo,15.666999388486147
3268.159434,phi_hi,70.54200978018343
3268.159434,phi_lo,21.167012164369226
3271.161044,phi_hi,19.208004232496023
3271.161044,phi_lo,5.709007382392883
3274.165331,phi_hi,52.20901221036911
3274.165331,phi_lo,22.58300082758069
3277.16995,phi_hi,54.00000372901559
3277.16995,phi_lo,22.500025806948543
3280.175512,phi_hi,73.9170063752681
3280.175512,phi_lo,28.458016458898783
3283.176678,phi_hi,34.79100996628404
3283.176678,phi_lo,15.458994312211871
3286.178175,phi_hi,50.834001740440726
3286.178175,phi_lo,20.875013433396816
3289.184738,phi_hi,47.33400419354439
3289.184738,phi_lo,23.29199924133718
3292.184042,phi_hi,45.666994992643595
3292.184042,phi_lo,17.75001874193549
3295.186061,phi_hi,55.042008170858026
3295.186061,phi_lo,22.082997020334005
3298.189089,phi_hi,48.08299127034843
3298.189089,phi_lo,16.2090000230819
3301.19362,phi_hi,87.50002598389983
3301.19362,phi_lo,21.83401375077665
3304.198888,phi_hi,64.95899287983775
3304.198888,phi_lo,25.709014153108
3307.203214,phi_hi,55.62498699873686
3307.203214,phi_lo,17.41599407978356
3310.205462,phi_hi,69.12500248290598
3310.205462,phi_lo,30.291004804894328
3313.208131,phi_hi,47.20801371149719
3313.208131,phi_lo,16.833015251904726
3316.207927,phi_hi,33.41701813042164
3316.207927,phi_lo,13.957993360236287
3319.208757,phi_hi,60.00002031214535
3319.208757,phi_lo,27.20800694078207
3322.211199,phi_hi,23.209024220705032
3322.211199,phi_lo,7.875001756474376
3325.217627,phi_hi,49.9580055475235
3325.217627,phi_lo,19.45902477018535
3328.222,phi_hi,65.54200081154704
3328.222,phi_lo,30.915980460122228
3331.227241,phi_hi,50.37500523030758
3331.227241,phi_lo,20.916981156915426
3334.231305,phi_hi,63.4159951005131
3334.231305,phi_lo,17.167010810226202
3337.23136,phi_hi,37.74999640882015
3337.23136,phi_lo,11.958996765315533
3340.23568,phi_hi,65.79101318493485
3340.23568,phi_lo,26.541994884610176
3343.237927,phi_hi,33.12499029561877
3343.237927,phi_lo,13.582990504801273
3346.240862,phi_hi,28.709007892757654
3346.240862,phi_lo,8.99998121894896
3349.246863,phi_hi,27.79200440272689
3349.246863,phi_lo,8.625007467344403
3352.255103,phi_hi,70.33301517367363
3352.255103,phi_lo,32.042007660493255
3355.259534,phi_hi,56.62499461323023
3355.259534,phi_lo,22.833002731204033
3358.258638,phi_hi,56.334014516323805
3358.258638,phi_lo,22.8749995585531
3361.260032,phi_hi,42.4169993493706
3361.260032,phi_lo,11.8750031106174
3364.267031,phi_hi,69.12500248290598
3364.267031,phi_lo,31.000003218650818
3367.268078,phi_hi,50.75000808574259
3367.268078,phi_lo,23.958011297509074
3370.271885,phi_hi,52.87499516271055
3370.271885,phi_lo,21.166022634133697
3373.271814,phi_hi,34.249998861923814
3373.271814,phi_lo,6.249989382922649
3376.278823,phi_hi,51.292008720338345
3376.278823,phi_lo,22.499996703118086
3379.285013,phi_hi,84.66700091958046
3379.285013,phi_lo,17.290993127971888
3382.289248,phi_hi,57.04199429601431
3382.289248,phi_lo,23.375003365799785
3385.294163,phi_hi,74.0000104997307
3385.294163,phi_lo,23.792003048583865
3388.29404,phi_hi,59.04101999476552
3388.29404,phi_lo,25.917019229382277
3391.293192,phi_hi,19.08399281091988
3391.293192,phi_lo,13.792014215141535
3394.299777,phi_hi,51.584007451310754
3394.299777,phi_lo,21.16698306053877
3397.307079,phi_hi,52.292016334831715
3397.307079,phi_lo,18.708000425249338
3400.310969,phi_hi,51.79198342375457
3400.310969,phi_lo,20.209001377224922
3403.309847,phi_hi,40.20801861770451
3403.309847,phi_lo,12.791017070412636
3406.311627,phi_hi,37.291989428922534
3406.311627,phi_lo,13.167009456083179
3409.313969,phi_hi,25.08299075998366
3409.313969,phi_lo,6.332993507385254
3412.318681,phi_hi,34.58300489000976
3412.318681,phi_lo,14.958990504965186
3415.322971,phi_hi,28.874987037852407
3415.322971,phi_lo,7.7500008046627045
3418.324586,phi_hi,28.582988306879997
3418.324586,phi_lo,6.624992238357663
3421.329922,phi_hi,19.500002963468432
3421.329922,phi_lo,5.958019755780697
3424.335461,phi_hi,23.582979338243604
3424.335461,phi_lo,6.874994141981006
3427.336924,phi_hi,52.040995797142386
3427.336924,phi_lo,16.166974091902375
3430.341486,phi_hi,65.62500493600965
3430.341486,phi_lo,31.12500417046249
3433.345614,phi_hi,84.16600758209825
3433.345614,phi_lo,31.792005756869912
3436.348446,phi_hi,27.958012651652098
3436.348446,phi_lo,8.791976142674685
3439.350215,phi_hi,24.290988221764565
3439.350215,phi_lo,8.167000487446785
3442.355837,phi_hi,39.66700751334429
3442.355837,phi_lo,7.624999852851033
3445.359896,phi_hi,51.834009354934096
3445.359896,phi_lo,9.99998883344233
3448.362736,phi_hi,53.58300404623151
3448.362736,phi_lo,22.416003048419952
3451.365694,phi_hi,33.334014005959034
3451.365694,phi_lo,8.500006515532732
3454.36911,phi_hi,25.457993615418673
3454.36911,phi_lo,15.666999388486147
3457.370857,phi_hi,26.749999960884452
3457.370857,phi_lo,9.99998883344233
3460.372927,phi_hi,26.041001547127962
3460.372927,phi_lo,6.165995728224516
3463.375496,phi_hi,27.875008527189493
3463.375496,phi_lo,7.958995411172509
3466.379951,phi_hi,23.625005269423127
3466.379951,phi_lo,7.540977094322443
3469.382942,phi_hi,54.54200436361134
3469.382942,phi_lo,26.91600820980966
3472.388896,phi_hi,51.624985644593835
3472.388896,phi_lo,19.291997887194157
3475.387927,phi_hi,19.25000105984509
3475.387927,phi_lo,5.875015631318092
3478.39054,phi_hi,39.29098602384329
3478.39054,phi_lo,12.042000889778137
3481.392754,phi_hi,24.58400558680296
3481.392754,phi_lo,8.458009688183665
3484.398845,phi_hi,92.50000584870577
3484.398845,phi_lo,32.04098902642727
3487.404031,phi_hi,46.33399657905102
3487.404031,phi_lo,22.958993213251233
3490.406107,phi_hi,48.08398080058396
3490.406107,phi_lo,7.291993824765086
3493.41037,phi_hi,19.333005184307694
3493.41037,phi_lo,5.375011824071407
3496.41658,phi_hi,50.458009354770184
3496.41658,phi_lo,20.25000867433846
3499.42223,phi_hi,51.04101728647947
3499.42223,phi_lo,23.20797648280859
3502.420714,phi_hi,23.333996068686247
3502.420714,phi_lo,8.292001439258456
3505.427231,phi_hi,40.458980947732925
3505.427231,phi_lo,13.125012628734112
3508.430588,phi_hi,55.12501229532063
3508.430588,phi_lo,24.91599298082292
3511.434024,phi_hi,35.6250093318522
3511.434024,phi_lo,9.916984708979726
3514.441144,phi_hi,49.91699825040996
3514.441144,phi_lo,18.499995348975062
3517.441446,phi_hi,52.749994210898876
3517.441446,phi_lo,19.83300899155438
3520.445992,phi_hi,36.29102138802409
3520.445992,phi_lo,14.500023098662496
3523.451242,phi_hi,46.62497667595744
3523.451242,phi_lo,16.33400097489357
3526.455562,phi_hi,56.41698953695595
3526.455562,phi_lo,22.000021999701858
3529.460995,phi_hi,51.33301601745188
3529.460995,phi_lo,23.333006538450718
3532.464449,phi_hi,81.1249774415046
3532.464449,phi_lo,28.084003133699298
3535.467876,phi_hi,38.91601227223873
3535.467876,phi_lo,13.833021512255073
3538.465668,phi_hi,19.08399281091988
3538.465668,phi_lo,5.583016900345683
3541.46762,phi_hi,26.249996153637767
3541.46762,phi_lo,8.99998121894896
3544.471184,phi_hi,19.12500010803342
3544.471184,phi_lo,6.874994141981006
3547.478246,phi_hi,52.916002459824085
3547.478246,phi_lo,22.499996703118086
3550.48107,phi_hi,45.08302663452923
3550.48107,phi_lo,16.83298614807427
3553.482877,phi_hi,69.7920040693134
3553.482877,phi_lo,30.791008612141013
3556.486041,phi_hi,37.290999898687005
3556.486041,phi_lo,13.124983524903655
3559.489677,phi_hi,51.207985961809754
3559.489677,phi_lo,22.000021999701858
3562.495939,phi_hi,47.375011490657926
3562.495939,phi_lo,18.874998204410076
3565.492861,phi_hi,62.45900294743478
3565.492861,phi_lo,27.66697434708476
3568.498665,phi_hi,51.08298500999808
3568.498665,phi_lo,20.958977984264493
3571.501453,phi_hi,30.666007660329342
3571.501453,phi_lo,8.95801349543035
3574.505664,phi_hi,25.62499139457941
3574.505664,phi_lo,6.33401214145124
3577.514525,phi_hi,62.207982409745455
3577.514525,phi_lo,26.583991711959243
3580.515819,phi_hi,50.417002057656646
3580.515819,phi_lo,22.292020730674267
3583.520326,phi_hi,52.458985010161996
3583.520326,phi_lo,23.00000051036477
3586.523076,phi_hi,37.4580267816782
3586.523076,phi_lo,12.70900247618556
3589.526127,phi_hi,32.54201146773994
3589.526127,phi_lo,14.416000340133905
3592.527755,phi_hi,20.625011529773474
3592.527755,phi_lo,13.166980352252722
3595.532212,phi_hi,38.33300434052944
3595.532212,phi_lo,7.875001756474376
3598.534767,phi_hi,24.125009076669812
3598.534767,phi_lo,8.95801349543035
3601.535778,phi_hi,30.333001632243395
3601.535778,phi_lo,10.87499549612403
3604.536014,phi_hi,33.249991247430444
3604.536014,phi_lo,10.374991688877344
3607.542907,phi_hi,68.66597686894238
3607.542907,phi_lo,15.124998753890395
3610.544418,phi_hi,36.083016311749816
3610.544418,phi_lo,11.249998351559043
3613.549855,phi_hi,44.41698547452688
3613.549855,phi_lo,16.91700890660286
3616.55777,phi_hi,58.29200381413102
3616.55777,phi_lo,28.041977202519774
3619.555469,phi_hi,21.458021365106106
3619.555469,phi_lo,7.4160052463412285
3622.564667,phi_hi,54.58301166072488
3622.564667,phi_lo,23.58300844207406
3625.567093,phi_hi,52.417017286643386
3625.567093,phi_lo,20.625011529773474
3628.567671,phi_hi,129.74999845027924
3628.567671,phi_lo,41.99999966658652
3631.571413,phi_hi,54.83400309458375
3631.571413,phi_lo,23.58399797230959
3634.570743,phi_hi,54.08300785347819
3634.570743,phi_lo,21.875021047890186
3637.574507,phi_hi,79.45898687466979
3637.574507,phi_lo,31.083007343113422
3640.578691,phi_hi,37.62499545700848
3640.578691,phi_lo,17.24998583085835
3643.587159,phi_hi,58.62500984221697
3643.587159,phi_lo,23.792003048583865
3646.587442,phi_hi,20.750012481585145
3646.587442,phi_lo,6.624992238357663
3649.591411,phi_hi,19.041006453335285
3649.591411,phi_lo,6.040994776412845
3652.593944,phi_hi,29.000017093494534
3652.593944,phi_lo,5.832989700138569
3655.59846,phi_hi,63.16698272712529
3655.59846,phi_lo,23.250002413988113
3658.599663,phi_hi,49.833994125947356
3658.599663,phi_lo,19.95800994336605
3661.606935,phi_hi,66.08301191590726
3661.606935,phi_lo,30.24999750778079
3664.61172,phi_hi,67.9170188959688
3664.61172,phi_lo,30.540977604687214
3667.615744,phi_hi,66.87501445412636
3667.615744,phi_lo,29.166985768824816
3670.620585,phi_hi,66.37498154304922
3670.620585,phi_lo,29.582995921373367
3673.619781,phi_hi,24.542008759453893
3673.619781,phi_lo,7.6669966802001
3676.625756,phi_hi,20.166015019640326
3676.625756,phi_lo,6.082991603761911
3679.630801,phi_hi,116.70900858007371
3679.630801,phi_lo,130.58300828561187
3682.63419,phi_hi,49.37499761581421
3682.63419,phi_lo,18.916995031759143
3685.633823,phi_hi,50.5829812027514
3685.633823,phi_lo,20.832987502217293
3688.639823,phi_hi,20.79200930893421
3688.639823,phi_lo,6.749993190169334
3691.642376,phi_hi,50.583010306581855
3691.642376,phi_lo,23.667002096772194
3694.648784,phi_hi,55.16698001883924
3694.648784,phi_lo,23.58399797230959
3697.649384,phi_hi,51.66602204553783
3697.649384,phi_lo,21.082989405840635
3700.651101,phi_hi,39.1670037060976
3700.651101,phi_lo,12.584001524373889
3703.652654,phi_hi,37.54199133254588
3703.652654,phi_lo,12.87501072511077
3706.657508,phi_hi,52.99999611452222
3706.657508,phi_lo,21.83401375077665
3709.660003,phi_hi,52.87499516271055
3709.660003,phi_lo,24.084001779556274
3712.664592,phi_hi,56.7499955650419
3712.664592,phi_lo,18.749997252598405
3715.661769,phi_hi,35.54200520738959
3715.661769,phi_lo,15.541008906438947
3718.671321,phi_hi,52.45799547992647
3718.671321,phi_lo,22.292020730674267
3721.672708,phi_hi,367.6250053104013
3721.672708,phi_lo,109.99999358318746
3724.674082,phi_hi,29.79201963171363
3724.674082,phi_lo,7.791008101776242
3727.673367,phi_hi,24.040986318141222
3727.673367,phi_lo,6.167014362290502
3730.677347,phi_hi,29.624992748722434
3730.677347,phi_lo,6.9160014390945435
3733.684756,phi_hi,53.83300594985485
3733.684756,phi_lo,20.70798655040562
3736.687435,phi_hi,33.54198997840285
3736.687435,phi_lo,22.459018509835005
3739.688102,phi_hi,61.79200136102736
3739.688102,phi_lo,27.125002816319466
3742.690548,phi_hi,22.74999860674143
3742.690548,phi_lo,5.750014679506421
3745.695703,phi_hi,56.45799683406949
3745.695703,phi_lo,24.62498378008604
3748.700156,phi_hi,63.74999065883458
3748.700156,phi_lo,29.08302121795714
3751.702323,phi_hi,45.37502536550164
3751.702323,phi_lo,12.707983842119575
3754.708402,phi_hi,49.708003643900156
3754.708402,phi_lo,19.79200169444084
3757.713412,phi_hi,56.666991440579295
3757.713412,phi_lo,22.124993847683072
3760.718712,phi_hi,65.45800715684891
3760.718712,phi_lo,28.79201201722026
3763.717862,phi_hi,40.749990148469806
3763.717862,phi_lo,12.167001841589808
3766.71984,phi_hi,44.957996578887105
3766.71984,phi_lo,15.458004781976342
3769.720541,phi_hi,233.99997735396028
3769.720541,phi_lo,43.957988964393735
3772.724728,phi_hi,54.58298255689442
3772.724728,phi_lo,93.79201219417155
3775.723963,phi_hi,85.12497879564762
3775.723963,phi_lo,17.332989955320954
3778.728923,phi_hi,48.999994760379195
3778.728923,phi_lo,19.750004867091775
3781.728202,phi_hi,20.500010577961802
3781.728202,phi_lo,5.417008651420474
3784.735111,phi_hi,90.04198363982141
3784.735111,phi_lo,31.083007343113422
3787.734756,phi_hi,20.249979570508003
3787.734756,phi_lo,6.417016265913844
3790.739306,phi_hi,48.582995077595115
3790.739306,phi_lo,15.62500256113708
3793.743814,phi_hi,87.3749959282577
3793.743814,phi_lo,26.374997105449438
3796.744146,phi_hi,64.16699034161866
3796.744146,phi_lo,28.50001328624785
3799.745396,phi_hi,50.624978030100465
3799.745396,phi_lo,17.916987417265773
3802.753052,phi_hi,55.58299017138779
3802.753052,phi_lo,21.791987819597125
3805.75257,phi_hi,149.9159843660891
3805.75257,phi_lo,64.70800144597888
3808.754273,phi_hi,54.45801070891321
3808.754273,phi_lo,23.250002413988113
3811.761597,phi_hi,37.79199323616922
3811.761597,phi_lo,12.708012945950031
3814.766009,phi_hi,64.416992245242
3814.766009,phi_lo,29.165996238589287
3817.767696,phi_hi,50.62500713393092
3817.767696,phi_lo,20.83400613628328
3820.768949,phi_hi,20.584004232659936
3820.768949,phi_lo,5.500012775883079
3823.773864,phi_hi,23.04100780747831
3823.773864,phi_lo,5.583016900345683
3826.781337,phi_hi,70.04098733887076
3826.781337,phi_lo,23.58300844207406
3829.782403,phi_hi,38.833997678011656
3829.782403,phi_lo,12.750009773299098
3832.782097,phi_hi,41.333987610414624
3832.782097,phi_lo,31.957984901964664
3835.783297,phi_hi,34.62500171735883
3835.783297,phi_lo,14.499993994832039
3838.783221,phi_hi,25.416986318305135
3838.783221,phi_lo,7.7500008046627045
3841.789828,phi_hi,66.08400144614279
3841.789828,phi_lo,29.582995921373367
3844.79144,phi_hi,44.99999340623617
3844.79144,phi_lo,14.958000974729657
3847.796947,phi_hi,132.45799345895648
3847.796947,phi_lo,109.83398533426225
3850.798118,phi_hi,98.54199015535414
3850.798118,phi_lo,40.29099363833666
3853.799452,phi_hi,51.08397454023361
3853.799452,phi_lo,13.083015801385045
3856.806861,phi_hi,63.916988437995315
3856.806861,phi_lo,10.3750207927078
3859.805216,phi_hi,56.666001910343766
3859.805216,phi_lo,13.458018656820059
3862.808631,phi_hi,20.54101787507534
3862.808631,phi_lo,5.95799065195024
3865.812321,phi_hi,26.08299837447703
3865.812321,phi_lo,7.95800588093698
3868.822893,phi_hi,69.91601549088955
3868.822893,phi_lo,22.916996385902166
3871.827068,phi_hi,67.7499920129776
3871.827068,phi_lo,30.458992114290595
3874.827012,phi_hi,49.166003009304404
3874.827012,phi_lo,20.70801565423608
3877.83051,phi_hi,29.458984499797225
3877.83051,phi_lo,12.167001841589808
3880.838445,phi_hi,65.0830043014139
3880.838445,phi_lo,27.834001230075955
3883.838514,phi_hi,19.500002963468432
3883.838514,phi_lo,6.041984306648374
3886.843449,phi_hi,29.62502185255289
3886.843449,phi_lo,10.417017620056868
3889.846779,phi_hi,21.583022316917777
3889.846779,phi_lo,6.708985893055797
3892.859405,phi_hi,50.9590026922524
3892.859405,phi_lo,20.41601692326367
3895.860242,phi_hi,51.50001379661262
3895.860242,phi_lo,21.832995116710663
3898.863311,phi_hi,58.667006669566035
3898.863311,phi_lo,22.45799987576902
3901.867195,phi_hi,73.33297980949283
3901.867195,phi_lo,61.12499977461994
3904.867998,phi_hi,29.749993700534105
3904.867998,phi_lo,7.7500008046627045
3907.871752,phi_hi,18.583989003673196
3907.871752,phi_lo,5.66698145121336
3910.880823,phi_hi,134.25000361166894
3910.880823,phi_lo,32.16598997823894
3913.885561,phi_hi,61.66700040921569
3913.885561,phi_lo,26.666995836421847
3916.888846,phi_hi,35.124976420775056
3916.888846,phi_lo,14.165998436510563
3919.891531,phi_hi,59.54099469818175
3919.891531,phi_lo,11.91598130390048
3922.895279,phi_hi,54.625008488073945
3922.895279,phi_lo,22.249994799494743
3925.896991,phi_hi,27.250003768131137
3925.896991,phi_lo,12.499978765845299
3928.903361,phi_hi,53.16699389368296
3928.903361,phi_lo,24.41700780764222
3931.90669,phi_hi,1827.1669978275895
3931.90669,phi_lo,27.875008527189493
3934.902042,phi_hi,19.208004232496023
3934.902042,phi_lo,6.000016583129764
3937.913489,phi_hi,51.66599294170737
3937.913489,phi_lo,24.45801510475576
3940.913157,phi_hi,55.58299017138779
3940.913157,phi_lo,22.70899130962789
3943.91524,phi_hi,38.79200085066259
3943.91524,phi_lo,12.458011042326689
3946.917296,phi_hi,24.500011932104826
3946.917296,phi_lo,7.875001756474376
3949.924775,phi_hi,53.499999921768904
3949.924775,phi_lo,22.292020730674267
3952.928953,phi_hi,91.33398998528719
3952.928953,phi_lo,13.666984159499407
3955.932737,phi_hi,46.667002607136965
3955.932737,phi_lo,18.499995348975062
3958.93346,phi_hi,62.24997923709452
3958.93346,phi_lo,8.66700429469347
3961.937291,phi_hi,28.332986403256655
3961.937291,phi_lo,9.000010322779417
3964.946071,phi_hi,62.5409884378314
3964.946071,phi_lo,27.458008844405413
3967.944775,phi_hi,59.50001650489867
3967.944775,phi_lo,25.91699012555182
3970.944781,phi_hi,69.45899804122746
3970.944781,phi_lo,30.95899592153728
3973.9476,phi_hi,35.04200140014291
3973.9476,phi_lo,15.458004781976342
3976.951757,phi_hi,48.707996029406786
3976.951757,phi_lo,19.834027625620365
3979.957988,phi_hi,41.624996811151505
3979.957988,phi_lo,16.04200224392116
3982.962677,phi_hi,55.666983826085925
3982.962677,phi_lo,23.333996068686247
3985.96227,phi_hi,31.917006708681583
3985.96227,phi_lo,13.209006283432245
3988.966244,phi_hi,32.95802162028849
3988.966244,phi_lo,13.91698606312275
3991.964551,phi_hi,22.833992261439562
3991.964551,phi_lo,7.333990652114153
3994.972281,phi_hi,69.500005338341
3994.972281,phi_lo,30.916009563952684
3997.971092,phi_hi,36.209006793797016
3997.971092,phi_lo,12.625008821487427
4000.977171,phi_hi,53.95800690166652
4000.977171,phi_lo,24.58400558680296
4003.978838,phi_hi,25.291985366493464
4003.978838,phi_lo,6.542017217725515
4006.979847,phi_hi,23.87500717304647
4006.979847,phi_lo,9.99998883344233
4009.988978,phi_hi,90.74999252334237
4009.988978,phi_lo,38.87497587129474
4012.992,phi_hi,53.79098001867533
4012.992,phi_lo,18.33302667364478
