t,phase,timestamp_ns,temperature,heater_on,lid_open,max_T,min_T
0.0,preheat,1786021286095970000,29.39598864383147,1,0,,
3.00297,preheat,1786021289098940000,29.15954334025355,1,0,39.0,36.0
6.005992,preheat,1786021292101962000,29.16753911947775,1,0,39.0,36.0
9.010958,preheat,1786021295106928000,29.166436075965485,1,0,39.0,36.0
12.011435,preheat,1786021298107405000,29.061826863839283,1,0,39.0,36.0
15.018121,preheat,1786021301114091000,28.903812856607185,1,0,39.0,36.0
18.020973,preheat,1786021304116943000,29.057984626424236,1,0,39.0,36.0
21.029416,preheat,1786021307125386000,29.032301532397575,1,0,39.0,36.0
24.030788,preheat,1786021310126758000,28.878010036833803,1,0,39.0,36.0
27.034061,preheat,1786021313130031000,28.663356357477728,1,0,39.0,36.0
30.037541,preheat,1786021316133511000,28.702560484500175,1,0,39.0,36.0
33.040766,preheat,1786021319136736000,28.56346952343283,1,0,39.0,36.0
36.042619,preheat,1786021322138589000,28.65590177002467,1,0,39.0,36.0
39.047872,preheat,1786021325143842000,28.73854216971808,1,0,39.0,36.0
42.049034,preheat,1786021328145004000,28.8055040839192,1,0,39.0,36.0
45.049934,preheat,1786021331145904000,28.79627784086177,1,0,39.0,36.0
48.052084,preheat,1786021334148054000,28.875700123359355,1,0,39.0,36.0
51.055391,preheat,1786021337151361000,28.990680890076657,1,0,39.0,36.0
54.056173,preheat,1786021340152143000,29.15532534910556,1,0,39.0,36.0
57.058664,preheat,1786021343154634000,29.182020080960108,1,0,39.0,36.0
60.061039,preheat,1786021346157009000,29.190764612530035,1,0,39.0,36.0
63.062324,preheat,1786021349158294000,29.333531390815402,1,0,39.0,36.0
66.065794,preheat,1786021352161764000,29.455519273411422,1,0,39.0,36.0
69.071714,preheat,1786021355167684000,29.391469503895326,1,0,39.0,36.0
72.0738,preheat,1786021358169770000,29.443309235202893,1,0,39.0,36.0
75.078958,preheat,1786021361174928000,29.40879976045709,1,0,39.0,36.0
78.081162,preheat,1786021364177132000,29.590992463596578,1,0,39.0,36.0
81.086455,preheat,1786021367182425000,29.447901567254082,1,0,39.0,36.0
84.087446,preheat,1786021370183416000,29.436597032936653,1,0,39.0,36.0
87.091413,preheat,1786021373187383000,29.33552617186183,1,0,39.0,36.0
90.095714,preheat,1786021376191684000,29.303320647670212,1,0,39.0,36.0
93.099995,preheat,1786021379195965000,29.427575084125984,1,0,39.0,36.0
96.099813,preheat,1786021382195783000,29.24532689648391,1,0,39.0,36.0
99.103612,preheat,1786021385199582000,29.220312171844,1,0,39.0,36.0
102.102274,preheat,1786021388198244000,29.2259072283277,1,0,39.0,36.0
105.111511,preheat,1786021391207481000,29.24974633788007,1,0,39.0,36.0
108.116379,preheat,1786021394212349000,29.13796850299322,1,0,39.0,36.0
111.117293,preheat,1786021397213263000,29.094563506833985,1,0,39.0,36.0
114.119894,preheat,1786021400215864000,29.105232238437626,1,0,39.0,36.0
117.127384,preheat,1786021403223354000,29.347312862124053,1,0,39.0,36.0
120.128598,preheat,1786021406224568000,29.35785690736297,1,0,39.0,36.0
123.133939,preheat,1786021409229909000,29.25328959921772,1,0,39.0,36.0
126.138737,preheat,1786021412234707000,29.209037100358316,1,0,39.0,36.0
129.143403,preheat,1786021415239373000,29.21748797463711,1,0,39.0,36.0
132.143534,preheat,1786021418239504000,29.205736296757397,1,0,39.0,36.0
135.144054,preheat,1786021421240024000,29.236767765474315,1,0,39.0,36.0
138.148383,preheat,1786021424244353000,29.267809501338775,1,0,39.0,36.0
141.151059,preheat,1786021427247029000,29.271229258841178,1,0,39.0,36.0
144.15173,preheat,1786021430247700000,29.29734855379288,1,0,39.0,36.0
147.154548,preheat,1786021433250518000,29.248795319513356,1,0,39.0,36.0
150.155731,preheat,1786021436251701000,29.325072362311126,1,0,39.0,36.0
153.157283,preheat,1786021439253253000,29.26589229055742,1,0,39.0,36.0
156.160433,preheat,1786021442256403000,29.34562002056318,1,0,39.0,36.0
159.173922,preheat,1786021445269892000,29.192043233224677,1,0,39.0,36.0
162.186666,preheat,1786021448282636000,29.418174471022546,1,0,39.0,36.0
165.191047,preheat,1786021451287017000,29.39633626208857,1,0,39.0,36.0
168.201327,preheat,1786021454297297000,29.522168420096566,1,0,39.0,36.0
171.211971,preheat,1786021457307941000,29.488553199627002,1,0,39.0,36.0
174.220064,preheat,1786021460316034000,29.62182236879695,1,0,39.0,36.0
177.224528,preheat,1786021463320498000,29.845237831679373,1,0,39.0,36.0
180.232164,preheat,1786021466328134000,29.8455915415733,1,0,39.0,36.0
183.235971,preheat,1786021469331941000,30.034410086084854,1,0,39.0,36.0
186.238698,preheat,1786021472334668000,30.11053526464425,1,0,39.0,36.0
189.245911,preheat,1786021475341881000,30.037318622763316,1,0,39.0,36.0
192.253096,preheat,1786021478349066000,30.07589618842378,1,0,39.0,36.0
195.26361,preheat,1786021481359580000,30.293750523425814,1,0,39.0,36.0
198.271362,preheat,1786021484367332000,30.45256647649808,1,0,39.0,36.0
201.275896,preheat,1786021487371866000,30.181168476739757,1,0,39.0,36.0
204.283418,preheat,1786021490379388000,30.24612415028621,1,0,39.0,36.0
207.29282,preheat,1786021493388790000,30.14804999364428,1,0,39.0,36.0
210.294486,preheat,1786021496390456000,30.22462226882438,1,0,39.0,36.0
213.296948,preheat,1786021499392918000,30.227811874353996,1,0,39.0,36.0
216.305298,preheat,1786021502401268000,30.30041211973109,1,0,39.0,36.0
219.309236,preheat,1786021505405206000,30.543783059377528,1,0,39.0,36.0
222.317858,preheat,1786021508413828000,30.573478741280212,1,0,39.0,36.0
225.322152,preheat,1786021511418122000,30.729253680574722,1,0,39.0,36.0
228.331037,preheat,1786021514427007000,30.86721290126525,1,0,39.0,36.0
231.333963,preheat,1786021517429933000,30.928400992114184,1,0,39.0,36.0
234.338701,preheat,1786021520434671000,31.092523570087124,1,0,39.0,36.0
237.346142,preheat,1786021523442112000,31.192712750499116,1,0,39.0,36.0
240.359731,preheat,1786021526455701000,31.303601575288845,1,0,39.0,36.0
243.367684,preheat,1786021529463654000,31.33868941495147,1,0,39.0,36.0
246.374019,preheat,1786021532469989000,31.432718676799894,1,0,39.0,36.0
249.383158,preheat,1786021535479128000,31.343189948884433,1,0,39.0,36.0
252.383857,preheat,1786021538479827000,31.264083021555766,1,0,39.0,36.0
255.386829,preheat,1786021541482799000,31.371979964673024,1,0,39.0,36.0
258.396349,preheat,1786021544492319000,31.50071103574151,1,0,39.0,36.0
261.404982,preheat,1786021547500952000,31.417207944244222,1,0,39.0,36.0
264.411003,preheat,1786021550506973000,31.43636672321983,1,0,39.0,36.0
267.42429,preheat,1786021553520260000,31.407042430827445,1,0,39.0,36.0
270.429459,preheat,1786021556525429000,31.524843750312353,1,0,39.0,36.0
273.433663,preheat,1786021559529633000,31.58711748344825,1,0,39.0,36.0
276.436791,preheat,1786021562532761000,31.569469257399454,1,0,39.0,36.0
279.438689,preheat,1786021565534659000,31.686047582585424,1,0,39.0,36.0
282.442735,preheat,1786021568538705000,31.852348708875844,1,0,39.0,36.0
285.451185,preheat,1786021571547155000,31.960439781962627,1,0,39.0,36.0
288.462406,preheat,1786021574558376000,32.35038149522955,1,0,39.0,36.0
291.471499,preheat,1786021577567469000,32.35746169152493,1,0,39.0,36.0
294.474455,preheat,1786021580570425000,32.652107885966146,1,0,39.0,36.0
297.482268,preheat,1786021583578238000,32.78270995888379,1,0,39.0,36.0
300.483475,preheat,1786021586579445000,32.892751821962314,1,0,39.0,36.0
303.492575,preheat,1786021589588545000,32.85196448012023,1,0,39.0,36.0
306.496967,preheat,1786021592592937000,32.87303043491201,1,0,39.0,36.0
309.506849,preheat,1786021595602819000,32.99943033787558,1,0,39.0,36.0
312.510386,preheat,1786021598606356000,32.96254667450181,1,0,39.0,36.0
315.520514,preheat,1786021601616484000,32.935781930919674,1,0,39.0,36.0
318.531136,preheat,1786021604627106000,33.00273368067459,1,0,39.0,36.0
321.537474,preheat,1786021607633444000,33.083143202635185,1,0,39.0,36.0
324.540295,preheat,1786021610636265000,33.16050839342216,1,0,39.0,36.0
327.549327,preheat,1786021613645297000,33.34247254784263,1,0,39.0,36.0
330.559204,preheat,1786021616655174000,33.407574029172316,1,0,39.0,36.0
333.562867,preheat,1786021619658837000,33.467270630193724,1,0,39.0,36.0
336.574645,preheat,1786021622670615000,33.54170877100617,1,0,39.0,36.0
339.575245,preheat,1786021625671215000,33.735390941783635,1,0,39.0,36.0
342.584922,preheat,1786021628680892000,33.867569629759004,1,0,39.0,36.0
345.590222,preheat,1786021631686192000,33.834879141569104,1,0,39.0,36.0
348.591849,preheat,1786021634687819000,33.964858955999354,1,0,39.0,36.0
351.601759,preheat,1786021637697729000,33.84059878838538,1,0,39.0,36.0
354.61111,preheat,1786021640707080000,34.0395049277242,1,0,39.0,36.0
357.613939,preheat,1786021643709909000,33.97818004012309,1,0,39.0,36.0
360.620478,preheat,1786021646716448000,34.19710545887856,1,0,39.0,36.0
363.623605,preheat,1786021649719575000,34.26067949627564,1,0,39.0,36.0
366.632928,preheat,1786021652728898000,34.20694964850385,1,0,39.0,36.0
369.638207,preheat,1786021655734177000,34.22437372807394,1,0,39.0,36.0
372.649272,preheat,1786021658745242000,34.331841505431825,1,0,39.0,36.0
375.651005,preheat,1786021661746975000,34.393609779934785,1,0,39.0,36.0
378.65273,preheat,1786021664748700000,34.365301827114344,1,0,39.0,36.0
381.66537,preheat,1786021667761340000,34.370540424643536,1,0,39.0,36.0
384.669182,preheat,1786021670765152000,34.50013310313909,1,0,39.0,36.0
387.676552,preheat,1786021673772522000,34.47510350504772,1,0,39.0,36.0
390.685689,preheat,1786021676781659000,34.27033094338894,1,0,39.0,36.0
393.684748,preheat,1786021679780718000,34.28416459228906,1,0,39.0,36.0
396.692729,preheat,1786021682788699000,34.28112818265585,1,0,39.0,36.0
399.701653,preheat,1786021685797623000,34.321905023673196,1,0,39.0,36.0
402.709893,preheat,1786021688805863000,34.41091181383082,1,0,39.0,36.0
405.719289,preheat,1786021691815259000,34.458484155480235,1,0,39.0,36.0
408.726177,preheat,1786021694822147000,34.51885444126736,1,0,39.0,36.0
411.733359,preheat,1786021697829329000,34.54774605477361,1,0,39.0,36.0
414.744797,preheat,1786021700840767000,34.5645422207483,1,0,39.0,36.0
417.748435,preheat,1786021703844405000,34.68684048951226,1,0,39.0,36.0
420.759994,preheat,1786021706855964000,34.72496719022046,1,0,39.0,36.0
423.756951,preheat,1786021709852921000,34.62270783215335,1,0,39.0,36.0
426.766677,preheat,1786021712862647000,34.94287404204923,1,0,39.0,36.0
429.773964,preheat,1786021715869934000,34.87553553766905,1,0,39.0,36.0
432.780969,preheat,1786021718876939000,34.92063580287204,1,0,39.0,36.0
435.788723,preheat,1786021721884693000,34.8693748134843,1,0,39.0,36.0
438.796893,preheat,1786021724892863000,35.045081915705225,1,0,39.0,36.0
441.80627,preheat,1786021727902240000,35.170788447977834,1,0,39.0,36.0
444.812895,preheat,1786021730908865000,35.098115627328966,1,0,39.0,36.0
447.821061,preheat,1786021733917031000,35.30562242986769,1,0,39.0,36.0
450.824573,preheat,1786021736920543000,35.17871880104546,1,0,39.0,36.0
453.82845,preheat,1786021739924420000,35.111146611556485,1,0,39.0,36.0
456.839489,preheat,1786021742935459000,35.20016586431387,1,0,39.0,36.0
459.84783,preheat,1786021745943800000,35.21623253462615,1,0,39.0,36.0
462.857708,preheat,1786021748953678000,35.3063052552442,1,0,39.0,36.0
465.86766,preheat,1786021751963630000,35.26186792591804,1,0,39.0,36.0
468.87352,preheat,1786021754969490000,35.360832622237105,1,0,39.0,36.0
471.884448,preheat,1786021757980418000,35.24356539262746,1,0,39.0,36.0
474.891099,preheat,1786021760987069000,35.46212782133998,1,0,39.0,36.0
477.90122,preheat,1786021763997190000,35.32485064662078,1,0,39.0,36.0
480.912859,preheat,1786021767008829000,35.411553516907134,1,0,39.0,36.0
483.921641,preheat,1786021770017611000,35.424971569564924,1,0,39.0,36.0
486.926727,preheat,1786021773022697000,35.584650275272125,1,0,39.0,36.0
489.933921,preheat,1786021776029891000,35.73868008317997,1,0,39.0,36.0
492.943396,preheat,1786021779039366000,35.71534572697339,1,0,39.0,36.0
495.951692,preheat,1786021782047662000,35.82567184035843,1,0,39.0,36.0
498.960681,preheat,1786021785056651000,36.01773787481702,1,0,39.0,36.0
501.969553,warmup,1786021788065523000,36.04295296088012,1,0,39.0,36.0
504.970443,warmup,1786021791066413000,35.93817101976981,1,0,39.0,36.0
507.973158,warmup,1786021794069128000,36.00140302959237,1,0,39.0,36.0
510.982908,warmup,1786021797078878000,36.039186115107434,1,0,39.0,36.0
513.989668,warmup,1786021800085638000,36.09850207748748,1,0,39.0,36.0
516.99349,warmup,1786021803089460000,36.1274967073197,1,0,39.0,36.0
519.99294,warmup,1786021806088910000,36.25946217493202,1,0,39.0,36.0
522.996333,warmup,1786021809092303000,36.263810298078894,1,0,39.0,36.0
526.007735,warmup,1786021812103705000,36.36456769002079,1,0,39.0,36.0
529.011281,warmup,1786021815107251000,36.50666238848422,1,0,39.0,36.0
532.017587,warmup,1786021818113557000,36.651605527912295,1,0,39.0,36.0
535.02718,warmup,1786021821123150000,36.724473629474836,1,0,39.0,36.0
538.024571,warmup,1786021824120541000,36.746488556621024,1,0,39.0,36.0
541.030015,warmup,1786021827125985000,36.70919495471818,1,0,39.0,36.0
544.033029,warmup,1786021830128999000,36.83515442969375,1,0,39.0,36.0
547.033267,warmup,1786021833129237000,36.8397280608804,1,0,39.0,36.0
550.034273,warmup,1786021836130243000,36.82741081077062,1,0,39.0,36.0
553.037558,warmup,1786021839133528000,36.93123782438289,1,0,39.0,36.0
556.041045,warmup,1786021842137015000,37.14232969482767,1,0,39.0,36.0
559.043333,warmup,1786021845139303000,37.1476096697752,1,0,39.0,36.0
562.047754,warmup,1786021848143724000,37.26239087124171,1,0,39.0,36.0
565.046275,warmup,1786021851142245000,37.026409096914705,1,0,39.0,36.0
568.053857,warmup,1786021854149827000,37.12768673689858,1,0,39.0,36.0
571.054769,warmup,1786021857150739000,37.293929414348824,1,0,39.0,36.0
574.059969,warmup,1786021860155939000,37.52937492056476,1,0,39.0,36.0
577.061725,warmup,1786021863157695000,37.687012629149166,1,0,39.0,36.0
580.068419,warmup,1786021866164389000,37.74471278163302,1,0,39.0,36.0
583.072172,warmup,1786021869168142000,37.79171232581246,1,0,39.0,36.0
586.073661,warmup,1786021872169631000,37.9146717014871,1,0,39.0,36.0
589.078887,warmup,1786021875174857000,37.83879676702102,1,0,39.0,36.0
592.081822,warmup,1786021878177792000,37.755920139239635,1,0,39.0,36.0
595.089956,warmup,1786021881185926000,37.840257956093716,1,0,39.0,36.0
598.090346,warmup,1786021884186316000,37.99412561456308,1,0,39.0,36.0
601.095027,warmup,1786021887190997000,38.03451111211217,1,0,39.0,36.0
604.094209,warmup,1786021890190179000,38.134441116375136,1,0,39.0,36.0
607.100294,warmup,1786021893196264000,37.99419708330074,1,0,39.0,36.0
610.104126,warmup,1786021896200096000,37.91908503293555,1,0,39.0,36.0
613.111228,warmup,1786021899207198000,38.09381649856829,1,0,39.0,36.0
616.110123,warmup,1786021902206093000,38.34901254298204,1,0,39.0,36.0
619.118565,warmup,1786021905214535000,38.30626790804446,1,0,39.0,36.0
622.123297,warmup,1786021908219267000,38.241454982157954,1,0,39.0,36.0
625.127822,warmup,1786021911223792000,38.29251506116361,1,0,39.0,36.0
628.12939,warmup,1786021914225360000,38.29650988848019,1,0,39.0,36.0
631.133113,warmup,1786021917229083000,38.30340082430675,1,0,39.0,36.0
634.133574,warmup,1786021920229544000,38.19500731709523,1,0,39.0,36.0
637.136742,warmup,1786021923232712000,38.01096216881448,1,0,39.0,36.0
640.139817,warmup,1786021926235787000,38.039448591772384,1,0,39.0,36.0
643.143221,warmup,1786021929239191000,37.852163078310355,1,0,39.0,36.0
646.144752,warmup,1786021932240722000,38.08448611521915,1,0,39.0,36.0
649.14763,warmup,1786021935243600000,37.87207949494636,1,0,39.0,36.0
652.14908,warmup,1786021938245050000,37.794619489960034,1,0,39.0,36.0
655.149765,warmup,1786021941245735000,37.94152439601117,1,0,39.0,36.0
658.15684,warmup,1786021944252810000,38.12192156282591,1,0,39.0,36.0
661.156166,warmup,1786021947252136000,38.04787434931937,1,0,39.0,36.0
664.155426,warmup,1786021950251396000,38.23604687866228,1,0,39.0,36.0
667.162286,warmup,1786021953258256000,38.35358254427067,1,0,39.0,36.0
670.16097,warmup,1786021956256940000,38.46795431893662,1,0,39.0,36.0
673.166564,warmup,1786021959262534000,38.55393872377467,1,0,39.0,36.0
676.177255,warmup,1786021962273225000,38.59608982644077,1,0,39.0,36.0
679.175147,warmup,1786021965271117000,38.598305316790174,1,0,39.0,36.0
682.186783,warmup,1786021968282753000,38.75322234651643,1,0,39.0,36.0
685.181714,warmup,1786021971277684000,38.81372079496989,1,0,39.0,36.0
688.184839,warmup,1786021974280809000,38.70077174498789,1,0,39.0,36.0
691.187341,warmup,1786021977283311000,38.61717703299451,1,0,39.0,36.0
694.189362,warmup,1786021980285332000,38.46166024877092,1,0,39.0,36.0
697.191066,warmup,1786021983287036000,38.61314382091657,1,0,39.0,36.0
700.196915,warmup,1786021986292885000,38.74943138959464,1,0,39.0,36.0
703.200158,warmup,1786021989296128000,38.795960554533494,1,0,39.0,36.0
706.203095,warmup,1786021992299065000,38.899276811643034,1,0,39.0,36.0
709.207124,warmup,1786021995303094000,38.796597776395025,1,0,39.0,36.0
712.206346,warmup,1786021998302316000,38.85974363663466,1,0,39.0,36.0
715.207061,warmup,1786022001303031000,38.853858715118854,1,0,39.0,36.0
718.210866,warmup,1786022004306836000,38.912646356097206,1,0,39.0,36.0
721.212939,warmup,1786022007308909000,38.87542941300651,1,0,39.0,36.0
724.217031,warmup,1786022010313001000,38.950507473027116,1,0,39.0,36.0
727.223111,warmup,1786022013319081000,39.09440332289912,1,0,39.0,36.0
730.224145,warmup,1786022016320115000,39.23543150569237,0,0,39.0,36.0
733.225116,warmup,1786022019321086000,39.34217070468394,0,0,39.0,36.0
736.229723,warmup,1786022022325693000,39.099781280371026,0,0,39.0,36.0
739.231882,warmup,1786022025327852000,39.279571087111954,0,0,39.0,36.0
742.235511,warmup,1786022028331481000,39.4762795820357,0,0,39.0,36.0
745.237866,warmup,1786022031333836000,39.43548274458614,0,0,39.0,36.0
748.242422,warmup,1786022034338392000,39.65177424249245,0,0,39.0,36.0
751.240961,warmup,1786022037336931000,39.56981327772501,0,0,39.0,36.0
754.244486,warmup,1786022040340456000,39.5774838816127,0,0,39.0,36.0
757.244548,warmup,1786022043340518000,39.67306168456374,0,0,39.0,36.0
760.247809,warmup,1786022046343779000,39.782300371022764,0,0,39.0,36.0
763.252275,warmup,1786022049348245000,39.90843664725543,0,0,39.0,36.0
766.252698,warmup,1786022052348668000,39.88678233242229,0,0,39.0,36.0
769.254715,warmup,1786022055350685000,39.78988017991717,0,0,39.0,36.0
772.260159,warmup,1786022058356129000,39.81673546084408,0,0,39.0,36.0
775.26346,warmup,1786022061359430000,39.7625529751781,0,0,39.0,36.0
778.26706,warmup,1786022064363030000,39.63096360840255,0,0,39.0,36.0
781.270851,warmup,1786022067366821000,39.59633025760812,0,0,39.0,36.0
784.274502,warmup,1786022070370472000,39.668263258477644,0,0,39.0,36.0
787.276748,warmup,1786022073372718000,39.51268193305132,0,0,39.0,36.0
790.282778,warmup,1786022076378748000,39.41463757697273,0,0,39.0,36.0
793.285084,warmup,1786022079381054000,39.40647317267548,0,0,39.0,36.0
796.293654,warmup,1786022082389624000,39.59988220435075,0,0,39.0,36.0
799.296151,warmup,1786022085392121000,39.712448784144286,0,0,39.0,36.0
802.299734,warmup,1786022088395704000,39.5591253728649,0,0,39.0,36.0
805.308193,warmup,1786022091404163000,39.60986266723238,0,0,39.0,36.0
808.313818,warmup,1786022094409788000,39.68674125810804,0,0,39.0,36.0
811.315574,warmup,1786022097411544000,39.55417213881487,0,0,39.0,36.0
814.318861,warmup,1786022100414831000,39.512853874618685,0,0,39.0,36.0
817.321745,warmup,1786022103417715000,39.346116114231435,0,0,39.0,36.0
820.323373,warmup,1786022106419343000,39.268202691525964,0,0,39.0,36.0
823.330991,warmup,1786022109426961000,39.253153336144024,0,0,39.0,36.0
826.327402,warmup,1786022112423372000,39.2449674026937,0,0,39.0,36.0
829.332944,warmup,1786022115428914000,39.3384517419279,0,0,39.0,36.0
832.445953,warmup,1786022118541923000,39.48264945481776,0,0,39.0,36.0
835.340459,warmup,1786022121436429000,39.378189940508655,0,0,39.0,36.0
838.343935,warmup,1786022124439905000,39.215630470240576,0,0,39.0,36.0
841.344311,warmup,1786022127440281000,39.3315726091226,0,0,39.0,36.0
844.352719,warmup,1786022130448689000,39.17904889939727,0,0,39.0,36.0
847.350828,warmup,1786022133446798000,39.1097088144498,0,0,39.0,36.0
850.359006,warmup,1786022136454976000,39.08929652675469,0,0,39.0,36.0
853.365052,warmup,1786022139461022000,39.14167989844404,0,0,39.0,36.0
856.369808,warmup,1786022142465778000,39.049971089612235,0,0,39.0,36.0
859.37134,warmup,1786022145467310000,38.829189809344484,0,0,39.0,36.0
862.37185,warmup,1786022148467820000,38.92097229439545,0,0,39.0,36.0
865.374852,warmup,1786022151470822000,38.93611338077511,0,0,39.0,36.0
868.381416,warmup,1786022154477386000,38.95893867452513,0,0,39.0,36.0
871.383802,warmup,1786022157479772000,38.902399872701274,0,0,39.0,36.0
874.386073,warmup,1786022160482043000,38.9005467690643,0,0,39.0,36.0
877.390131,warmup,1786022163486101000,38.83189794741222,0,0,39.0,36.0
880.39519,warmup,1786022166491160000,39.03531389987876,0,0,39.0,36.0
883.401714,warmup,1786022169497684000,38.94496279963889,0,0,39.0,36.0
886.398802,warmup,1786022172494772000,38.8883529678817,0,0,39.0,36.0
889.401042,warmup,1786022175497012000,38.86081911321332,0,0,39.0,36.0
892.405243,warmup,1786022178501213000,38.79586272089399,0,0,39.0,36.0
895.4053,warmup,1786022181501270000,38.71323411316511,0,0,39.0,36.0
898.409312,warmup,1786022184505282000,38.72081742912353,0,0,39.0,36.0
901.412526,warmup,1786022187508496000,38.580039763577346,0,0,39.0,36.0
904.412031,warmup,1786022190508001000,38.60417566956753,0,0,39.0,36.0
907.415466,warmup,1786022193511436000,38.60470642233489,0,0,39.0,36.0
910.421643,warmup,1786022196517613000,38.5770048812194,0,0,39.0,36.0
913.420334,warmup,1786022199516304000,38.34978804168786,0,0,39.0,36.0
916.426593,warmup,1786022202522563000,38.209165351697585,0,0,39.0,36.0
919.431208,warmup,1786022205527178000,38.23566877450823,0,0,39.0,36.0
922.436017,warmup,1786022208531987000,38.288945756614254,0,0,39.0,36.0
925.438655,warmup,1786022211534625000,38.2404153761679,0,0,39.0,36.0
928.442231,warmup,1786022214538201000,38.1489723616652,0,0,39.0,36.0
931.447815,warmup,1786022217543785000,37.950816186216144,0,0,39.0,36.0
934.453612,warmup,1786022220549582000,37.77168354635313,0,0,39.0,36.0
937.457071,warmup,1786022223553041000,37.65657266096243,0,0,39.0,36.0
940.462319,warmup,1786022226558289000,37.522328244944575,0,0,39.0,36.0
943.461868,warmup,1786022229557838000,37.49216964154275,0,0,39.0,36.0
946.466625,warmup,1786022232562595000,37.389919857079434,0,0,39.0,36.0
949.468002,warmup,1786022235563972000,37.25316008903822,0,0,39.0,36.0
952.470495,warmup,1786022238566465000,37.15278608815756,0,0,39.0,36.0
955.47367,warmup,1786022241569640000,37.198767570688695,0,0,39.0,36.0
958.479073,warmup,1786022244575043000,37.053474362022996,0,0,39.0,36.0
961.488013,warmup,1786022247583983000,36.984077329665695,0,0,39.0,36.0
964.489706,warmup,1786022250585676000,36.94511661372449,0,0,39.0,36.0
967.49531,warmup,1786022253591280000,36.9766697187118,0,0,39.0,36.0
970.497097,warmup,1786022256593067000,36.89106034098188,0,0,39.0,36.0
973.500753,warmup,1786022259596723000,36.92334787815403,0,0,39.0,36.0
976.507994,warmup,1786022262603964000,36.881873214130344,0,0,39.0,36.0
979.511936,warmup,1786022265607906000,36.86483188557108,0,0,39.0,36.0
982.515253,warmup,1786022268611223000,36.664299590475075,0,0,39.0,36.0
985.517579,warmup,1786022271613549000,36.492403059889305,0,0,39.0,36.0
988.521914,warmup,1786022274617884000,36.61095240124548,0,0,39.0,36.0
991.52791,warmup,1786022277623880000,36.75509409024949,0,0,39.0,36.0
994.532323,warmup,1786022280628293000,36.68264528652068,0,0,39.0,36.0
997.537001,warmup,1786022283632971000,36.63092270112853,0,0,39.0,36.0
1000.546217,warmup,1786022286642187000,36.59559045595823,0,0,39.0,36.0
1003.556151,warmup,1786022289652121000,36.61970056199073,0,0,39.0,36.0
1006.546283,warmup,1786022292642253000,36.614818213140246,0,0,39.0,36.0
1009.549316,warmup,1786022295645286000,36.64861074773513,0,0,39.0,36.0
1012.550759,warmup,1786022298646729000,36.630736151807454,0,0,39.0,36.0
1015.556159,warmup,1786022301652129000,36.68717115810171,0,0,39.0,36.0
1018.561251,warmup,1786022304657221000,36.53151636967176,0,0,39.0,36.0
1021.563413,warmup,1786022307659383000,36.367239071164846,0,0,39.0,36.0
1024.568068,warmup,1786022310664038000,36.28757654694358,0,0,39.0,36.0
1027.572554,warmup,1786022313668524000,36.195976004067155,0,0,39.0,36.0
1030.578034,warmup,1786022316674004000,36.17811657522741,0,0,39.0,36.0
1033.581327,warmup,1786022319677297000,36.127415248694845,0,0,39.0,36.0
1036.586533,warmup,1786022322682503000,36.060686088380486,0,0,39.0,36.0
1039.590467,warmup,1786022325686437000,35.951264958103806,0,0,39.0,36.0
1042.594406,warmup,1786022328690376000,35.916792113333955,1,0,39.0,36.0
1045.596877,normal,1786022331692847000,35.85553676741197,1,0,39.0,36.0
1048.60243,normal,1786022334698400000,35.68596989584676,1,0,39.0,36.0
1051.60509,normal,1786022337701060000,35.65511771374279,1,0,39.0,36.0
1054.608524,normal,1786022340704494000,35.56810332925937,1,0,39.0,36.0
1057.612105,normal,1786022343708075000,35.627025016487025,1,0,39.0,36.0
1060.621417,normal,1786022346717387000,35.71713888831154,1,0,39.0,36.0
1063.622936,normal,1786022349718906000,35.6853043912841,1,0,39.0,36.0
1066.626079,normal,1786022352722049000,35.5808725072834,1,0,39.0,36.0
1069.631797,normal,1786022355727767000,35.62910784632802,1,0,39.0,36.0
1072.632049,normal,1786022358728019000,35.7104288915661,1,0,39.0,36.0
1075.635862,normal,1786022361731832000,35.67990155355981,1,0,39.0,36.0
1078.641096,normal,1786022364737066000,35.749669241268265,1,0,39.0,36.0
1081.64225,normal,1786022367738220000,35.57845961400246,1,0,39.0,36.0
1084.647439,normal,1786022370743409000,35.63975900758175,1,0,39.0,36.0
1087.657963,normal,1786022373753933000,35.599708307156284,1,0,39.0,36.0
1090.657498,normal,1786022376753468000,35.63400241448817,1,0,39.0,36.0
1093.656123,normal,1786022379752093000,35.60408055345201,1,0,39.0,36.0
1096.661155,normal,1786022382757125000,35.60040194544259,1,0,39.0,36.0
1099.665486,normal,1786022385761456000,35.66980630470753,1,0,39.0,36.0
1102.671659,normal,1786022388767629000,35.72426105956422,1,0,39.0,36.0
1105.683576,normal,1786022391779546000,35.83109311373492,1,0,39.0,36.0
1108.67815,normal,1786022394774120000,35.968134759245395,1,0,39.0,36.0
1111.688085,normal,1786022397784055000,36.02362077537295,1,0,39.0,36.0
1114.688906,normal,1786022400784876000,35.930779742823475,1,0,39.0,36.0
1117.685812,normal,1786022403781782000,35.955094640084035,1,0,39.0,36.0
1120.686275,normal,1786022406782245000,35.83891818744137,1,0,39.0,36.0
1123.69336,normal,1786022409789330000,35.816771164508495,1,0,39.0,36.0
1126.697075,normal,1786022412793045000,35.83627337918135,1,0,39.0,36.0
1129.697905,normal,1786022415793875000,35.84938755382478,1,0,39.0,36.0
1132.708189,normal,1786022418804159000,35.71473757584906,1,0,39.0,36.0
1135.71489,normal,1786022421810860000,35.81185211168589,1,0,39.0,36.0
1138.716213,normal,1786022424812183000,35.61143328321624,1,0,39.0,36.0
1141.715518,normal,1786022427811488000,35.69995968590608,1,0,39.0,36.0
1144.724015,normal,1786022430819985000,35.83136765780507,1,0,39.0,36.0
1147.7247,normal,1786022433820670000,35.893185288865254,1,0,39.0,36.0
1150.723676,normal,1786022436819646000,35.9081634689222,1,0,39.0,36.0
1153.726686,normal,1786022439822656000,36.12108714103006,1,0,39.0,36.0
1156.73228,normal,1786022442828250000,36.09988996728667,1,0,39.0,36.0
1159.736277,normal,1786022445832247000,36.00193892598785,1,0,39.0,36.0
1162.740729,normal,1786022448836699000,36.12950289733394,1,0,39.0,36.0
1165.74601,normal,1786022451841980000,36.29786575954229,1,0,39.0,36.0
1168.743467,normal,1786022454839437000,36.3513672192938,1,0,39.0,36.0
1171.751363,normal,1786022457847333000,36.351661510941675,1,0,39.0,36.0
1174.752148,normal,1786022460848118000,36.52715887850309,1,0,39.0,36.0
1177.75821,normal,1786022463854180000,36.65623306818471,1,0,39.0,36.0
1180.759537,normal,1786022466855507000,36.6592634160914,1,0,39.0,36.0
1183.767032,normal,1786022469863002000,36.67307229015586,1,0,39.0,36.0
1186.767152,normal,1786022472863122000,36.743471048550575,1,0,39.0,36.0
1189.772063,normal,1786022475868033000,36.67688699263307,1,0,39.0,36.0
1192.773848,normal,1786022478869818000,36.68189678208346,1,0,39.0,36.0
1195.778268,normal,1786022481874238000,36.63024513608191,1,0,39.0,36.0
1198.781684,normal,1786022484877654000,36.76915982431584,1,0,39.0,36.0
1201.784844,normal,1786022487880814000,36.772684459034004,1,0,39.0,36.0
1204.783387,normal,1786022490879357000,36.58106426993838,1,0,39.0,36.0
1207.787677,normal,1786022493883647000,36.80338318534849,1,0,39.0,36.0
1210.788435,normal,1786022496884405000,36.73279239561811,1,0,39.0,36.0
1213.792846,normal,1786022499888816000,36.78926767146883,1,0,39.0,36.0
1216.791108,normal,1786022502887078000,36.80936219439151,1,0,39.0,36.0
1219.793328,normal,1786022505889298000,36.79827512551606,1,0,39.0,36.0
1222.793225,normal,1786022508889195000,36.840009302635735,1,0,39.0,36.0
1225.797929,normal,1786022511893899000,37.01404691320311,1,0,39.0,36.0
1228.799566,normal,1786022514895536000,37.21151692027248,1,0,39.0,36.0
1231.802562,normal,1786022517898532000,37.329459546383255,1,0,39.0,36.0
1234.801073,normal,1786022520897043000,37.324212254757114,1,0,39.0,36.0
1237.806793,normal,1786022523902763000,37.16598209356928,1,0,39.0,36.0
1240.812274,normal,1786022526908244000,37.1628453587526,1,0,39.0,36.0
1243.816576,normal,1786022529912546000,36.92420384314736,1,0,39.0,36.0
1246.81848,normal,1786022532914450000,37.10574308095784,1,0,39.0,36.0
1249.823549,normal,1786022535919519000,37.35648029485857,1,0,39.0,36.0
1252.831492,normal,1786022538927462000,37.26516513854237,1,0,39.0,36.0
1255.832951,normal,1786022541928921000,37.27264895314277,1,0,39.0,36.0
1258.840286,normal,1786022544936256000,37.20728853010441,1,0,39.0,36.0
1261.83977,normal,1786022547935740000,37.21333977640849,1,0,39.0,36.0
1264.842221,normal,1786022550938191000,37.275306119232106,1,0,39.0,36.0
1267.850001,normal,1786022553945971000,37.49318816211675,1,0,39.0,36.0
1270.853909,normal,1786022556949879000,37.37029193388184,1,0,39.0,36.0
1273.856277,normal,1786022559952247000,37.299929949628236,1,0,39.0,36.0
1276.870137,normal,1786022562966107000,37.33401549280425,1,0,39.0,36.0
1279.865925,normal,1786022565961895000,37.32496633083768,1,0,39.0,36.0
1282.869208,normal,1786022568965178000,37.18216164484344,1,0,39.0,36.0
1285.874638,normal,1786022571970608000,37.2460514467136,1,0,39.0,36.0
1288.874646,normal,1786022574970616000,37.20280566841756,1,0,39.0,36.0
1291.881283,normal,1786022577977253000,37.16873312607429,1,0,39.0,36.0
1294.879908,normal,1786022580975878000,37.102638702392376,1,0,39.0,36.0
1297.885186,normal,1786022583981156000,37.286118119842804,1,0,39.0,36.0
1300.892049,normal,1786022586988019000,37.218478126839024,1,0,39.0,36.0
1303.895832,normal,1786022589991802000,37.12901909397575,1,0,39.0,36.0
1306.896575,normal,1786022592992545000,37.356715167031126,1,0,39.0,36.0
1309.902165,normal,1786022595998135000,37.442641012839665,1,0,39.0,36.0
1312.906107,normal,1786022599002077000,37.518738678259105,1,0,39.0,36.0
1315.913837,normal,1786022602009807000,37.37562315182223,1,0,39.0,36.0
1318.916084,normal,1786022605012054000,37.351758630519896,1,0,39.0,36.0
1321.923249,normal,1786022608019219000,37.44891300829692,1,0,39.0,36.0
1324.919629,normal,1786022611015599000,37.45889170614309,1,0,39.0,36.0
1327.924835,normal,1786022614020805000,37.7061450230917,1,0,39.0,36.0
1330.928175,normal,1786022617024145000,37.69197779672795,1,0,39.0,36.0
1333.932636,normal,1786022620028606000,37.74196861567327,1,0,39.0,36.0
1336.93425,normal,1786022623030220000,37.68599317699204,1,0,39.0,36.0
1339.940138,normal,1786022626036108000,37.82173855269753,1,0,39.0,36.0
1342.944849,normal,1786022629040819000,37.793604066552135,1,0,39.0,36.0
1345.942231,normal,1786022632038201000,37.951100491062334,1,0,39.0,36.0
1348.945602,normal,1786022635041572000,38.01156417468174,1,0,39.0,36.0
1351.951577,normal,1786022638047547000,38.0374895026498,1,0,39.0,36.0
1354.955046,normal,1786022641051016000,38.086882042321825,1,0,39.0,36.0
1357.961081,normal,1786022644057051000,38.26996955250405,1,0,39.0,36.0
1360.963469,normal,1786022647059439000,38.31349696150468,1,0,39.0,36.0
1363.965572,normal,1786022650061542000,38.24324546317808,1,0,39.0,36.0
1366.96805,normal,1786022653064020000,38.27104845787221,1,0,39.0,36.0
1369.971603,normal,1786022656067573000,38.195807496181146,1,0,39.0,36.0
1372.97352,normal,1786022659069490000,38.381615350414336,1,0,39.0,36.0
1375.977345,normal,1786022662073315000,38.41759647406481,1,0,39.0,36.0
1378.98194,normal,1786022665077910000,38.41097228587032,1,0,39.0,36.0
1381.983964,normal,1786022668079934000,38.40627701604273,1,0,39.0,36.0
1384.990458,normal,1786022671086428000,38.30375639286956,1,0,39.0,36.0
1387.995282,normal,1786022674091252000,38.336208144243514,1,0,39.0,36.0
1390.997589,normal,1786022677093559000,38.401956627352035,1,0,39.0,36.0
1394.003279,normal,1786022680099249000,38.520040107668756,1,0,39.0,36.0
1397.004371,normal,1786022683100341000,38.362214067839396,1,0,39.0,36.0
1400.012031,normal,1786022686108001000,38.44931829186751,1,0,39.0,36.0
1403.017344,normal,1786022689113314000,38.572786952180564,1,0,39.0,36.0
1406.018095,normal,1786022692114065000,38.72375735941528,1,0,39.0,36.0
1409.017854,normal,1786022695113824000,38.75180376567175,1,0,39.0,36.0
1412.02214,normal,1786022698118110000,38.69121569370034,1,0,39.0,36.0
1415.026023,normal,1786022701121993000,38.77559366425177,1,0,39.0,36.0
1418.033946,normal,1786022704129916000,38.76848456821509,1,0,39.0,36.0
1421.03303,normal,1786022707129000000,38.88765553742254,1,0,39.0,36.0
1424.038597,normal,1786022710134567000,38.87259614903597,1,0,39.0,36.0
1427.039699,normal,1786022713135669000,38.983613586430906,1,0,39.0,36.0
1430.043836,normal,1786022716139806000,39.18133968379319,1,0,39.0,36.0
1433.048208,normal,1786022719144178000,39.44372967166692,0,0,39.0,36.0
1436.053303,normal,1786022722149273000,39.552581554626066,0,0,39.0,36.0
1439.058726,normal,1786022725154696000,39.648321212281814,0,0,39.0,36.0
1442.055256,normal,1786022728151226000,39.70053260026575,0,0,39.0,36.0
1445.061481,normal,1786022731157451000,39.8856084677184,0,0,39.0,36.0
1448.062559,normal,1786022734158529000,39.83802134789387,0,0,39.0,36.0
1451.065208,normal,1786022737161178000,39.73280801967547,0,0,39.0,36.0
1454.070623,normal,1786022740166593000,39.585673701991006,0,0,39.0,36.0
1457.072298,normal,1786022743168268000,39.82102259187236,0,0,39.0,36.0
1460.076338,normal,1786022746172308000,39.859471797368286,0,0,39.0,36.0
1463.080023,normal,1786022749175993000,40.112646353856704,0,0,39.0,36.0
1466.085194,normal,1786022752181164000,40.0913577659551,0,0,39.0,36.0
1469.086789,normal,1786022755182759000,40.20498101233784,0,0,39.0,36.0
1472.090151,normal,1786022758186121000,40.134223611966235,0,0,39.0,36.0
1475.089595,normal,1786022761185565000,40.01422138113759,0,0,39.0,36.0
1478.092405,normal,1786022764188375000,40.0230027152409,0,0,39.0,36.0
1481.094524,normal,1786022767190494000,39.9384682543314,0,0,39.0,36.0
1484.100855,normal,1786022770196825000,40.04901476767854,0,0,39.0,36.0
1487.103078,normal,1786022773199048000,40.05767686319868,0,0,39.0,36.0
1490.108782,normal,1786022776204752000,39.97368972841356,0,0,39.0,36.0
1493.11003,normal,1786022779206000000,39.94989554887166,0,0,39.0,36.0
1496.113304,normal,1786022782209274000,39.89292775449084,0,0,39.0,36.0
1499.117377,normal,1786022785213347000,39.92246921428812,0,0,39.0,36.0
1502.120782,normal,1786022788216752000,39.98299719228334,0,0,39.0,36.0
1505.125821,normal,1786022791221791000,39.920664428831,0,0,39.0,36.0
1508.130551,normal,1786022794226521000,39.99037755061401,0,0,39.0,36.0
1511.135343,normal,1786022797231313000,40.02135610125062,0,0,39.0,36.0
1514.141654,normal,1786022800237624000,39.998448487146746,0,0,39.0,36.0
1517.144222,normal,1786022803240192000,39.96347915633839,0,0,39.0,36.0
1520.149032,normal,1786022806245002000,39.85210662648411,0,0,39.0,36.0
1523.1511,normal,1786022809247070000,39.849619800399665,0,0,39.0,36.0
1526.152846,normal,1786022812248816000,39.71962872700166,0,0,39.0,36.0
1529.153954,normal,1786022815249924000,39.60407288579535,0,0,39.0,36.0
1532.157378,normal,1786022818253348000,39.40745002507963,0,0,39.0,36.0
1535.161414,normal,1786022821257384000,39.422549571348675,0,0,39.0,36.0
1538.164423,normal,1786022824260393000,39.4077715186002,0,0,39.0,36.0
1541.16551,normal,1786022827261480000,39.37380572924601,0,0,39.0,36.0
1544.162672,normal,1786022830258642000,39.24271795895195,0,0,39.0,36.0
1547.166138,normal,1786022833262108000,39.13972320566507,0,0,39.0,36.0
1550.170412,normal,1786022836266382000,38.93429661052177,0,0,39.0,36.0
1553.168064,normal,1786022839264034000,38.97890610430303,0,0,39.0,36.0
1556.17092,normal,1786022842266890000,38.87203938182056,0,0,39.0,36.0
1559.176809,normal,1786022845272779000,38.84279175437764,0,0,39.0,36.0
1562.17802,normal,1786022848273990000,38.861140169664445,0,0,39.0,36.0
1565.181737,normal,1786022851277707000,38.93783176438891,0,0,39.0,36.0
1568.211645,normal,1786022854307615000,38.96400191638637,0,0,39.0,36.0
1571.185092,normal,1786022857281062000,38.89383159173977,0,0,39.0,36.0
1574.187785,normal,1786022860283755000,38.749775642477466,0,0,39.0,36.0
1577.190901,normal,1786022863286871000,38.717465651710214,0,0,39.0,36.0
1580.195681,normal,1786022866291651000,38.83215410335102,0,0,39.0,36.0
1583.198738,normal,1786022869294708000,38.7766198511472,0,0,39.0,36.0
1586.202807,normal,1786022872298777000,38.49086280587071,0,0,39.0,36.0
1589.208759,normal,1786022875304729000,38.58409069673058,0,0,39.0,36.0
1592.212907,normal,1786022878308877000,38.55347261439239,0,0,39.0,36.0
1595.218052,normal,1786022881314022000,38.45316407063879,0,0,39.0,36.0
1598.225578,normal,1786022884321548000,38.322938080464255,0,0,39.0,36.0
1601.227825,normal,1786022887323795000,38.31601865145516,0,0,39.0,36.0
1604.232765,normal,1786022890328735000,38.27760973451968,0,0,39.0,36.0
1607.236846,normal,1786022893332816000,38.218905587156605,0,0,39.0,36.0
1610.238465,normal,1786022896334435000,38.2152349906697,0,0,39.0,36.0
1613.243299,normal,1786022899339269000,38.07960834582903,0,0,39.0,36.0
1616.245617,normal,1786022902341587000,38.10517215501752,0,0,39.0,36.0
1619.249627,normal,1786022905345597000,38.02938972347833,0,0,39.0,36.0
1622.251609,normal,1786022908347579000,38.13008990578416,0,0,39.0,36.0
1625.253515,normal,1786022911349485000,38.0229494718469,0,0,39.0,36.0
1628.25524,normal,1786022914351210000,37.91588124140532,0,0,39.0,36.0
1631.259017,normal,1786022917354987000,37.9510145292093,0,0,39.0,36.0
1634.25547,normal,1786022920351440000,37.82640629939638,0,0,39.0,36.0
1637.263498,normal,1786022923359468000,37.714119804025415,0,0,39.0,36.0
1640.271419,normal,1786022926367389000,37.58091042461075,0,0,39.0,36.0
1643.274231,normal,1786022929370201000,37.42414464378097,0,0,39.0,36.0
1646.278607,normal,1786022932374577000,37.499549156690584,0,0,39.0,36.0
1649.278511,normal,1786022935374481000,37.409484872499306,0,0,39.0,36.0
1652.28444,normal,1786022938380410000,37.42677665846947,0,0,39.0,36.0
1655.289992,normal,1786022941385962000,37.38385407965121,0,0,39.0,36.0
1658.292516,normal,1786022944388486000,37.26638763310106,0,0,39.0,36.0
1661.295999,normal,1786022947391969000,37.19795172475456,0,0,39.0,36.0
1664.303414,normal,1786022950399384000,37.13027854514078,0,0,39.0,36.0
1667.304845,normal,1786022953400815000,36.93263212097989,0,0,39.0,36.0
1670.306378,normal,1786022956402348000,36.90318497880142,0,0,39.0,36.0
1673.308075,normal,1786022959404045000,36.84379688870434,0,0,39.0,36.0
1676.308781,normal,1786022962404751000,36.82400194634458,0,0,39.0,36.0
1679.307845,normal,1786022965403815000,36.75734917673206,0,0,39.0,36.0
1682.315147,normal,1786022968411117000,36.73665471556997,0,0,39.0,36.0
1685.311671,normal,1786022971407641000,36.9025031843128,0,0,39.0,36.0
1688.318706,normal,1786022974414676000,36.7552622739661,0,0,39.0,36.0
1691.320218,normal,1786022977416188000,36.547351769367864,0,0,39.0,36.0
1694.324468,normal,1786022980420438000,36.34310628235809,0,0,39.0,36.0
1697.325136,normal,1786022983421106000,36.288846686041666,0,0,39.0,36.0
1700.327469,normal,1786022986423439000,36.21666261923216,0,0,39.0,36.0
1703.3289,normal,1786022989424870000,36.18786305995941,0,0,39.0,36.0
1706.335578,normal,1786022992431548000,36.27535692481595,0,0,39.0,36.0
1709.343844,normal,1786022995439814000,36.22168196455905,0,0,39.0,36.0
1712.346756,normal,1786022998442726000,36.25555743865326,0,0,39.0,36.0
1715.350899,normal,1786023001446869000,36.3616902208655,0,0,39.0,36.0
1718.356244,normal,1786023004452214000,36.50523039931979,0,0,39.0,36.0
1721.359608,normal,1786023007455578000,36.41470309631489,0,0,39.0,36.0
1724.362747,normal,1786023010458717000,36.52277167398341,0,0,39.0,36.0
1727.362709,normal,1786023013458679000,36.30912861743175,0,0,39.0,36.0
1730.367624,normal,1786023016463594000,36.39116144021821,0,0,39.0,36.0
1733.372714,normal,1786023019468684000,36.341544090617894,0,0,39.0,36.0
1736.373271,normal,1786023022469241000,36.37286604929398,0,0,39.0,36.0
1739.381015,normal,1786023025476985000,36.366977739802834,0,0,39.0,36.0
1742.384338,normal,1786023028480308000,36.313875360738706,0,0,39.0,36.0
1745.38326,normal,1786023031479230000,36.2276812913705,0,0,39.0,36.0
1748.386055,normal,1786023034482025000,36.15442414423347,0,0,39.0,36.0
1751.389744,normal,1786023037485714000,36.12828640102104,0,0,39.0,36.0
1754.397061,normal,1786023040493031000,36.122560514633406,0,0,39.0,36.0
1757.39939,normal,1786023043495360000,35.95809000781928,0,0,39.0,36.0
1760.403711,normal,1786023046499681000,35.70181213007017,1,0,39.0,36.0
1763.402772,normal,1786023049498742000,35.54116373012634,1,0,39.0,36.0
1766.408986,normal,1786023052504956000,35.63113760018769,1,0,39.0,36.0
1769.415642,normal,1786023055511612000,35.521153817587,1,0,39.0,36.0
1772.417189,normal,1786023058513159000,35.477375773781674,1,0,39.0,36.0
1775.414941,normal,1786023061510911000,35.52132069895846,1,0,39.0,36.0
1778.422761,normal,1786023064518731000,35.325795692526185,1,0,39.0,36.0
1781.427854,normal,1786023067523824000,35.20598499780257,1,0,39.0,36.0
1784.425158,normal,1786023070521128000,35.281148175287214,1,0,39.0,36.0
1787.434733,normal,1786023073530703000,35.29608850986966,1,0,39.0,36.0
1790.437101,normal,1786023076533071000,35.182802158354335,1,0,39.0,36.0
1793.441228,normal,1786023079537198000,35.18633609992837,1,0,39.0,36.0
1796.443879,normal,1786023082539849000,35.08694436865135,1,0,39.0,36.0
1799.441557,normal,1786023085537527000,35.061661027308126,1,0,39.0,36.0
1802.452153,normal,1786023088548123000,35.06623223019162,1,0,39.0,36.0
1805.454555,normal,1786023091550525000,34.91081142828695,1,0,39.0,36.0
1808.456982,normal,1786023094552952000,34.905145627920376,1,0,39.0,36.0
1811.462253,normal,1786023097558223000,35.02053178885346,1,0,39.0,36.0
1814.464061,normal,1786023100560031000,35.20496206516607,1,0,39.0,36.0
1817.469306,normal,1786023103565276000,35.17709182382467,1,0,39.0,36.0
1820.470979,normal,1786023106566949000,35.477144833158725,1,0,39.0,36.0
1823.473728,normal,1786023109569698000,35.62383619019948,1,0,39.0,36.0
1826.473803,normal,1786023112569773000,35.59750436672472,1,0,39.0,36.0
1829.479584,normal,1786023115575554000,35.562019622252514,1,0,39.0,36.0
1832.483173,normal,1786023118579143000,35.71607797427432,1,0,39.0,36.0
1835.482021,normal,1786023121577991000,35.90274968499697,1,0,39.0,36.0
1838.487608,normal,1786023124583578000,36.13560474675929,1,0,39.0,36.0
1841.490865,normal,1786023127586835000,36.32076664400556,1,0,39.0,36.0
1844.492171,normal,1786023130588141000,36.47035606551559,1,0,39.0,36.0
1847.496823,normal,1786023133592793000,36.409026837477576,1,0,39.0,36.0
1850.505458,normal,1786023136601428000,36.43473827516225,1,0,39.0,36.0
1853.511576,normal,1786023139607546000,36.49921371210001,1,0,39.0,36.0
1856.506721,normal,1786023142602691000,36.401385033839645,1,0,39.0,36.0
1859.51326,normal,1786023145609230000,36.4579172980483,1,0,39.0,36.0
1862.515126,normal,1786023148611096000,36.39249043606296,1,0,39.0,36.0
1865.514981,normal,1786023151610951000,36.370758327307136,1,0,39.0,36.0
1868.518495,normal,1786023154614465000,36.54767034941334,1,0,39.0,36.0
1871.523674,normal,1786023157619644000,36.560677336745044,1,0,39.0,36.0
1874.527173,normal,1786023160623143000,36.64319288438602,1,0,39.0,36.0
1877.528863,normal,1786023163624833000,36.60238776698414,1,0,39.0,36.0
1880.53427,normal,1786023166630240000,36.610904493174296,1,0,39.0,36.0
1883.534616,normal,1786023169630586000,36.76499743660228,1,0,39.0,36.0
1886.539984,normal,1786023172635954000,36.71000897059595,1,0,39.0,36.0
1889.543946,normal,1786023175639916000,36.85514200299178,1,0,39.0,36.0
1892.550047,normal,1786023178646017000,36.98080986317492,1,0,39.0,36.0
1895.552921,normal,1786023181648891000,37.18001962768491,1,0,39.0,36.0
1898.556427,normal,1786023184652397000,37.101185211628085,1,0,39.0,36.0
1901.561995,normal,1786023187657965000,37.304377143334726,1,0,39.0,36.0
1904.561942,normal,1786023190657912000,37.366586945422476,1,0,39.0,36.0
1907.562167,normal,1786023193658137000,37.273699349943726,1,0,39.0,36.0
1910.570923,normal,1786023196666893000,36.98579480531478,1,0,39.0,36.0
1913.572647,normal,1786023199668617000,36.75401460785711,1,0,39.0,36.0
1916.571751,normal,1786023202667721000,36.90865537884624,1,0,39.0,36.0
1919.575697,normal,1786023205671667000,36.99543640733802,1,0,39.0,36.0
1922.575315,normal,1786023208671285000,37.13427168576192,1,0,39.0,36.0
1925.581912,normal,1786023211677882000,37.28668627915929,1,0,39.0,36.0
1928.582836,normal,1786023214678806000,37.289443937993475,1,0,39.0,36.0
1931.589731,normal,1786023217685701000,37.377068176613975,1,0,39.0,36.0
1934.589012,normal,1786023220684982000,37.474138669684116,1,0,39.0,36.0
1937.587904,normal,1786023223683874000,37.515877059957006,1,0,39.0,36.0
1940.594455,normal,1786023226690425000,37.51681050960879,1,0,39.0,36.0
1943.595855,normal,1786023229691825000,37.58921102874601,1,0,39.0,36.0
1946.602305,normal,1786023232698275000,37.61207784944372,1,0,39.0,36.0
1949.607506,normal,1786023235703476000,37.611873791415825,1,0,39.0,36.0
1952.611613,normal,1786023238707583000,37.64379391981212,1,0,39.0,36.0
1955.614886,normal,1786023241710856000,37.68948615369497,1,0,39.0,36.0
1958.616982,normal,1786023244712952000,37.70099388211376,1,0,39.0,36.0
1961.624876,normal,1786023247720846000,37.716708997622746,1,0,39.0,36.0
1964.626869,normal,1786023250722839000,37.824426728642585,1,0,39.0,36.0
1967.655657,normal,1786023253751627000,37.936571921510634,1,0,39.0,36.0
1970.633681,normal,1786023256729651000,37.94967809334692,1,0,39.0,36.0
1973.633258,normal,1786023259729228000,38.11006286933019,1,0,39.0,36.0
1976.637637,normal,1786023262733607000,38.27571719948706,1,0,39.0,36.0
1979.641898,normal,1786023265737868000,38.42937422599847,1,0,39.0,36.0
1982.643137,normal,1786023268739107000,38.561548296173925,1,0,39.0,36.0
1985.646757,normal,1786023271742727000,38.62524637578915,1,0,39.0,36.0
1988.653112,normal,1786023274749082000,38.68905697967186,1,0,39.0,36.0
1991.654248,normal,1786023277750218000,38.73702827626539,1,0,39.0,36.0
1994.655482,normal,1786023280751452000,38.80976924318207,1,0,39.0,36.0
1997.660057,normal,1786023283756027000,38.9142148206437,1,0,39.0,36.0
2000.668238,normal,1786023286764208000,38.998949777336954,1,0,39.0,36.0
2003.67048,normal,1786023289766450000,38.88092342518143,1,0,39.0,36.0
2006.671784,normal,1786023292767754000,38.95005099711821,1,0,39.0,36.0
2009.673205,normal,1786023295769175000,39.09488180126644,1,0,39.0,36.0
2012.674197,normal,1786023298770167000,39.071648315870675,0,0,39.0,36.0
2015.680464,normal,1786023301776434000,39.271416851514815,0,0,39.0,36.0
2018.686497,normal,1786023304782467000,39.21423404385604,0,0,39.0,36.0
2021.689574,normal,1786023307785544000,39.222113461358724,0,0,39.0,36.0
2024.694587,normal,1786023310790557000,39.241888198645135,0,0,39.0,36.0
2027.698531,normal,1786023313794501000,39.14669908898177,0,0,39.0,36.0
2030.698679,normal,1786023316794649000,39.13929891313393,0,0,39.0,36.0
2033.702034,normal,1786023319798004000,39.16043320387295,0,0,39.0,36.0
2036.70449,normal,1786023322800460000,39.05069739507523,0,0,39.0,36.0
2039.708504,normal,1786023325804474000,39.17476794610761,0,0,39.0,36.0
2042.710524,normal,1786023328806494000,39.033424946770936,0,0,39.0,36.0
2045.711385,normal,1786023331807355000,38.92144147695859,0,0,39.0,36.0
2048.716915,normal,1786023334812885000,39.03647064483409,0,0,39.0,36.0
2051.719946,normal,1786023337815916000,39.16908065523719,0,0,39.0,36.0
2054.725426,normal,1786023340821396000,39.14991233538182,0,0,39.0,36.0
2057.72658,normal,1786023343822550000,39.14880214569241,0,0,39.0,36.0
2060.731221,normal,1786023346827191000,39.022614647625346,0,0,39.0,36.0
2063.734417,normal,1786023349830387000,39.08736568509086,0,0,39.0,36.0
2066.742754,normal,1786023352838724000,38.96828703026821,0,0,39.0,36.0
2069.741594,normal,1786023355837564000,38.93674394739664,0,0,39.0,36.0
2072.743655,normal,1786023358839625000,38.7795773177766,0,0,39.0,36.0
2075.747282,normal,1786023361843252000,38.77624097508613,0,0,39.0,36.0
2078.752094,normal,1786023364848064000,38.75166914216608,0,0,39.0,36.0
2081.756283,normal,1786023367852253000,38.68724749780273,0,0,39.0,36.0
2084.757102,normal,1786023370853072000,38.642135670120325,0,0,39.0,36.0
2087.755924,normal,1786023373851894000,38.69179117965675,0,0,39.0,36.0
2090.761187,normal,1786023376857157000,38.568205040547745,0,0,39.0,36.0
2093.766726,normal,1786023379862696000,38.54776062368222,0,0,39.0,36.0
2096.766076,normal,1786023382862046000,38.41371578137203,0,0,39.0,36.0
2099.775433,normal,1786023385871403000,38.65248011045752,0,0,39.0,36.0
2102.777641,normal,1786023388873611000,38.550253452034454,0,0,39.0,36.0
2105.782954,normal,1786023391878924000,38.42274364546958,0,0,39.0,36.0
2108.782354,normal,1786023394878324000,38.47231578201307,0,0,39.0,36.0
2111.787828,normal,1786023397883798000,38.38638894196814,0,0,39.0,36.0
2114.793966,normal,1786023400889936000,38.2646336052413,0,0,39.0,36.0
2117.795871,normal,1786023403891841000,38.08879875080786,0,0,39.0,36.0
2120.799855,normal,1786023406895825000,37.91194087885412,0,0,39.0,36.0
2123.804968,normal,1786023409900938000,37.99917791097174,0,0,39.0,36.0
2126.806859,normal,1786023412902829000,37.848244337382546,0,0,39.0,36.0
2129.809993,normal,1786023415905963000,37.67997785094453,0,0,39.0,36.0
2132.811585,normal,1786023418907555000,37.70311987574561,0,0,39.0,36.0
2135.813734,normal,1786023421909704000,37.69849704881566,0,0,39.0,36.0
2138.820572,normal,1786023424916542000,37.72727329917396,0,0,39.0,36.0
2141.839086,normal,1786023427935056000,37.79754540121748,0,0,39.0,36.0
2144.823941,normal,1786023430919911000,37.63782705580992,0,0,39.0,36.0
2147.82636,normal,1786023433922330000,37.67941287106527,0,0,39.0,36.0
2150.831878,normal,1786023436927848000,37.74865245795462,0,0,39.0,36.0
2153.834541,normal,1786023439930511000,37.65977970611747,0,0,39.0,36.0
2156.835961,normal,1786023442931931000,37.57896120887604,0,0,39.0,36.0
2159.840049,normal,1786023445936019000,37.42590826146446,0,0,39.0,36.0
2162.843658,normal,1786023448939628000,37.43673984193648,0,0,39.0,36.0
2165.844725,normal,1786023451940695000,37.5698379884068,0,0,39.0,36.0
2168.896104,normal,1786023454992074000,37.61241836472947,0,0,39.0,36.0
2171.847811,normal,1786023457943781000,37.56191029851064,0,0,39.0,36.0
2174.853451,normal,1786023460949421000,37.454490423287965,0,0,39.0,36.0
2177.854987,normal,1786023463950957000,37.452735312205284,0,0,39.0,36.0
2180.86013,normal,1786023466956100000,37.343757617842854,0,0,39.0,36.0
2183.861559,normal,1786023469957529000,37.311750077650586,0,0,39.0,36.0
2186.863553,normal,1786023472959523000,37.002171061660405,0,0,39.0,36.0
2189.867857,normal,1786023475963827000,36.93686240645064,0,0,39.0,36.0
2192.863284,normal,1786023478959254000,36.849516659063674,0,0,39.0,36.0
2195.868678,normal,1786023481964648000,36.86109159868095,0,0,39.0,36.0
2198.869817,normal,1786023484965787000,36.64011629080253,0,0,39.0,36.0
2201.871745,normal,1786023487967715000,36.55968882076223,0,0,39.0,36.0
2204.876109,normal,1786023490972079000,36.46077493582496,0,0,39.0,36.0
2207.878651,normal,1786023493974621000,36.33055275197571,0,0,39.0,36.0
2210.879736,normal,1786023496975706000,36.21988226013285,0,0,39.0,36.0
2213.886329,normal,1786023499982299000,36.102295075276764,0,0,39.0,36.0
2216.889205,normal,1786023502985175000,36.05335200022966,0,0,39.0,36.0
2219.891249,normal,1786023505987219000,35.910887513161704,0,0,39.0,36.0
2222.890979,normal,1786023508986949000,35.92795045239007,1,0,39.0,36.0
2225.893795,normal,1786023511989765000,36.05048906406546,1,0,39.0,36.0
2228.896501,normal,1786023514992471000,36.10210118135587,1,0,39.0,36.0
2231.900538,normal,1786023517996508000,35.98906456093405,1,0,39.0,36.0
2234.90631,normal,1786023521002280000,35.95455944870867,1,0,39.0,36.0
2237.906826,normal,1786023524002796000,35.89172860649552,1,0,39.0,36.0
2240.909481,normal,1786023527005451000,35.89916595891071,1,0,39.0,36.0
2243.912715,normal,1786023530008685000,35.87016199842847,1,0,39.0,36.0
2246.919881,normal,1786023533015851000,35.821017962580086,1,0,39.0,36.0
2249.919147,normal,1786023536015117000,35.69310484967648,1,0,39.0,36.0
2252.920808,normal,1786023539016778000,35.6800351282706,1,0,39.0,36.0
2255.925633,normal,1786023542021603000,35.63332623912193,1,0,39.0,36.0
2258.93077,normal,1786023545026740000,35.522839166621,1,0,39.0,36.0
2261.933502,normal,1786023548029472000,35.62712962355393,1,0,39.0,36.0
2264.940554,normal,1786023551036524000,35.61526465658181,1,0,39.0,36.0
2267.940727,normal,1786023554036697000,35.70585795973771,1,0,39.0,36.0
2270.94583,normal,1786023557041800000,35.86566262268054,1,0,39.0,36.0
2273.947564,normal,1786023560043534000,35.94216332984897,1,0,39.0,36.0
2276.951623,normal,1786023563047593000,36.15444740470632,1,0,39.0,36.0
2279.953043,normal,1786023566049013000,36.25642603034199,1,0,39.0,36.0
2282.96008,normal,1786023569056050000,36.29410070586889,1,0,39.0,36.0
2285.966293,normal,1786023572062263000,36.2255061815244,1,0,39.0,36.0
2288.968086,normal,1786023575064056000,36.250881907825125,1,0,39.0,36.0
2291.973249,normal,1786023578069219000,36.251506886149635,1,0,39.0,36.0
2294.974636,normal,1786023581070606000,36.166549435696595,1,0,39.0,36.0
2297.982204,normal,1786023584078174000,36.20093360146086,1,0,39.0,36.0
2300.985703,normal,1786023587081673000,36.22167552830609,1,0,39.0,36.0
2303.993092,normal,1786023590089062000,36.199579114041946,1,0,39.0,36.0
2306.994488,normal,1786023593090458000,36.3573457828251,1,0,39.0,36.0
2309.996752,normal,1786023596092722000,36.32819710071004,1,0,39.0,36.0
2313.003582,normal,1786023599099552000,36.403822976489316,1,0,39.0,36.0
2316.005509,normal,1786023602101479000,36.35077057003497,1,0,39.0,36.0
2319.007175,normal,1786023605103145000,36.6393985607001,1,0,39.0,36.0
2322.010798,normal,1786023608106768000,36.62704479181141,1,0,39.0,36.0
2325.015153,normal,1786023611111123000,36.4663732526952,1,0,39.0,36.0
2328.018402,normal,1786023614114372000,36.484345680906465,1,0,39.0,36.0
2331.024816,normal,1786023617120786000,36.47026742138572,1,0,39.0,36.0
2334.02638,normal,1786023620122350000,36.51949875845442,1,0,39.0,36.0
2337.030691,normal,1786023623126661000,36.68372801847883,1,0,39.0,36.0
2340.034114,normal,1786023626130084000,36.725965072731874,1,0,39.0,36.0
2343.041732,normal,1786023629137702000,36.70970562490876,1,0,39.0,36.0
2346.04843,normal,1786023632144400000,36.78442566349833,1,0,39.0,36.0
2349.045875,normal,1786023635141845000,36.716623232577675,1,0,39.0,36.0
2352.049809,normal,1786023638145779000,36.82787505226757,1,0,39.0,36.0
2355.056683,normal,1786023641152653000,36.9343068938181,1,0,39.0,36.0
2358.056841,normal,1786023644152811000,36.95058848509788,1,0,39.0,36.0
2361.06133,normal,1786023647157300000,37.001237951909516,1,0,39.0,36.0
2364.064553,normal,1786023650160523000,37.000922245064174,1,0,39.0,36.0
2367.066497,normal,1786023653162467000,37.30930231439414,1,0,39.0,36.0
2370.066527,normal,1786023656162497000,37.366631938679454,1,0,39.0,36.0
2373.071574,normal,1786023659167544000,37.613856673760004,1,0,39.0,36.0
2376.074154,normal,1786023662170124000,37.69760502930118,1,0,39.0,36.0
2379.072591,normal,1786023665168561000,37.78658627464766,1,0,39.0,36.0
2382.076976,normal,1786023668172946000,37.76716069549851,1,0,39.0,36.0
2385.075874,normal,1786023671171844000,37.8378542807446,1,0,39.0,36.0
2388.085885,normal,1786023674181855000,37.792427458270886,1,0,39.0,36.0
2391.087045,normal,1786023677183015000,37.99919886624341,1,0,39.0,36.0
2394.089696,normal,1786023680185666000,37.93001030780445,1,0,39.0,36.0
2397.097934,normal,1786023683193904000,37.94801238482874,1,0,39.0,36.0
2400.097748,normal,1786023686193718000,38.15535040411454,1,0,39.0,36.0
2403.104446,normal,1786023689200416000,38.35646084086423,1,0,39.0,36.0
2406.104507,normal,1786023692200477000,38.30231922246997,1,0,39.0,36.0
2409.107293,normal,1786023695203263000,38.325862249732616,1,0,39.0,36.0
2412.112597,normal,1786023698208567000,38.39407798256898,1,0,39.0,36.0
2415.117357,normal,1786023701213327000,38.66452492946445,1,0,39.0,36.0
2418.119751,normal,1786023704215721000,38.52172357191502,1,0,39.0,36.0
2421.124437,normal,1786023707220407000,38.61878017137988,1,0,39.0,36.0
2424.128111,normal,1786023710224081000,38.65892036381234,1,0,39.0,36.0
2427.131646,normal,1786023713227616000,38.66509410831046,1,0,39.0,36.0
2430.130899,normal,1786023716226869000,38.60509767413165,1,0,39.0,36.0
2433.137661,normal,1786023719233631000,38.656457324302366,1,0,39.0,36.0
2436.14163,normal,1786023722237600000,38.726943700997005,1,0,39.0,36.0
2439.147611,normal,1786023725243581000,38.69632160067171,1,0,39.0,36.0
2442.146702,normal,1786023728242672000,38.78088003289685,1,0,39.0,36.0
2445.152357,normal,1786023731248327000,38.90131022688085,1,0,39.0,36.0
2448.152645,normal,1786023734248615000,38.97955827655678,1,0,39.0,36.0
2451.158907,normal,1786023737254877000,39.188554732424045,1,0,39.0,36.0
2454.161465,normal,1786023740257435000,39.311390932650944,0,0,39.0,36.0
2457.158781,normal,1786023743254751000,39.26936299779813,0,0,39.0,36.0
2460.160567,normal,1786023746256537000,39.398623093760904,0,0,39.0,36.0
2463.167938,normal,1786023749263908000,39.32584530017247,0,0,39.0,36.0
2466.170757,normal,1786023752266727000,39.33688926708962,0,0,39.0,36.0
2469.173705,normal,1786023755269675000,39.20410055881559,0,0,39.0,36.0
2472.181971,normal,1786023758277941000,39.40159088984289,0,0,39.0,36.0
2475.186448,normal,1786023761282418000,39.56295534646526,0,0,39.0,36.0
2478.191967,normal,1786023764287937000,39.580804924158045,0,0,39.0,36.0
2481.192093,normal,1786023767288063000,39.70781716775433,0,0,39.0,36.0
2484.19445,normal,1786023770290420000,39.562195750505566,0,0,39.0,36.0
2487.199456,normal,1786023773295426000,39.441844336032254,0,0,39.0,36.0
2490.203303,normal,1786023776299273000,39.53439725922529,0,0,39.0,36.0
2493.202464,normal,1786023779298434000,39.659064164373085,0,0,39.0,36.0
2496.276278,normal,1786023782372248000,39.791565508464686,0,0,39.0,36.0
2499.21007,normal,1786023785306040000,39.77686780060479,0,0,39.0,36.0
2502.210415,normal,1786023788306385000,39.69740222809935,0,0,39.0,36.0
2505.209912,normal,1786023791305882000,39.58571220411471,0,0,39.0,36.0
2508.215903,normal,1786023794311873000,39.61662895785151,0,0,39.0,36.0
2511.218982,normal,1786023797314952000,39.563801642406816,0,0,39.0,36.0
2514.223303,normal,1786023800319273000,39.55589677878953,0,0,39.0,36.0
2517.221807,normal,1786023803317777000,39.66762125133447,0,0,39.0,36.0
2520.225098,normal,1786023806321068000,39.73429167091888,0,0,39.0,36.0
2523.224578,normal,1786023809320548000,39.62148358194908,0,0,39.0,36.0
2526.228627,normal,1786023812324597000,39.610960162595696,0,0,39.0,36.0
2529.232712,normal,1786023815328682000,39.41522662884652,0,0,39.0,36.0
2532.23809,normal,1786023818334060000,39.33453593437827,0,0,39.0,36.0
2535.240375,normal,1786023821336345000,39.31576740695647,0,0,39.0,36.0
2538.249289,normal,1786023824345259000,39.44409496788217,0,0,39.0,36.0
2541.250931,normal,1786023827346901000,39.45318755750221,0,0,39.0,36.0
2544.256105,normal,1786023830352075000,39.45879363531149,0,0,39.0,36.0
2547.263245,normal,1786023833359215000,39.53955468896354,0,0,39.0,36.0
2550.266607,normal,1786023836362577000,39.592439327346526,0,0,39.0,36.0
2553.269929,normal,1786023839365899000,39.344492653835815,0,0,39.0,36.0
2556.270626,normal,1786023842366596000,39.295231134909166,0,0,39.0,36.0
2559.27248,normal,1786023845368450000,39.274544133324206,0,0,39.0,36.0
2562.27944,normal,1786023848375410000,39.36962680778096,0,0,39.0,36.0
2565.278174,normal,1786023851374144000,39.401495076985476,0,0,39.0,36.0
2568.284798,normal,1786023854380768000,39.51696730604997,0,0,39.0,36.0
2571.288624,normal,1786023857384594000,39.479201896066506,0,0,39.0,36.0
2574.288624,normal,1786023860384594000,39.46567097827368,0,0,39.0,36.0
2577.296678,normal,1786023863392648000,39.392909915910174,0,0,39.0,36.0
2580.295067,normal,1786023866391037000,39.355063944283415,0,0,39.0,36.0
2583.303603,normal,1786023869399573000,39.26158655646026,0,0,39.0,36.0
2586.306337,normal,1786023872402307000,39.24843305937153,0,0,39.0,36.0
2589.306576,normal,1786023875402546000,39.29279994305231,0,0,39.0,36.0
2592.312016,normal,1786023878407986000,39.006852912357346,0,0,39.0,36.0
2595.312214,normal,1786023881408184000,38.86054838967856,0,0,39.0,36.0
2598.318291,normal,1786023884414261000,38.94278329137141,0,0,39.0,36.0
2601.318539,normal,1786023887414509000,38.81583580670498,0,0,39.0,36.0
2604.326148,normal,1786023890422118000,38.98906160550429,0,0,39.0,36.0
2607.32931,normal,1786023893425280000,39.07984642211225,0,0,39.0,36.0
2610.332505,normal,1786023896428475000,39.10887061013381,0,0,39.0,36.0
2613.333366,normal,1786023899429336000,38.963839935725375,0,0,39.0,36.0
2616.336499,normal,1786023902432469000,38.86343241709497,0,0,39.0,36.0
2619.341308,normal,1786023905437278000,38.65333336074333,0,0,39.0,36.0
2622.349085,normal,1786023908445055000,38.67424079834576,0,0,39.0,36.0
2625.351332,normal,1786023911447302000,38.587003637586726,0,0,39.0,36.0
2628.359031,normal,1786023914455001000,38.63341412018517,0,0,39.0,36.0
2631.363164,normal,1786023917459134000,38.52197051792525,0,0,39.0,36.0
2634.364862,normal,1786023920460832000,38.32816081320896,0,0,39.0,36.0
2637.361975,normal,1786023923457945000,38.21548623171512,0,0,39.0,36.0
2640.367749,normal,1786023926463719000,38.42335321387602,0,0,39.0,36.0
2643.368227,normal,1786023929464197000,38.23147569361613,0,0,39.0,36.0
2646.374084,normal,1786023932470054000,38.242954157901174,0,0,39.0,36.0
2649.378061,normal,1786023935474031000,38.32513665652309,0,0,39.0,36.0
2652.378592,normal,1786023938474562000,38.352677463835334,0,0,39.0,36.0
2655.379981,normal,1786023941475951000,38.365252049837515,0,0,39.0,36.0
2658.384391,normal,1786023944480361000,38.243618313933254,0,0,39.0,36.0
2661.386856,normal,1786023947482826000,38.3956349555622,0,0,39.0,36.0
2664.423761,normal,1786023950519731000,38.309090566779645,0,0,39.0,36.0
2667.38956,normal,1786023953485530000,38.31287716194576,0,0,39.0,36.0
2670.397911,normal,1786023956493881000,38.33204410150689,0,0,39.0,36.0
2673.399537,normal,1786023959495507000,38.12565814954179,0,0,39.0,36.0
2676.403037,normal,1786023962499007000,37.868981099036176,0,0,39.0,36.0
2679.408683,normal,1786023965504653000,37.64109385417194,0,0,39.0,36.0
2682.409048,normal,1786023968505018000,37.705724210508556,0,0,39.0,36.0
2685.410459,normal,1786023971506429000,37.74499775649308,0,0,39.0,36.0
2688.414546,normal,1786023974510516000,37.74580345372832,0,0,39.0,36.0
2691.418171,normal,1786023977514141000,37.7625966137412,0,0,39.0,36.0
2694.424128,normal,1786023980520098000,37.737347682913416,0,0,39.0,36.0
2697.425838,normal,1786023983521808000,37.75128810276011,0,0,39.0,36.0
2700.43117,normal,1786023986527140000,37.760198659273925,0,0,39.0,36.0
2703.435683,normal,1786023989531653000,37.67418796928974,0,0,39.0,36.0
2706.442902,normal,1786023992538872000,37.540378570578,0,0,39.0,36.0
2709.440057,normal,1786023995536027000,37.710888485998126,0,0,39.0,36.0
2712.445673,normal,1786023998541643000,37.55225162866655,0,0,39.0,36.0
2715.445295,normal,1786024001541265000,37.51191236882643,0,0,39.0,36.0
2718.448208,normal,1786024004544178000,37.44356701215911,0,0,39.0,36.0
2721.450045,normal,1786024007546015000,37.43692816715204,0,0,39.0,36.0
2724.45529,normal,1786024010551260000,37.330738399122964,0,0,39.0,36.0
2727.455551,normal,1786024013551521000,37.12148795426251,0,0,39.0,36.0
2730.460078,normal,1786024016556048000,37.03647193757734,0,0,39.0,36.0
2733.465155,normal,1786024019561125000,37.17295914201857,0,0,39.0,36.0
2736.4718,normal,1786024022567770000,37.0146495268526,0,0,39.0,36.0
2739.472221,normal,1786024025568191000,36.96605487057406,0,0,39.0,36.0
2742.476782,normal,1786024028572752000,36.8535337715164,0,0,39.0,36.0
2745.481317,normal,1786024031577287000,36.94350117058023,0,0,39.0,36.0
2748.487679,normal,1786024034583649000,37.00647942195313,0,0,39.0,36.0
2751.488851,normal,1786024037584821000,36.967194772556326,0,0,39.0,36.0
2754.494874,normal,1786024040590844000,36.874906857970274,0,0,39.0,36.0
2757.505738,normal,1786024043601708000,36.79156051693295,0,0,39.0,36.0
2760.508292,normal,1786024046604262000,36.95143055002851,0,0,39.0,36.0
2763.511755,normal,1786024049607725000,36.873135286987434,0,0,39.0,36.0
2766.51567,normal,1786024052611640000,36.703721145712926,0,0,39.0,36.0
2769.521592,normal,1786024055617562000,36.77807020297016,0,0,39.0,36.0
2772.523019,normal,1786024058618989000,36.80650802260541,0,0,39.0,36.0
2775.530074,normal,1786024061626044000,36.663865187760805,0,0,39.0,36.0
2778.530934,normal,1786024064626904000,36.49517077122248,0,0,39.0,36.0
2781.533431,normal,1786024067629401000,36.5915055123206,0,0,39.0,36.0
2784.538101,normal,1786024070634071000,36.55989495331851,0,0,39.0,36.0
2787.542867,normal,1786024073638837000,36.6099075416823,0,0,39.0,36.0
2790.542893,normal,1786024076638863000,36.555847755046116,0,0,39.0,36.0
2793.545669,normal,1786024079641639000,36.37509426661863,0,0,39.0,36.0
2796.549881,normal,1786024082645851000,36.31851573599347,0,0,39.0,36.0
2799.554951,normal,1786024085650921000,36.24656751095825,0,0,39.0,36.0
2802.562043,normal,1786024088658013000,36.01004913500929,0,0,39.0,36.0
2805.567264,normal,1786024091663234000,35.866177422494104,0,0,39.0,36.0
2808.572907,normal,1786024094668877000,35.82264344192193,1,0,39.0,36.0
2811.572826,lid_open,1786024097668796000,34.61744002611545,1,1,39.0,36.0
2814.578085,lid_open,1786024100674055000,33.541319399746385,1,1,39.0,36.0
2817.582789,lid_open,1786024103678759000,32.66847138507689,1,1,39.0,36.0
2820.587149,lid_open,1786024106683119000,31.728929187803317,1,1,39.0,36.0
2823.58879,lid_open,1786024109684760000,31.029862123346174,1,1,39.0,36.0
2826.590176,lid_open,1786024112686146000,30.339657239474317,1,1,39.0,36.0
2829.59565,lid_open,1786024115691620000,29.6075560879042,1,1,39.0,36.0
2832.599799,lid_open,1786024118695769000,28.96678780156397,1,1,39.0,36.0
2835.600687,lid_open,1786024121696657000,28.736418132971448,1,1,39.0,36.0
2838.601657,lid_open,1786024124697627000,28.16441768261441,1,1,39.0,36.0
2841.602503,lid_open,1786024127698473000,27.867432918717952,1,1,39.0,36.0
2844.609731,lid_open,1786024130705701000,27.44242251338115,1,1,39.0,36.0
2847.609972,lid_open,1786024133705942000,27.165052232105978,1,1,39.0,36.0
2850.616955,lid_open,1786024136712925000,26.911619929447802,1,1,39.0,36.0
2853.619948,lid_open,1786024139715918000,26.774197769347943,1,1,39.0,36.0
2856.627437,lid_open,1786024142723407000,26.44533663186301,1,1,39.0,36.0
2859.632407,lid_open,1786024145728377000,26.118489568884492,1,1,39.0,36.0
2862.634292,lid_open,1786024148730262000,26.033224959294248,1,1,39.0,36.0
2865.635713,lid_open,1786024151731683000,25.989999227805345,1,1,39.0,36.0
2868.636104,lid_open,1786024154732074000,25.649634483526253,1,1,39.0,36.0
2871.639805,lid_open,1786024157735775000,25.518045263380433,1,1,39.0,36.0
2874.643635,lid_open,1786024160739605000,25.606151545104492,1,1,39.0,36.0
2877.645582,lid_open,1786024163741552000,25.468688164848437,1,1,39.0,36.0
2880.650591,lid_open,1786024166746561000,25.304662079827846,1,1,39.0,36.0
2883.656146,lid_open,1786024169752116000,25.24384666431562,1,1,39.0,36.0
2886.657643,lid_open,1786024172753613000,25.247599475306693,1,1,39.0,36.0
2889.66565,lid_open,1786024175761620000,25.28407749703546,1,1,39.0,36.0
2892.662465,lid_open,1786024178758435000,25.240648863426856,1,1,39.0,36.0
2895.671671,lid_open,1786024181767641000,25.068836422318363,1,1,39.0,36.0
2898.674704,lid_open,1786024184770674000,25.009337742832944,1,1,39.0,36.0
2901.673626,lid_open,1786024187769596000,24.966108372365383,1,1,39.0,36.0
2904.680965,lid_open,1786024190776935000,24.76642073912316,1,1,39.0,36.0
2907.680657,lid_open,1786024193776627000,24.74304878041239,1,1,39.0,36.0
2910.682634,lid_open,1786024196778604000,24.761916677127516,1,1,39.0,36.0
2913.687488,lid_open,1786024199783458000,24.790656648261265,1,1,39.0,36.0
2916.692718,lid_open,1786024202788688000,24.70302056584333,1,1,39.0,36.0
2919.696872,lid_open,1786024205792842000,24.78353363443996,1,1,39.0,36.0
2922.698518,lid_open,1786024208794488000,24.794299980320524,1,1,39.0,36.0
2925.697743,lid_open,1786024211793713000,24.81636583877531,1,1,39.0,36.0
2928.706837,lid_open,1786024214802807000,24.614531151214003,1,1,39.0,36.0
2931.708706,lid_open,1786024217804676000,24.513141983076636,1,1,39.0,36.0
2934.712454,lid_open,1786024220808424000,24.61999515126084,1,1,39.0,36.0
2937.713739,lid_open,1786024223809709000,24.484142302604184,1,1,39.0,36.0
2940.722371,lid_open,1786024226818341000,24.43500265049397,1,1,39.0,36.0
2943.719953,lid_open,1786024229815923000,24.43713744768907,1,1,39.0,36.0
2946.727235,lid_open,1786024232823205000,24.42925498345459,1,1,39.0,36.0
2949.73103,lid_open,1786024235827000000,24.166499460590693,1,1,39.0,36.0
2952.736626,lid_open,1786024238832596000,24.227756737695646,1,1,39.0,36.0
2955.741411,lid_open,1786024241837381000,24.265942100542134,1,1,39.0,36.0
2958.747634,lid_open,1786024244843604000,24.330304436838638,1,1,39.0,36.0
2961.752448,lid_open,1786024247848418000,24.465586131019748,1,1,39.0,36.0
2964.756771,lid_open,1786024250852741000,24.5810246211401,1,1,39.0,36.0
2967.758264,lid_open,1786024253854234000,24.47949884406493,1,1,39.0,36.0
2970.762936,lid_open,1786024256858906000,24.376966567876458,1,1,39.0,36.0
2973.767878,lid_open,1786024259863848000,24.42214992285194,1,1,39.0,36.0
2976.771221,lid_open,1786024262867191000,24.135992404173614,1,1,39.0,36.0
2979.774124,lid_open,1786024265870094000,24.13227056561381,1,1,39.0,36.0
2982.775157,lid_open,1786024268871127000,24.212770708985843,1,1,39.0,36.0
2985.781721,lid_open,1786024271877691000,24.16852266118477,1,1,39.0,36.0
2988.78024,lid_open,1786024274876210000,24.136612862342517,1,1,39.0,36.0
2991.788889,lid_open,1786024277884859000,24.126353514140437,1,1,39.0,36.0
2994.79215,lid_open,1786024280888120000,24.11803474276443,1,1,39.0,36.0
2997.794554,lid_open,1786024283890524000,24.10027960481397,1,1,39.0,36.0
3000.793089,lid_open,1786024286889059000,24.033284834530438,1,1,39.0,36.0
3003.795902,lid_open,1786024289891872000,24.116969008431777,1,1,39.0,36.0
3006.797639,lid_open,1786024292893609000,24.205830875155534,1,1,39.0,36.0
3009.800817,lid_open,1786024295896787000,24.050695730406794,1,1,39.0,36.0
3012.80479,lid_open,1786024298900760000,24.26263508872691,1,1,39.0,36.0
3015.807138,lid_open,1786024301903108000,24.334316546403766,1,1,39.0,36.0
3018.805325,lid_open,1786024304901295000,24.367303999682466,1,1,39.0,36.0
3021.812789,lid_open,1786024307908759000,24.443980621115777,1,1,39.0,36.0
3024.816753,lid_open,1786024310912723000,24.493687375461793,1,1,39.0,36.0
3027.820979,lid_open,1786024313916949000,24.386356004780072,1,1,39.0,36.0
3030.823228,lid_open,1786024316919198000,24.39104159426838,1,1,39.0,36.0
3033.826729,lid_open,1786024319922699000,24.505310626760327,1,1,39.0,36.0
3036.82963,lid_open,1786024322925600000,24.309958463759493,1,1,39.0,36.0
3039.831351,lid_open,1786024325927321000,24.279861313145915,1,1,39.0,36.0
3042.837841,lid_open,1786024328933811000,24.091340343067372,1,1,39.0,36.0
3045.84169,lid_open,1786024331937660000,24.079184043096703,1,1,39.0,36.0
3048.847678,lid_open,1786024334943648000,24.148811373997937,1,1,39.0,36.0
3051.846704,lid_open,1786024337942674000,24.230095451428763,1,1,39.0,36.0
3054.848763,lid_open,1786024340944733000,24.510759651499534,1,1,39.0,36.0
3057.854449,lid_open,1786024343950419000,24.63467457909542,1,1,39.0,36.0
3060.859601,lid_open,1786024346955571000,24.58537760620318,1,1,39.0,36.0
3063.858481,lid_open,1786024349954451000,24.442584732109662,1,1,39.0,36.0
3066.860748,lid_open,1786024352956718000,24.131295826522102,1,1,39.0,36.0
3069.860008,lid_open,1786024355955978000,24.15780815035198,1,1,39.0,36.0
3072.86262,lid_open,1786024358958590000,23.98215649521755,1,1,39.0,36.0
3075.866471,lid_open,1786024361962441000,23.945557845193246,1,1,39.0,36.0
3078.883227,lid_open,1786024364979197000,23.964674996364685,1,1,39.0,36.0
3081.874359,lid_open,1786024367970329000,24.00313599828619,1,1,39.0,36.0
3084.880657,lid_open,1786024370976627000,23.81175666707232,1,1,39.0,36.0
3087.88772,lid_open,1786024373983690000,24.002691835970335,1,1,39.0,36.0
3090.88807,lid_open,1786024376984040000,24.016056117043735,1,1,39.0,36.0
3093.888464,lid_open,1786024379984434000,24.02192550854506,1,1,39.0,36.0
3096.896827,lid_open,1786024382992797000,23.914455598651774,1,1,39.0,36.0
3099.898374,lid_open,1786024385994344000,23.8631503044906,1,1,39.0,36.0
3102.901753,lid_open,1786024388997723000,23.81408913733454,1,1,39.0,36.0
3105.904483,lid_open,1786024392000453000,23.871622633237628,1,1,39.0,36.0
3108.910315,lid_open,1786024395006285000,23.959983122274412,1,1,39.0,36.0
3111.925265,lid_open,1786024398021235000,24.03595606457367,1,1,39.0,36.0
3114.932167,lid_open,1786024401028137000,24.12813939678912,1,1,39.0,36.0
3117.935677,lid_open,1786024404031647000,23.997574713747085,1,1,39.0,36.0
3120.937294,lid_open,1786024407033264000,24.10838559029752,1,1,39.0,36.0
3123.939824,lid_open,1786024410035794000,24.11888167846716,1,1,39.0,36.0
3126.945622,lid_open,1786024413041592000,24.173766346927227,1,1,39.0,36.0
3129.948708,lid_open,1786024416044678000,24.182993573749243,1,1,39.0,36.0
3133.005403,lid_open,1786024419101373000,24.06347822036843,1,1,39.0,36.0
3136.007711,lid_open,1786024422103681000,24.06863703809234,1,1,39.0,36.0
3139.014256,lid_open,1786024425110226000,24.00846855685584,1,1,39.0,36.0
3142.019487,lid_open,1786024428115457000,23.940421708407403,1,1,39.0,36.0
3145.022538,lid_open,1786024431118508000,24.034804400741958,1,1,39.0,36.0
3148.019613,lid_open,1786024434115583000,23.769678163070605,1,1,39.0,36.0
3151.028102,lid_open,1786024437124072000,23.79265655502303,1,1,39.0,36.0
3154.031569,lid_open,1786024440127539000,23.709581722763637,1,1,39.0,36.0
3157.036533,lid_open,1786024443132503000,23.892993668859845,1,1,39.0,36.0
3160.042514,lid_open,1786024446138484000,23.918060476713,1,1,39.0,36.0
3163.047568,lid_open,1786024449143538000,23.938295173027033,1,1,39.0,36.0
3166.050048,lid_open,1786024452146018000,23.945889029191793,1,1,39.0,36.0
3169.053288,lid_open,1786024455149258000,23.82648150744917,1,1,39.0,36.0
3172.054408,lid_open,1786024458150378000,23.751342292822205,1,1,39.0,36.0
3175.054562,lid_open,1786024461150532000,23.685659726177754,1,1,39.0,36.0
3178.057831,lid_open,1786024464153801000,23.69003083598517,1,1,39.0,36.0
3181.059914,lid_open,1786024467155884000,23.567042304304298,1,1,39.0,36.0
3184.059786,lid_open,1786024470155756000,23.56038578047511,1,1,39.0,36.0
3187.069544,lid_open,1786024473165514000,23.421653072597415,1,1,39.0,36.0
3190.070981,lid_open,1786024476166951000,23.52514713435287,1,1,39.0,36.0
3193.076239,lid_open,1786024479172209000,23.514027753992558,1,1,39.0,36.0
3196.079917,lid_open,1786024482175887000,23.497856974701666,1,1,39.0,36.0
3199.076647,lid_open,1786024485172617000,23.319503535001534,1,1,39.0,36.0
3202.08467,lid_open,1786024488180640000,23.415004784551055,1,1,39.0,36.0
3205.08298,lid_open,1786024491178950000,23.431965524238652,1,1,39.0,36.0
3208.085448,lid_open,1786024494181418000,23.330913976939332,1,1,39.0,36.0
3211.091009,lid_open,1786024497186979000,23.34416536024703,1,1,39.0,36.0
3214.098842,lid_open,1786024500194812000,23.40962992344693,1,1,39.0,36.0
3217.101591,lid_open,1786024503197561000,23.26998351284034,1,1,39.0,36.0
3220.10087,lid_open,1786024506196840000,23.387892014785308,1,1,39.0,36.0
3223.10699,lid_open,1786024509202960000,23.40540375681894,1,1,39.0,36.0
3226.105759,lid_open,1786024512201729000,23.507526839224532,1,1,39.0,36.0
3229.114518,lid_open,1786024515210488000,23.56320279895643,1,1,39.0,36.0
3232.118581,lid_open,1786024518214551000,23.436741397157444,1,1,39.0,36.0
3235.120152,lid_open,1786024521216122000,23.38924409887652,1,1,39.0,36.0
3238.122431,lid_open,1786024524218401000,23.403701522041963,1,1,39.0,36.0
3241.127563,lid_open,1786024527223533000,23.38436448504461,1,1,39.0,36.0
3244.129317,lid_open,1786024530225287000,23.340005265740054,1,1,39.0,36.0
3247.132094,lid_open,1786024533228064000,23.21570566392953,1,1,39.0,36.0
3250.135443,lid_open,1786024536231413000,23.247931261875497,1,1,39.0,36.0
3253.14112,lid_open,1786024539237090000,23.133879684383857,1,1,39.0,36.0
3256.14493,lid_open,1786024542240900000,23.082703792382652,1,1,39.0,36.0
3259.151136,lid_open,1786024545247106000,23.14916739360442,1,1,39.0,36.0
3262.155831,lid_open,1786024548251801000,23.036548485257438,1,1,39.0,36.0
3265.154645,lid_open,1786024551250615000,23.20257242723345,1,1,39.0,36.0
3268.159434,lid_open,1786024554255404000,23.17193591972558,1,1,39.0,36.0
3271.161044,lid_open,1786024557257014000,23.327520456149745,1,1,39.0,36.0
3274.165331,lid_open,1786024560261301000,23.423074312422735,1,1,39.0,36.0
3277.16995,lid_open,1786024563265920000,23.27873265459656,1,1,39.0,36.0
3280.175512,lid_open,1786024566271482000,23.237681243989964,1,1,39.0,36.0
3283.176678,lid_open,1786024569272648000,23.13036632269661,1,1,39.0,36.0
3286.178175,lid_open,1786024572274145000,23.18246710620934,1,1,39.0,36.0
3289.184738,lid_open,1786024575280708000,23.166536770376663,1,1,39.0,36.0
3292.184042,lid_open,1786024578280012000,23.208140351525344,1,1,39.0,36.0
3295.186061,lid_open,1786024581282031000,23.222368474423206,1,1,39.0,36.0
3298.189089,lid_open,1786024584285059000,23.2558900740527,1,1,39.0,36.0
3301.19362,lid_open,1786024587289590000,23.364105029630068,1,1,39.0,36.0
3304.198888,lid_open,1786024590294858000,23.28413959745281,1,1,39.0,36.0
3307.203214,lid_open,1786024593299184000,23.30426392570767,1,1,39.0,36.0
3310.205462,lid_open,1786024596301432000,23.100601523554584,1,1,39.0,36.0
3313.208131,lid_open,1786024599304101000,23.11906054269197,1,1,39.0,36.0
3316.207927,lid_open,1786024602303897000,22.956692617594353,1,1,39.0,36.0
3319.208757,lid_open,1786024605304727000,23.01638245619008,1,1,39.0,36.0
3322.211199,lid_open,1786024608307169000,23.057836948567957,1,1,39.0,36.0
3325.217627,lid_open,1786024611313597000,23.1807768691482,1,1,39.0,36.0
3328.222,lid_open,1786024614317970000,23.23935487775277,1,1,39.0,36.0
3331.227241,lid_open,1786024617323211000,23.372931387665353,1,1,39.0,36.0
3334.231305,lid_open,1786024620327275000,23.288190043876085,1,1,39.0,36.0
3337.23136,lid_open,1786024623327330000,23.116335317745282,1,1,39.0,36.0
3340.23568,lid_open,1786024626331650000,23.103493052600967,1,1,39.0,36.0
3343.237927,lid_open,1786024629333897000,23.165083704911822,1,1,39.0,36.0
3346.240862,lid_open,1786024632336832000,23.3611491879208,1,1,39.0,36.0
3349.246863,lid_open,1786024635342833000,23.376189904216428,1,1,39.0,36.0
3352.255103,lid_open,1786024638351073000,23.500002691558873,1,1,39.0,36.0
3355.259534,lid_open,1786024641355504000,23.512070466075045,1,1,39.0,36.0
3358.258638,lid_open,1786024644354608000,23.53481787380806,1,1,39.0,36.0
3361.260032,lid_open,1786024647356002000,23.582975647247007,1,1,39.0,36.0
3364.267031,lid_open,1786024650363001000,23.73911263244291,1,1,39.0,36.0
3367.268078,lid_open,1786024653364048000,23.72199250187307,1,1,39.0,36.0
3370.271885,lid_open,1786024656367855000,23.715083894834837,1,1,39.0,36.0
3373.271814,lid_open,1786024659367784000,23.596900583895366,1,1,39.0,36.0
3376.278823,lid_open,1786024662374793000,23.35908155659209,1,1,39.0,36.0
3379.285013,lid_open,1786024665380983000,23.39248110757456,1,1,39.0,36.0
3382.289248,lid_open,1786024668385218000,23.325508556135084,1,1,39.0,36.0
3385.294163,lid_open,1786024671390133000,23.48455808953588,1,1,39.0,36.0
3388.29404,lid_open,1786024674390010000,23.601309953356846,1,1,39.0,36.0
3391.293192,lid_open,1786024677389162000,23.68783387906016,1,1,39.0,36.0
3394.299777,lid_open,1786024680395747000,23.687192255758625,1,1,39.0,36.0
3397.307079,lid_open,1786024683403049000,23.563332745386077,1,1,39.0,36.0
3400.310969,lid_open,1786024686406939000,23.48859538002984,1,1,39.0,36.0
3403.309847,lid_open,1786024689405817000,23.429849653504167,1,1,39.0,36.0
3406.311627,lid_open,1786024692407597000,23.32428232541739,1,1,39.0,36.0
3409.313969,lid_open,1786024695409939000,23.44164326744092,1,1,39.0,36.0
3412.318681,lid_open,1786024698414651000,23.400538016023834,1,1,39.0,36.0
3415.322971,lid_open,1786024701418941000,23.430272187002373,1,1,39.0,36.0
3418.324586,lid_open,1786024704420556000,23.36888215273135,1,1,39.0,36.0
3421.329922,lid_open,1786024707425892000,23.372918309054548,1,1,39.0,36.0
3424.335461,lid_open,1786024710431431000,23.344762535424515,1,1,39.0,36.0
3427.336924,lid_open,1786024713432894000,23.206846009329006,1,1,39.0,36.0
3430.341486,lid_open,1786024716437456000,23.156212833885206,1,1,39.0,36.0
3433.345614,lid_open,1786024719441584000,23.11946246716908,1,1,39.0,36.0
3436.348446,lid_open,1786024722444416000,23.126978050002744,1,1,39.0,36.0
3439.350215,lid_open,1786024725446185000,23.02238359196546,1,1,39.0,36.0
3442.355837,lid_open,1786024728451807000,22.973226514949456,1,1,39.0,36.0
3445.359896,lid_open,1786024731455866000,23.004911754301208,1,1,39.0,36.0
3448.362736,lid_open,1786024734458706000,23.163664941616897,1,1,39.0,36.0
3451.365694,lid_open,1786024737461664000,23.406912724660305,1,1,39.0,36.0
3454.36911,lid_open,1786024740465080000,23.40469079381494,1,1,39.0,36.0
3457.370857,lid_open,1786024743466827000,23.486116650649375,1,1,39.0,36.0
3460.372927,lid_open,1786024746468897000,23.45150594404665,1,1,39.0,36.0
3463.375496,lid_open,1786024749471466000,23.259157553988317,1,1,39.0,36.0
3466.379951,lid_open,1786024752475921000,23.287884422729867,1,1,39.0,36.0
3469.382942,lid_open,1786024755478912000,23.310213253023978,1,1,39.0,36.0
3472.388896,lid_open,1786024758484866000,23.427605466940427,1,1,39.0,36.0
3475.387927,lid_open,1786024761483897000,23.25084188068537,1,1,39.0,36.0
3478.39054,lid_open,1786024764486510000,23.185365238437065,1,1,39.0,36.0
3481.392754,lid_open,1786024767488724000,23.07868803644042,1,1,39.0,36.0
3484.398845,lid_open,1786024770494815000,23.14703611022712,1,1,39.0,36.0
3487.404031,lid_open,1786024773500001000,23.1464364274654,1,1,39.0,36.0
3490.406107,lid_open,1786024776502077000,23.1638651369255,1,1,39.0,36.0
3493.41037,lid_open,1786024779506340000,23.148906553330853,1,1,39.0,36.0
3496.41658,lid_open,1786024782512550000,23.15046513286863,1,1,39.0,36.0
3499.42223,lid_open,1786024785518200000,23.09163141036088,1,1,39.0,36.0
3502.420714,lid_open,1786024788516684000,23.203755075853028,1,1,39.0,36.0
3505.427231,lid_open,1786024791523201000,23.109055822526244,1,1,39.0,36.0
3508.430588,lid_open,1786024794526558000,23.292662851917257,1,1,39.0,36.0
3511.434024,lid_open,1786024797529994000,23.242474497448804,1,1,39.0,36.0
3514.441144,lid_open,1786024800537114000,23.272924500368052,1,1,39.0,36.0
3517.441446,lid_open,1786024803537416000,23.197358332623555,1,1,39.0,36.0
3520.445992,lid_open,1786024806541962000,23.342928209271765,1,1,39.0,36.0
3523.451242,lid_open,1786024809547212000,23.338879513574334,1,1,39.0,36.0
3526.455562,lid_open,1786024812551532000,23.289074913425655,1,1,39.0,36.0
3529.460995,lid_open,1786024815556965000,23.479286255453214,1,1,39.0,36.0
3532.464449,lid_open,1786024818560419000,23.546300291293594,1,1,39.0,36.0
3535.467876,lid_open,1786024821563846000,23.604876404468172,1,1,39.0,36.0
3538.465668,lid_open,1786024824561638000,23.56113357511214,1,1,39.0,36.0
3541.46762,lid_open,1786024827563590000,23.504389155614252,1,1,39.0,36.0
3544.471184,lid_open,1786024830567154000,23.38058532268104,1,1,39.0,36.0
3547.478246,lid_open,1786024833574216000,23.348048937373278,1,1,39.0,36.0
3550.48107,lid_open,1786024836577040000,23.23526054463086,1,1,39.0,36.0
3553.482877,lid_open,1786024839578847000,23.20351522218624,1,1,39.0,36.0
3556.486041,lid_open,1786024842582011000,23.09657112131075,1,1,39.0,36.0
3559.489677,lid_open,1786024845585647000,23.208732946629155,1,1,39.0,36.0
3562.495939,lid_open,1786024848591909000,23.328619870946504,1,1,39.0,36.0
3565.492861,lid_open,1786024851588831000,23.250420576295333,1,1,39.0,36.0
3568.498665,lid_open,1786024854594635000,23.360589543159865,1,1,39.0,36.0
3571.501453,lid_open,1786024857597423000,23.357262349693194,1,1,39.0,36.0
3574.505664,lid_open,1786024860601634000,23.123343960807148,1,1,39.0,36.0
3577.514525,lid_open,1786024863610495000,23.03317703836267,1,1,39.0,36.0
3580.515819,lid_open,1786024866611789000,23.067702656780213,1,1,39.0,36.0
3583.520326,lid_open,1786024869616296000,22.989019756615974,1,1,39.0,36.0
3586.523076,lid_open,1786024872619046000,22.89185773830871,1,1,39.0,36.0
3589.526127,lid_open,1786024875622097000,23.004968475345486,1,1,39.0,36.0
3592.527755,lid_open,1786024878623725000,23.045136860990542,1,1,39.0,36.0
3595.532212,lid_open,1786024881628182000,23.28743221051052,1,1,39.0,36.0
3598.534767,lid_open,1786024884630737000,23.175467630842167,1,1,39.0,36.0
3601.535778,lid_open,1786024887631748000,23.045425387005224,1,1,39.0,36.0
3604.536014,lid_open,1786024890631984000,22.98478762020321,1,1,39.0,36.0
3607.542907,lid_open,1786024893638877000,22.963221679490932,1,1,39.0,36.0
3610.544418,lid_open,1786024896640388000,22.92556571328116,1,1,39.0,36.0
3613.549855,lid_open,1786024899645825000,23.10746916491699,1,1,39.0,36.0
3616.55777,lid_open,1786024902653740000,23.156827044323656,1,1,39.0,36.0
3619.555469,lid_open,1786024905651439000,23.1124002201076,1,1,39.0,36.0
3622.564667,lid_open,1786024908660637000,23.10427548636542,1,1,39.0,36.0
3625.567093,lid_open,1786024911663063000,23.18219046114267,1,1,39.0,36.0
3628.567671,lid_open,1786024914663641000,23.25544756783218,1,1,39.0,36.0
3631.571413,lid_open,1786024917667383000,23.264725083724517,1,1,39.0,36.0
3634.570743,lid_open,1786024920666713000,23.108050988631177,1,1,39.0,36.0
3637.574507,lid_open,1786024923670477000,23.103958255524635,1,1,39.0,36.0
3640.578691,lid_open,1786024926674661000,23.182006369559367,1,1,39.0,36.0
3643.587159,lid_open,1786024929683129000,23.12634693700123,1,1,39.0,36.0
3646.587442,lid_open,1786024932683412000,23.188971270148205,1,1,39.0,36.0
3649.591411,lid_open,1786024935687381000,23.06681275968481,1,1,39.0,36.0
3652.593944,lid_open,1786024938689914000,23.164505612197246,1,1,39.0,36.0
3655.59846,lid_open,1786024941694430000,23.1793312764544,1,1,39.0,36.0
3658.599663,lid_open,1786024944695633000,23.224346384264543,1,1,39.0,36.0
3661.606935,lid_open,1786024947702905000,23.317308865834402,1,1,39.0,36.0
3664.61172,lid_open,1786024950707690000,23.434662816168466,1,1,39.0,36.0
3667.615744,lid_open,1786024953711714000,23.330603611475215,1,1,39.0,36.0
3670.620585,lid_open,1786024956716555000,23.260323012938283,1,1,39.0,36.0
3673.619781,lid_open,1786024959715751000,23.454611598208697,1,1,39.0,36.0
3676.625756,lid_open,1786024962721726000,23.4855504401073,1,1,39.0,36.0
3679.630801,lid_open,1786024965726771000,23.328730008921557,1,1,39.0,36.0
3682.63419,lid_open,1786024968730160000,23.275982188191662,1,1,39.0,36.0
3685.633823,lid_open,1786024971729793000,23.217149803370802,1,1,39.0,36.0
3688.639823,lid_open,1786024974735793000,23.437640887383903,1,1,39.0,36.0
3691.642376,lid_open,1786024977738346000,23.295279242152382,1,1,39.0,36.0
3694.648784,lid_open,1786024980744754000,23.3762257595587,1,1,39.0,36.0
3697.649384,lid_open,1786024983745354000,23.350334366653342,1,1,39.0,36.0
3700.651101,lid_open,1786024986747071000,23.42695842512351,1,1,39.0,36.0
3703.652654,lid_open,1786024989748624000,23.462196364220052,1,1,39.0,36.0
3706.657508,lid_open,1786024992753478000,23.365936982554853,1,1,39.0,36.0
3709.660003,lid_open,1786024995755973000,23.309323529237716,1,1,39.0,36.0
3712.664592,lid_open,1786024998760562000,23.121855489014973,1,1,39.0,36.0
3715.661769,lid_open,1786025001757739000,23.224706846771014,1,1,39.0,36.0
3718.671321,lid_open,1786025004767291000,23.227727591665225,1,1,39.0,36.0
3721.672708,lid_open,1786025007768678000,23.324717641634038,1,1,39.0,36.0
3724.674082,lid_open,1786025010770052000,23.278271248848384,1,1,39.0,36.0
3727.673367,lid_open,1786025013769337000,23.412470325967135,1,1,39.0,36.0
3730.677347,lid_open,1786025016773317000,23.334828804643983,1,1,39.0,36.0
3733.684756,lid_open,1786025019780726000,23.29319835167149,1,1,39.0,36.0
3736.687435,lid_open,1786025022783405000,23.348449439905167,1,1,39.0,36.0
3739.688102,lid_open,1786025025784072000,23.35352660285042,1,1,39.0,36.0
3742.690548,lid_open,1786025028786518000,23.30894606338027,1,1,39.0,36.0
3745.695703,lid_open,1786025031791673000,23.39292577455767,1,1,39.0,36.0
3748.700156,lid_open,1786025034796126000,23.45161383817604,1,1,39.0,36.0
3751.702323,lid_open,1786025037798293000,23.501409579592938,1,1,39.0,36.0
3754.708402,lid_open,1786025040804372000,23.57036731950949,1,1,39.0,36.0
3757.713412,lid_open,1786025043809382000,23.574594790965076,1,1,39.0,36.0
3760.718712,lid_open,1786025046814682000,23.663772718453732,1,1,39.0,36.0
3763.717862,lid_open,1786025049813832000,23.560612588024807,1,1,39.0,36.0
3766.71984,lid_open,1786025052815810000,23.430123869112055,1,1,39.0,36.0
3769.720541,lid_open,1786025055816511000,23.488647563506,1,1,39.0,36.0
3772.724728,lid_open,1786025058820698000,23.580623661140486,1,1,39.0,36.0
3775.723963,lid_open,1786025061819933000,23.735937069552595,1,1,39.0,36.0
3778.728923,lid_open,1786025064824893000,23.693660920443655,1,1,39.0,36.0
3781.728202,lid_open,1786025067824172000,23.649332015974128,1,1,39.0,36.0
3784.735111,lid_open,1786025070831081000,23.49227523956316,1,1,39.0,36.0
3787.734756,lid_open,1786025073830726000,23.53247629240769,1,1,39.0,36.0
3790.739306,lid_open,1786025076835276000,23.476461506184943,1,1,39.0,36.0
3793.743814,lid_open,1786025079839784000,23.53339684601696,1,1,39.0,36.0
3796.744146,lid_open,1786025082840116000,23.450130853847753,1,1,39.0,36.0
3799.745396,lid_open,1786025085841366000,23.534078504737337,1,1,39.0,36.0
3802.753052,lid_open,1786025088849022000,23.53879093394644,1,1,39.0,36.0
3805.75257,lid_open,1786025091848540000,23.469069832984253,1,1,39.0,36.0
3808.754273,lid_open,1786025094850243000,23.340950438653014,1,1,39.0,36.0
3811.761597,lid_open,1786025097857567000,23.45755263855798,1,1,39.0,36.0
3814.766009,lid_open,1786025100861979000,23.281644296418335,1,1,39.0,36.0
3817.767696,lid_open,1786025103863666000,23.369646250083058,1,1,39.0,36.0
3820.768949,lid_open,1786025106864919000,23.48976997078801,1,1,39.0,36.0
3823.773864,lid_open,1786025109869834000,23.560772215326367,1,1,39.0,36.0
3826.781337,lid_open,1786025112877307000,23.403096030146877,1,1,39.0,36.0
3829.782403,lid_open,1786025115878373000,23.58593648277138,1,1,39.0,36.0
3832.782097,lid_open,1786025118878067000,23.5673110974826,1,1,39.0,36.0
3835.783297,lid_open,1786025121879267000,23.602506063540474,1,1,39.0,36.0
3838.783221,lid_open,1786025124879191000,23.772248796941252,1,1,39.0,36.0
3841.789828,lid_open,1786025127885798000,23.703102006031607,1,1,39.0,36.0
3844.79144,lid_open,1786025130887410000,23.77896941536331,1,1,39.0,36.0
3847.796947,lid_open,1786025133892917000,23.711640683307262,1,1,39.0,36.0
3850.798118,lid_open,1786025136894088000,23.627835946000474,1,1,39.0,36.0
3853.799452,lid_open,1786025139895422000,23.696891346435752,1,1,39.0,36.0
3856.806861,lid_open,1786025142902831000,23.77903289088413,1,1,39.0,36.0
3859.805216,lid_open,1786025145901186000,23.635596032123924,1,1,39.0,36.0
3862.808631,lid_open,1786025148904601000,23.501772365462735,1,1,39.0,36.0
3865.812321,lid_open,1786025151908291000,23.570098992020252,1,1,39.0,36.0
3868.822893,lid_open,1786025154918863000,23.690961137016554,1,1,39.0,36.0
3871.827068,lid_open,1786025157923038000,23.83835827921596,1,1,39.0,36.0
3874.827012,lid_open,1786025160922982000,23.731123268125156,1,1,39.0,36.0
3877.83051,lid_open,1786025163926480000,23.634503400205517,1,1,39.0,36.0
3880.838445,lid_open,1786025166934415000,23.6232379236234,1,1,39.0,36.0
3883.838514,lid_open,1786025169934484000,23.667232491835595,1,1,39.0,36.0
3886.843449,lid_open,1786025172939419000,23.663398738039422,1,1,39.0,36.0
3889.846779,lid_open,1786025175942749000,23.73803327587332,1,1,39.0,36.0
3892.859405,lid_open,1786025178955375000,23.79176950501863,1,1,39.0,36.0
3895.860242,lid_open,1786025181956212000,23.660563430858733,1,1,39.0,36.0
3898.863311,lid_open,1786025184959281000,23.635907126610515,1,1,39.0,36.0
3901.867195,lid_open,1786025187963165000,23.637397157956304,1,1,39.0,36.0
3904.867998,lid_open,1786025190963968000,23.644532300295246,1,1,39.0,36.0
3907.871752,lid_open,1786025193967722000,23.56377721971137,1,1,39.0,36.0
3910.880823,lid_open,1786025196976793000,23.589031340960023,1,1,39.0,36.0
3913.885561,lid_open,1786025199981531000,23.596515141208684,1,1,39.0,36.0
3916.888846,lid_open,1786025202984816000,23.576161783622137,1,1,39.0,36.0
3919.891531,lid_open,1786025205987501000,23.368664487365283,1,1,39.0,36.0
3922.895279,lid_open,1786025208991249000,23.343856242112423,1,1,39.0,36.0
3925.896991,lid_open,1786025211992961000,23.387677950467282,1,1,39.0,36.0
3928.903361,lid_open,1786025214999331000,23.409640158590335,1,1,39.0,36.0
3931.90669,lid_open,1786025218002660000,23.282185353256235,1,1,39.0,36.0
3934.902042,lid_open,1786025220998012000,23.387579978940288,1,1,39.0,36.0
3937.913489,lid_open,1786025224009459000,23.422330620225424,1,1,39.0,36.0
3940.913157,lid_open,1786025227009127000,23.414132315258776,1,1,39.0,36.0
3943.91524,lid_open,1786025230011210000,23.37837718757799,1,1,39.0,36.0
3946.917296,lid_open,1786025233013266000,23.17514372528749,1,1,39.0,36.0
3949.924775,lid_open,1786025236020745000,23.095914468326455,1,1,39.0,36.0
3952.928953,lid_open,1786025239024923000,23.059416569435253,1,1,39.0,36.0
3955.932737,lid_open,1786025242028707000,23.135052710417256,1,1,39.0,36.0
3958.93346,lid_open,1786025245029430000,23.04506417717822,1,1,39.0,36.0
3961.937291,lid_open,1786025248033261000,22.954417576639017,1,1,39.0,36.0
3964.946071,lid_open,1786025251042041000,22.84763257535015,1,1,39.0,36.0
3967.944775,lid_open,1786025254040745000,22.806007702951923,1,1,39.0,36.0
3970.944781,lid_open,1786025257040751000,22.939415137151148,1,1,39.0,36.0
3973.9476,lid_open,1786025260043570000,22.72175060547088,1,1,39.0,36.0
3976.951757,lid_open,1786025263047727000,22.80408020163922,1,1,39.0,36.0
3979.957988,lid_open,1786025266053958000,23.022376389464718,1,1,39.0,36.0
3982.962677,lid_open,1786025269058647000,22.977559675866374,1,1,39.0,36.0
3985.96227,lid_open,1786025272058240000,23.12308137963165,1,1,39.0,36.0
3988.966244,lid_open,1786025275062214000,23.133036445996453,1,1,39.0,36.0
3991.964551,lid_open,1786025278060521000,23.106867660051105,1,1,39.0,36.0
3994.972281,lid_open,1786025281068251000,23.07891394717864,1,1,39.0,36.0
3997.971092,lid_open,1786025284067062000,22.963163307343944,1,1,39.0,36.0
4000.977171,lid_open,1786025287073141000,22.949359950038758,1,1,39.0,36.0
4003.978838,lid_open,1786025290074808000,23.017004768919037,1,1,39.0,36.0
4006.979847,lid_open,1786025293075817000,23.082089586004468,1,1,39.0,36.0
4009.988978,lid_open,1786025296084948000,23.08130480940971,1,1,39.0,36.0
4012.992,lid_open,1786025299087970000,23.05788906299629,1,1,39.0,36.0
