emitted_at,spec,t,robustness
1436.053303,phi_hi,1045.596877,3.421540385997538
1436.053303,phi_lo,1045.596877,2.5727869521805573
1439.058726,phi_hi,1048.60243,3.421540385997538
1439.058726,phi_lo,1048.60243,2.7237573594152806
1442.055256,phi_hi,1051.60509,3.421540385997538
1442.055256,phi_lo,1051.60509,2.7518037656717524
1445.061481,phi_hi,1054.608524,3.400291692843716
1445.061481,phi_lo,1054.608524,2.7518037656717524
1448.062559,phi_hi,1057.612105,3.400291692843716
1448.062559,phi_lo,1057.612105,2.7755936642517725
1451.065208,phi_hi,1060.621417,3.3995980545574085
1451.065208,phi_lo,1060.621417,2.7755936642517725
1454.070623,phi_hi,1063.622936,3.3995980545574085
1454.070623,phi_lo,1063.622936,2.887655537422539
1457.072298,phi_hi,1066.626079,3.3995980545574085
1457.072298,phi_lo,1066.626079,2.887655537422539
1460.076338,phi_hi,1069.631797,3.3885667167837568
1460.076338,phi_lo,1069.631797,2.9836135864309057
1463.080023,phi_hi,1072.632049,3.3885667167837568
1463.080023,phi_lo,1072.632049,3.1813396837931904
1466.085194,phi_hi,1075.635862,3.3885667167837568
1466.085194,phi_lo,1075.635862,3.4437296716669223
1469.086789,phi_hi,1078.641096,3.3885667167837568
1469.086789,phi_lo,1078.641096,3.552581554626066
1472.090151,phi_hi,1081.64225,3.3885667167837568
1472.090151,phi_lo,1081.64225,3.6483212122818145
1475.089595,phi_hi,1084.647439,3.3885667167837568
1475.089595,phi_lo,1084.647439,3.7005326002657526
1478.092405,phi_hi,1087.657963,3.3885667167837568
1478.092405,phi_lo,1087.657963,3.8856084677183986
1481.094524,phi_hi,1090.657498,3.3885667167837568
1481.094524,phi_lo,1090.657498,3.8856084677183986
1484.100855,phi_hi,1093.656123,3.3885667167837568
1484.100855,phi_lo,1093.656123,3.8856084677183986
1487.103078,phi_hi,1096.661155,3.3885667167837568
1487.103078,phi_lo,1096.661155,3.8856084677183986
1490.108782,phi_hi,1099.665486,3.3885667167837568
1490.108782,phi_lo,1099.665486,3.8856084677183986
1493.11003,phi_hi,1102.671659,3.3885667167837568
1493.11003,phi_lo,1102.671659,3.8856084677183986
1496.113304,phi_hi,1105.683576,3.3885667167837568
1496.113304,phi_lo,1105.683576,4.112646353856704
1499.117377,phi_hi,1108.67815,3.3885667167837568
1499.117377,phi_lo,1108.67815,4.112646353856704
1502.120782,phi_hi,1111.688085,3.30004031409392
1502.120782,phi_lo,1111.688085,4.204981012337839
1505.125821,phi_hi,1114.688906,3.1686323421949325
1505.125821,phi_lo,1114.688906,4.204981012337839
1508.130551,phi_hi,1117.685812,3.1068147111347457
1508.130551,phi_lo,1117.685812,4.204981012337839
1511.135343,phi_hi,1120.686275,3.091836531077803
1511.135343,phi_lo,1120.686275,4.204981012337839
1514.141654,phi_hi,1123.69336,2.998061074012149
1514.141654,phi_lo,1123.69336,4.204981012337839
1517.144222,phi_hi,1126.697075,2.998061074012149
1517.144222,phi_lo,1126.697075,4.204981012337839
1520.149032,phi_hi,1129.697905,2.998061074012149
1520.149032,phi_lo,1129.697905,4.204981012337839
1523.1511,phi_hi,1132.708189,2.8704971026660573
1523.1511,phi_lo,1132.708189,4.204981012337839
1526.152846,phi_hi,1135.71489,2.70213424045771
1526.152846,phi_lo,1135.71489,4.204981012337839
1529.153954,phi_hi,1138.716213,2.648632780706201
1529.153954,phi_lo,1138.716213,4.204981012337839
1532.157378,phi_hi,1141.715518,2.6483384890583253
1532.157378,phi_lo,1141.715518,4.204981012337839
1535.161414,phi_hi,1144.724015,2.472841121496913
1535.161414,phi_lo,1144.724015,4.204981012337839
1538.164423,phi_hi,1147.7247,2.4189357300616194
1538.164423,phi_lo,1147.7247,4.204981012337839
1541.16551,phi_hi,1150.723676,2.4189357300616194
1541.16551,phi_lo,1150.723676,4.204981012337839
1544.162672,phi_hi,1153.726686,2.4189357300616194
1544.162672,phi_lo,1153.726686,4.204981012337839
1547.166138,phi_hi,1156.73228,2.4189357300616194
1547.166138,phi_lo,1156.73228,4.204981012337839
1550.170412,phi_hi,1159.736277,2.4189357300616194
1550.170412,phi_lo,1159.736277,4.204981012337839
1553.168064,phi_hi,1162.740729,2.4189357300616194
1553.168064,phi_lo,1162.740729,4.204981012337839
1556.17092,phi_hi,1165.74601,2.4189357300616194
1556.17092,phi_lo,1165.74601,4.204981012337839
1559.176809,phi_hi,1168.743467,2.4189357300616194
1559.176809,phi_lo,1168.743467,4.204981012337839
1562.17802,phi_hi,1171.751363,2.4189357300616194
1562.17802,phi_lo,1171.751363,4.204981012337839
1565.181737,phi_hi,1174.752148,2.4189357300616194
1565.181737,phi_lo,1174.752148,4.204981012337839
1568.211645,phi_hi,1177.75821,2.2672076043818876
1568.211645,phi_lo,1177.75821,4.204981012337839
1571.185092,phi_hi,1180.759537,2.2672076043818876
1571.185092,phi_lo,1180.759537,4.204981012337839
1574.187785,phi_hi,1183.767032,2.210732328531172
1574.187785,phi_lo,1183.767032,4.204981012337839
1577.190901,phi_hi,1186.767152,2.2017248744839435
1577.190901,phi_lo,1186.767152,4.204981012337839
1580.195681,phi_hi,1189.772063,2.2017248744839435
1580.195681,phi_lo,1189.772063,4.204981012337839
1583.198738,phi_hi,1192.773848,2.1599906973642646
1583.198738,phi_lo,1192.773848,4.204981012337839
1586.202807,phi_hi,1195.778268,2.0757961568526397
1586.202807,phi_lo,1195.778268,4.204981012337839
1589.208759,phi_hi,1198.781684,2.0757961568526397
1589.208759,phi_lo,1198.781684,4.204981012337839
1592.212907,phi_hi,1201.784844,2.0757961568526397
1592.212907,phi_lo,1201.784844,4.204981012337839
1595.218052,phi_hi,1204.783387,2.0757961568526397
1595.218052,phi_lo,1204.783387,4.204981012337839
1598.225578,phi_hi,1207.787677,2.0757961568526397
1598.225578,phi_lo,1207.787677,4.204981012337839
1601.227825,phi_hi,1210.788435,2.0757961568526397
1601.227825,phi_lo,1210.788435,4.204981012337839
1604.232765,phi_hi,1213.792846,2.0757961568526397
1604.232765,phi_lo,1213.792846,4.204981012337839
1607.236846,phi_hi,1216.791108,1.897361297607624
1607.236846,phi_lo,1216.791108,4.204981012337839
1610.238465,phi_hi,1219.793328,1.897361297607624
1610.238465,phi_lo,1219.793328,4.204981012337839
1613.243299,phi_hi,1222.793225,1.897361297607624
1613.243299,phi_lo,1222.793225,4.204981012337839
1616.245617,phi_hi,1225.797929,1.897361297607624
1616.245617,phi_lo,1225.797929,4.204981012337839
1619.249627,phi_hi,1228.799566,1.897361297607624
1619.249627,phi_lo,1228.799566,4.204981012337839
1622.251609,phi_hi,1231.802562,1.897361297607624
1622.251609,phi_lo,1231.802562,4.204981012337839
1625.253515,phi_hi,1234.801073,1.897361297607624
1625.253515,phi_lo,1234.801073,4.204981012337839
1628.25524,phi_hi,1237.806793,1.897361297607624
1628.25524,phi_lo,1237.806793,4.204981012337839
1631.259017,phi_hi,1240.812274,1.897361297607624
1631.259017,phi_lo,1240.812274,4.204981012337839
1634.25547,phi_hi,1243.816576,1.897361297607624
1634.25547,phi_lo,1243.816576,4.204981012337839
1637.263498,phi_hi,1246.81848,1.897361297607624
1637.263498,phi_lo,1246.81848,4.204981012337839
1640.271419,phi_hi,1249.823549,1.897361297607624
1640.271419,phi_lo,1249.823549,4.204981012337839
1643.274231,phi_hi,1252.831492,1.897361297607624
1643.274231,phi_lo,1252.831492,4.204981012337839
1646.278607,phi_hi,1255.832951,1.897361297607624
1646.278607,phi_lo,1255.832951,4.204981012337839
1649.278511,phi_hi,1258.840286,1.897361297607624
1649.278511,phi_lo,1258.840286,4.204981012337839
1652.28444,phi_hi,1261.83977,1.897361297607624
1652.28444,phi_lo,1261.83977,4.204981012337839
1655.289992,phi_hi,1264.842221,1.897361297607624
1655.289992,phi_lo,1264.842221,4.204981012337839
1658.292516,phi_hi,1267.850001,1.8709809060242506
1658.292516,phi_lo,1267.850001,4.204981012337839
1661.295999,phi_hi,1270.853909,1.8709809060242506
1661.295999,phi_lo,1270.853909,4.204981012337839
1664.303414,phi_hi,1273.856277,1.8709809060242506
1664.303414,phi_lo,1273.856277,4.204981012337839
1667.304845,phi_hi,1276.870137,1.8697214548592171
1667.304845,phi_lo,1276.870137,4.204981012337839
1670.306378,phi_hi,1279.865925,1.8697214548592171
1670.306378,phi_lo,1279.865925,4.204981012337839
1673.308075,phi_hi,1282.869208,1.8697214548592171
1673.308075,phi_lo,1282.869208,4.204981012337839
1676.308781,phi_hi,1285.874638,1.8697214548592171
1676.308781,phi_lo,1285.874638,4.204981012337839
1679.307845,phi_hi,1288.874646,1.8697214548592171
1679.307845,phi_lo,1288.874646,4.204981012337839
1682.315147,phi_hi,1291.881283,1.8697214548592171
1682.315147,phi_lo,1291.881283,4.204981012337839
1685.311671,phi_hi,1294.879908,1.8697214548592171
1685.311671,phi_lo,1294.879908,4.204981012337839
1688.318706,phi_hi,1297.885186,1.8697214548592171
1688.318706,phi_lo,1297.885186,4.204981012337839
1691.320218,phi_hi,1300.892049,1.8697214548592171
1691.320218,phi_lo,1300.892049,4.204981012337839
1694.324468,phi_hi,1303.895832,1.8697214548592171
1694.324468,phi_lo,1303.895832,4.204981012337839
1697.325136,phi_hi,1306.896575,1.8697214548592171
1697.325136,phi_lo,1306.896575,4.204981012337839
1700.327469,phi_hi,1309.902165,2.067367879020111
1700.327469,phi_lo,1309.902165,4.204981012337839
1703.3289,phi_hi,1312.906107,2.09681502119858
1703.3289,phi_lo,1312.906107,4.204981012337839
1706.335578,phi_hi,1315.913837,2.1562031112956603
1706.335578,phi_lo,1315.913837,4.204981012337839
1709.343844,phi_hi,1318.916084,2.1759980536554195
1709.343844,phi_lo,1318.916084,4.204981012337839
1712.346756,phi_hi,1321.923249,2.2426508232679367
1712.346756,phi_lo,1321.923249,4.204981012337839
1715.350899,phi_hi,1324.919629,2.263345284430031
1715.350899,phi_lo,1324.919629,4.204981012337839
1718.356244,phi_hi,1327.924835,2.263345284430031
1718.356244,phi_lo,1327.924835,4.204981012337839
1721.359608,phi_hi,1330.928175,2.263345284430031
1721.359608,phi_lo,1330.928175,4.204981012337839
1724.362747,phi_hi,1333.932636,2.4526482306321356
1724.362747,phi_lo,1333.932636,4.204981012337839
1727.362709,phi_hi,1336.93425,2.656893717641907
1727.362709,phi_lo,1336.93425,4.204981012337839
1730.367624,phi_hi,1339.940138,2.7111533139583344
1730.367624,phi_lo,1339.940138,4.204981012337839
1733.372714,phi_hi,1342.944849,2.78333738076784
1733.372714,phi_lo,1342.944849,4.204981012337839
1736.373271,phi_hi,1345.942231,2.8121369400405882
1736.373271,phi_lo,1345.942231,4.204981012337839
1739.381015,phi_hi,1348.945602,2.8121369400405882
1739.381015,phi_lo,1348.945602,4.204981012337839
1742.384338,phi_hi,1351.951577,2.8121369400405882
1742.384338,phi_lo,1351.951577,4.204981012337839
1745.38326,phi_hi,1354.955046,2.8121369400405882
1745.38326,phi_lo,1354.955046,4.204981012337839
1748.386055,phi_hi,1357.961081,2.8121369400405882
1748.386055,phi_lo,1357.961081,4.204981012337839
1751.389744,phi_hi,1360.963469,2.8121369400405882
1751.389744,phi_lo,1360.963469,4.204981012337839
1754.397061,phi_hi,1363.965572,2.8121369400405882
1754.397061,phi_lo,1363.965572,4.204981012337839
1757.39939,phi_hi,1366.96805,2.8121369400405882
1757.39939,phi_lo,1366.96805,4.204981012337839
1760.403711,phi_hi,1369.971603,2.8121369400405882
1760.403711,phi_lo,1369.971603,4.204981012337839
1763.402772,phi_hi,1372.97352,2.8121369400405882
1763.402772,phi_lo,1372.97352,4.204981012337839
1766.408986,phi_hi,1375.977345,2.8121369400405882
1766.408986,phi_lo,1375.977345,4.204981012337839
1769.415642,phi_hi,1378.98194,2.8121369400405882
1769.415642,phi_lo,1378.98194,4.204981012337839
1772.417189,phi_hi,1381.983964,2.8121369400405882
1772.417189,phi_lo,1381.983964,4.204981012337839
1775.414941,phi_hi,1384.990458,2.8121369400405882
1775.414941,phi_lo,1384.990458,4.204981012337839
1778.422761,phi_hi,1387.995282,2.8121369400405882
1778.422761,phi_lo,1387.995282,4.204981012337839
1781.427854,phi_hi,1390.997589,2.8455758557665334
1781.427854,phi_lo,1390.997589,4.204981012337839
1784.425158,phi_hi,1394.003279,2.871713598978957
1784.425158,phi_lo,1394.003279,4.204981012337839
1787.434733,phi_hi,1397.004371,2.877439485366594
1787.434733,phi_lo,1397.004371,4.204981012337839
1790.437101,phi_hi,1400.012031,3.0419099921807202
1790.437101,phi_lo,1400.012031,4.204981012337839
1793.441228,phi_hi,1403.017344,3.2981878699298335
1793.441228,phi_lo,1403.017344,4.204981012337839
1796.443879,phi_hi,1406.018095,3.4588362698736574
1796.443879,phi_lo,1406.018095,4.204981012337839
1799.441557,phi_hi,1409.017854,3.4588362698736574
1799.441557,phi_lo,1409.017854,4.204981012337839
1802.452153,phi_hi,1412.02214,3.478846182413001
1802.452153,phi_lo,1412.02214,4.204981012337839
1805.454555,phi_hi,1415.026023,3.5226242262183263
1805.454555,phi_lo,1415.026023,4.204981012337839
1808.456982,phi_hi,1418.033946,3.5226242262183263
1808.456982,phi_lo,1418.033946,4.204981012337839
1811.462253,phi_hi,1421.03303,3.674204307473815
1811.462253,phi_lo,1421.03303,4.204981012337839
1814.464061,phi_hi,1424.038597,3.7940150021974333
1814.464061,phi_lo,1424.038597,4.204981012337839
1817.469306,phi_hi,1427.039699,3.7940150021974333
1817.469306,phi_lo,1427.039699,4.204981012337839
1820.470979,phi_hi,1430.043836,3.7940150021974333
1820.470979,phi_lo,1430.043836,4.204981012337839
1823.473728,phi_hi,1433.048208,3.8171978416456653
1823.473728,phi_lo,1433.048208,4.204981012337839
1826.473803,phi_hi,1436.053303,3.8171978416456653
1826.473803,phi_lo,1436.053303,4.204981012337839
1829.479584,phi_hi,1439.058726,3.913055631348648
1829.479584,phi_lo,1439.058726,4.204981012337839
1832.483173,phi_hi,1442.055256,3.9383389726918736
1832.483173,phi_lo,1442.055256,4.134223611966235
1835.482021,phi_hi,1445.061481,3.9383389726918736
1835.482021,phi_lo,1445.061481,4.0576768631986795
1838.487608,phi_hi,1448.062559,4.089188571713052
1838.487608,phi_lo,1448.062559,4.0576768631986795
1841.490865,phi_hi,1451.065208,4.094854372079624
1841.490865,phi_lo,1451.065208,4.0576768631986795
1844.492171,phi_hi,1454.070623,4.094854372079624
1844.492171,phi_lo,1454.070623,4.0576768631986795
1847.496823,phi_hi,1457.072298,4.094854372079624
1847.496823,phi_lo,1457.072298,4.0576768631986795
1850.505458,phi_hi,1460.076338,4.094854372079624
1850.505458,phi_lo,1460.076338,4.021356101250618
1853.511576,phi_hi,1463.080023,4.094854372079624
1853.511576,phi_lo,1463.080023,4.021356101250618
1856.506721,phi_hi,1466.085194,4.094854372079624
1856.506721,phi_lo,1466.085194,4.021356101250618
1859.51326,phi_hi,1469.086789,4.094854372079624
1859.51326,phi_lo,1469.086789,4.021356101250618
1862.515126,phi_hi,1472.090151,4.094854372079624
1862.515126,phi_lo,1472.090151,4.021356101250618
1865.514981,phi_hi,1475.089595,4.094854372079624
1865.514981,phi_lo,1475.089595,4.021356101250618
1868.518495,phi_hi,1478.092405,4.094854372079624
1868.518495,phi_lo,1478.092405,4.021356101250618
1871.523674,phi_hi,1481.094524,4.094854372079624
1871.523674,phi_lo,1481.094524,4.021356101250618
1874.527173,phi_hi,1484.100855,4.094854372079624
1874.527173,phi_lo,1484.100855,3.998448487146746
1877.528863,phi_hi,1487.103078,4.094854372079624
1877.528863,phi_lo,1487.103078,3.963479156338387
1880.53427,phi_hi,1490.108782,4.094854372079624
1880.53427,phi_lo,1490.108782,3.852106626484108
1883.534616,phi_hi,1493.11003,4.094854372079624
1883.534616,phi_lo,1493.11003,3.8496198003996653
1886.539984,phi_hi,1496.113304,4.094854372079624
1886.539984,phi_lo,1496.113304,3.7196287270016626
1889.543946,phi_hi,1499.117377,4.094854372079624
1889.543946,phi_lo,1499.117377,3.604072885795347
1892.550047,phi_hi,1502.120782,4.094854372079624
1892.550047,phi_lo,1502.120782,3.422549571348675
1895.552921,phi_hi,1505.125821,4.094854372079624
1895.552921,phi_lo,1505.125821,3.422549571348675
1898.556427,phi_hi,1508.130551,4.094854372079624
1898.556427,phi_lo,1508.130551,3.4077715186001996
1901.561995,phi_hi,1511.135343,4.094854372079624
1901.561995,phi_lo,1511.135343,3.3738057292460084
1904.561942,phi_hi,1514.141654,4.094854372079624
1904.561942,phi_lo,1514.141654,3.2427179589519497
1907.562167,phi_hi,1517.144222,4.094854372079624
1907.562167,phi_lo,1517.144222,3.139723205665071
1910.570923,phi_hi,1520.149032,4.094854372079624
1910.570923,phi_lo,1520.149032,2.9789061043030287
1913.572647,phi_hi,1523.1511,4.094854372079624
1913.572647,phi_lo,1523.1511,2.9789061043030287
1916.571751,phi_hi,1526.152846,4.094854372079624
1916.571751,phi_lo,1526.152846,2.9640019163863727
1919.575697,phi_hi,1529.153954,4.094854372079624
1919.575697,phi_lo,1529.153954,2.9640019163863727
1922.575315,phi_hi,1532.157378,4.094854372079624
1922.575315,phi_lo,1532.157378,2.9640019163863727
1925.581912,phi_hi,1535.161414,4.094854372079624
1925.581912,phi_lo,1535.161414,2.9640019163863727
1928.582836,phi_hi,1538.164423,4.094854372079624
1928.582836,phi_lo,1538.164423,2.9640019163863727
1931.589731,phi_hi,1541.16551,4.094854372079624
1931.589731,phi_lo,1541.16551,2.893831591739769
1934.589012,phi_hi,1544.162672,4.094854372079624
1934.589012,phi_lo,1544.162672,2.832154103351023
1937.587904,phi_hi,1547.166138,4.094854372079624
1937.587904,phi_lo,1547.166138,2.832154103351023
1940.594455,phi_hi,1550.170412,4.094854372079624
1940.594455,phi_lo,1550.170412,2.832154103351023
1943.595855,phi_hi,1553.168064,4.094854372079624
1943.595855,phi_lo,1553.168064,2.7766198511472027
1946.602305,phi_hi,1556.17092,4.094854372079624
1946.602305,phi_lo,1556.17092,2.584090696730577
1949.607506,phi_hi,1559.176809,4.094854372079624
1949.607506,phi_lo,1559.176809,2.584090696730577
1952.611613,phi_hi,1562.17802,4.094854372079624
1952.611613,phi_lo,1562.17802,2.5534726143923905
1955.614886,phi_hi,1565.181737,4.094854372079624
1955.614886,phi_lo,1565.181737,2.453164070638792
1958.616982,phi_hi,1568.211645,4.094854372079624
1958.616982,phi_lo,1568.211645,2.3229380804642545
1961.624876,phi_hi,1571.185092,4.094854372079624
1961.624876,phi_lo,1571.185092,2.3160186514551597
1964.626869,phi_hi,1574.187785,4.094854372079624
1964.626869,phi_lo,1574.187785,2.277609734519679
1967.655657,phi_hi,1577.190901,4.094854372079624
1967.655657,phi_lo,1577.190901,2.2189055871566055
1970.633681,phi_hi,1580.195681,4.094854372079624
1970.633681,phi_lo,1580.195681,2.2152349906696998
1973.633258,phi_hi,1583.198738,4.094854372079624
1973.633258,phi_lo,1583.198738,2.1300899057841605
1976.637637,phi_hi,1586.202807,4.094854372079624
1976.637637,phi_lo,1586.202807,2.1300899057841605
1979.641898,phi_hi,1589.208759,4.094854372079624
1979.641898,phi_lo,1589.208759,2.1300899057841605
1982.643137,phi_hi,1592.212907,4.094854372079624
1982.643137,phi_lo,1592.212907,2.1300899057841605
1985.646757,phi_hi,1595.218052,4.094854372079624
1985.646757,phi_lo,1595.218052,2.1300899057841605
1988.653112,phi_hi,1598.225578,4.094854372079624
1988.653112,phi_lo,1598.225578,2.1300899057841605
1991.654248,phi_hi,1601.227825,4.094854372079624
1991.654248,phi_lo,1601.227825,2.1300899057841605
1994.655482,phi_hi,1604.232765,4.094854372079624
1994.655482,phi_lo,1604.232765,2.1300899057841605
1997.660057,phi_hi,1607.236846,4.094854372079624
1997.660057,phi_lo,1607.236846,2.1300899057841605
2000.668238,phi_hi,1610.238465,4.094854372079624
2000.668238,phi_lo,1610.238465,2.1300899057841605
2003.67048,phi_hi,1613.243299,4.094854372079624
2003.67048,phi_lo,1613.243299,2.1300899057841605
2006.671784,phi_hi,1616.245617,4.094854372079624
2006.671784,phi_lo,1616.245617,2.1300899057841605
2009.673205,phi_hi,1619.249627,4.094854372079624
2009.673205,phi_lo,1619.249627,2.2757171994870617
2012.674197,phi_hi,1622.251609,4.094854372079624
2012.674197,phi_lo,1622.251609,2.4293742259984725
2015.680464,phi_hi,1625.253515,4.094854372079624
2015.680464,phi_lo,1625.253515,2.5615482961739247
2018.686497,phi_hi,1628.25524,4.094854372079624
2018.686497,phi_lo,1628.25524,2.6252463757891533
2021.689574,phi_hi,1631.259017,4.094854372079624
2021.689574,phi_lo,1631.259017,2.689056979671861
2024.694587,phi_hi,1634.25547,4.094854372079624
2024.694587,phi_lo,1634.25547,2.7370282762653915
2027.698531,phi_hi,1637.263498,4.094854372079624
2027.698531,phi_lo,1637.263498,2.8097692431820676
2030.698679,phi_hi,1640.271419,4.094854372079624
2030.698679,phi_lo,1640.271419,2.9142148206437
2033.702034,phi_hi,1643.274231,4.094854372079624
2033.702034,phi_lo,1643.274231,2.9989497773369536
2036.70449,phi_hi,1646.278607,4.094854372079624
2036.70449,phi_lo,1646.278607,2.9989497773369536
2039.708504,phi_hi,1649.278511,4.094854372079624
2039.708504,phi_lo,1649.278511,2.9989497773369536
2042.710524,phi_hi,1652.28444,4.094854372079624
2042.710524,phi_lo,1652.28444,3.094881801266439
2045.711385,phi_hi,1655.289992,4.094854372079624
2045.711385,phi_lo,1655.289992,3.094881801266439
2048.716915,phi_hi,1658.292516,4.094854372079624
2048.716915,phi_lo,1658.292516,3.2714168515148145
2051.719946,phi_hi,1661.295999,4.094854372079624
2051.719946,phi_lo,1661.295999,3.2714168515148145
2054.725426,phi_hi,1664.303414,4.094854372079624
2054.725426,phi_lo,1664.303414,3.2714168515148145
2057.72658,phi_hi,1667.304845,4.094854372079624
2057.72658,phi_lo,1667.304845,3.2714168515148145
2060.731221,phi_hi,1670.306378,4.094854372079624
2060.731221,phi_lo,1670.306378,3.2714168515148145
2063.734417,phi_hi,1673.308075,4.094854372079624
2063.734417,phi_lo,1673.308075,3.2714168515148145
2066.742754,phi_hi,1676.308781,4.094854372079624
2066.742754,phi_lo,1676.308781,3.2714168515148145
2069.741594,phi_hi,1679.307845,4.094854372079624
2069.741594,phi_lo,1679.307845,3.2714168515148145
2072.743655,phi_hi,1682.315147,4.094854372079624
2072.743655,phi_lo,1682.315147,3.2714168515148145
2075.747282,phi_hi,1685.311671,4.094854372079624
2075.747282,phi_lo,1685.311671,3.2714168515148145
2078.752094,phi_hi,1688.318706,4.094854372079624
2078.752094,phi_lo,1688.318706,3.2714168515148145
2081.756283,phi_hi,1691.320218,4.094854372079624
2081.756283,phi_lo,1691.320218,3.2714168515148145
2084.757102,phi_hi,1694.324468,4.094854372079624
2084.757102,phi_lo,1694.324468,3.2714168515148145
2087.755924,phi_hi,1697.325136,4.094854372079624
2087.755924,phi_lo,1697.325136,3.2714168515148145
2090.761187,phi_hi,1700.327469,4.094854372079624
2090.761187,phi_lo,1700.327469,3.2714168515148145
2093.766726,phi_hi,1703.3289,4.094854372079624
2093.766726,phi_lo,1703.3289,3.2714168515148145
2096.766076,phi_hi,1706.335578,4.094854372079624
2096.766076,phi_lo,1706.335578,3.2714168515148145
2099.775433,phi_hi,1709.343844,4.094854372079624
2099.775433,phi_lo,1709.343844,3.2714168515148145
2102.777641,phi_hi,1712.346756,4.094854372079624
2102.777641,phi_lo,1712.346756,3.2714168515148145
2105.782954,phi_hi,1715.350899,4.094854372079624
2105.782954,phi_lo,1715.350899,3.2714168515148145
2108.782354,phi_hi,1718.356244,4.094854372079624
2108.782354,phi_lo,1718.356244,3.2714168515148145
2111.787828,phi_hi,1721.359608,4.094854372079624
2111.787828,phi_lo,1721.359608,3.2714168515148145
2114.793966,phi_hi,1724.362747,4.094854372079624
2114.793966,phi_lo,1724.362747,3.2714168515148145
2117.795871,phi_hi,1727.362709,4.094854372079624
2117.795871,phi_lo,1727.362709,3.2714168515148145
2120.799855,phi_hi,1730.367624,4.094854372079624
2120.799855,phi_lo,1730.367624,3.2714168515148145
2123.804968,phi_hi,1733.372714,4.094854372079624
2123.804968,phi_lo,1733.372714,3.2714168515148145
2126.806859,phi_hi,1736.373271,4.094854372079624
2126.806859,phi_lo,1736.373271,3.2714168515148145
2129.809993,phi_hi,1739.381015,4.094854372079624
2129.809993,phi_lo,1739.381015,3.2714168515148145
2132.811585,phi_hi,1742.384338,4.094854372079624
2132.811585,phi_lo,1742.384338,3.2714168515148145
2135.813734,phi_hi,1745.38326,4.094854372079624
2135.813734,phi_lo,1745.38326,3.2714168515148145
2138.820572,phi_hi,1748.386055,4.094854372079624
2138.820572,phi_lo,1748.386055,3.2714168515148145
2141.839086,phi_hi,1751.389744,4.094854372079624
2141.839086,phi_lo,1751.389744,3.2714168515148145
2144.823941,phi_hi,1754.397061,4.094854372079624
2144.823941,phi_lo,1754.397061,3.2714168515148145
2147.82636,phi_hi,1757.39939,4.094854372079624
2147.82636,phi_lo,1757.39939,3.2714168515148145
2150.831878,phi_hi,1760.403711,4.094854372079624
2150.831878,phi_lo,1760.403711,3.2714168515148145
2153.834541,phi_hi,1763.402772,4.094854372079624
2153.834541,phi_lo,1763.402772,3.2714168515148145
2156.835961,phi_hi,1766.408986,4.094854372079624
2156.835961,phi_lo,1766.408986,3.2714168515148145
2159.840049,phi_hi,1769.415642,4.094854372079624
2159.840049,phi_lo,1769.415642,3.2714168515148145
2162.843658,phi_hi,1772.417189,4.094854372079624
2162.843658,phi_lo,1772.417189,3.2714168515148145
2165.844725,phi_hi,1775.414941,4.094854372079624
2165.844725,phi_lo,1775.414941,3.2714168515148145
2168.896104,phi_hi,1778.422761,4.094854372079624
2168.896104,phi_lo,1778.422761,3.2714168515148145
2171.847811,phi_hi,1781.427854,3.979468211146539
2171.847811,phi_lo,1781.427854,3.2714168515148145
2174.853451,phi_hi,1784.425158,3.822908176175332
2174.853451,phi_lo,1784.425158,3.2714168515148145
2177.854987,phi_hi,1787.434733,3.822908176175332
2177.854987,phi_lo,1787.434733,3.2714168515148145
2180.86013,phi_hi,1790.437101,3.522855166841275
2180.86013,phi_lo,1790.437101,3.2714168515148145
2183.861559,phi_hi,1793.441228,3.437980377747486
2183.861559,phi_lo,1793.441228,3.2714168515148145
2186.863553,phi_hi,1796.443879,3.437980377747486
2186.863553,phi_lo,1796.443879,3.2714168515148145
2189.867857,phi_hi,1799.441557,3.437980377747486
2189.867857,phi_lo,1799.441557,3.2714168515148145
2192.863284,phi_hi,1802.452153,3.28392202572568
2192.863284,phi_lo,1802.452153,3.2714168515148145
2195.868678,phi_hi,1805.454555,3.0972503150030306
2195.868678,phi_lo,1805.454555,3.2714168515148145
2198.869817,phi_hi,1808.456982,2.8643952532407084
2198.869817,phi_lo,1808.456982,3.2714168515148145
2201.871745,phi_hi,1811.462253,2.679233355994441
2201.871745,phi_lo,1811.462253,3.2714168515148145
2204.876109,phi_hi,1814.464061,2.6292416726928636
2204.876109,phi_lo,1814.464061,3.2714168515148145
2207.878651,phi_hi,1817.469306,2.6292416726928636
2207.878651,phi_lo,1817.469306,3.2714168515148145
2210.879736,phi_hi,1820.470979,2.6292416726928636
2210.879736,phi_lo,1820.470979,3.2714168515148145
2213.886329,phi_hi,1823.473728,2.6292416726928636
2213.886329,phi_lo,1823.473728,3.2714168515148145
2216.889205,phi_hi,1826.473803,2.6292416726928636
2216.889205,phi_lo,1826.473803,3.2714168515148145
2219.891249,phi_hi,1829.479584,2.6292416726928636
2219.891249,phi_lo,1829.479584,3.2714168515148145
2222.890979,phi_hi,1832.483173,2.6292416726928636
2222.890979,phi_lo,1832.483173,3.2714168515148145
2225.893795,phi_hi,1835.482021,2.6292416726928636
2225.893795,phi_lo,1835.482021,3.2714168515148145
2228.896501,phi_hi,1838.487608,2.6292416726928636
2228.896501,phi_lo,1838.487608,3.2714168515148145
2231.900538,phi_hi,1841.490865,2.6292416726928636
2231.900538,phi_lo,1841.490865,3.2714168515148145
2234.90631,phi_hi,1844.492171,2.6292416726928636
2234.90631,phi_lo,1844.492171,3.2714168515148145
2237.906826,phi_hi,1847.496823,2.6292416726928636
2237.906826,phi_lo,1847.496823,3.2714168515148145
2240.909481,phi_hi,1850.505458,2.669447248024291
2240.909481,phi_lo,1850.505458,3.2714168515148145
2243.912715,phi_hi,1853.511576,2.7801177398671513
2243.912715,phi_lo,1853.511576,3.2714168515148145
2246.919881,phi_hi,1856.506721,2.8977049247232287
2246.919881,phi_lo,1856.506721,3.2714168515148145
2249.919147,phi_hi,1859.51326,2.9466479997703416
2249.919147,phi_lo,1859.51326,3.2714168515148145
2252.920808,phi_hi,1862.515126,3.089112486838296
2252.920808,phi_lo,1862.515126,3.2714168515148145
2255.925633,phi_hi,1865.514981,3.089112486838296
2255.925633,phi_lo,1865.514981,3.2714168515148145
2258.93077,phi_hi,1868.518495,3.089112486838296
2258.93077,phi_lo,1868.518495,3.2714168515148145
2261.933502,phi_hi,1871.523674,3.089112486838296
2261.933502,phi_lo,1871.523674,3.2714168515148145
2264.940554,phi_hi,1874.527173,3.089112486838296
2264.940554,phi_lo,1874.527173,3.2714168515148145
2267.940727,phi_hi,1877.528863,3.089112486838296
2267.940727,phi_lo,1877.528863,3.2714168515148145
2270.94583,phi_hi,1880.53427,3.108271393504481
2270.94583,phi_lo,1880.53427,3.2714168515148145
2273.947564,phi_hi,1883.534616,3.108271393504481
2273.947564,phi_lo,1883.534616,3.2714168515148145
2276.951623,phi_hi,1886.539984,3.129838001571528
2276.951623,phi_lo,1886.539984,3.2714168515148145
2279.953043,phi_hi,1889.543946,3.178982037419914
2279.953043,phi_lo,1889.543946,3.2714168515148145
2282.96008,phi_hi,1892.550047,3.3068951503235198
2282.96008,phi_lo,1892.550047,3.2714168515148145
2285.966293,phi_hi,1895.552921,3.319964871729397
2285.966293,phi_lo,1895.552921,3.2714168515148145
2288.968086,phi_hi,1898.556427,3.366673760878072
2288.968086,phi_lo,1898.556427,3.2714168515148145
2291.973249,phi_hi,1901.561995,3.4771608333790027
2291.973249,phi_lo,1901.561995,3.2714168515148145
2294.974636,phi_hi,1904.561942,3.4771608333790027
2294.974636,phi_lo,1904.561942,3.2714168515148145
2297.982204,phi_hi,1907.562167,3.4771608333790027
2297.982204,phi_lo,1907.562167,3.2714168515148145
2300.985703,phi_hi,1910.570923,3.4771608333790027
2300.985703,phi_lo,1910.570923,3.2714168515148145
2303.993092,phi_hi,1913.572647,3.4771608333790027
2303.993092,phi_lo,1913.572647,3.2714168515148145
2306.994488,phi_hi,1916.571751,3.4771608333790027
2306.994488,phi_lo,1916.571751,3.2714168515148145
2309.996752,phi_hi,1919.575697,3.4771608333790027
2309.996752,phi_lo,1919.575697,3.2714168515148145
2313.003582,phi_hi,1922.575315,3.4771608333790027
2313.003582,phi_lo,1922.575315,3.2714168515148145
2316.005509,phi_hi,1925.581912,3.4771608333790027
2316.005509,phi_lo,1925.581912,3.2714168515148145
2319.007175,phi_hi,1928.582836,3.4771608333790027
2319.007175,phi_lo,1928.582836,3.2714168515148145
2322.010798,phi_hi,1931.589731,3.4771608333790027
2322.010798,phi_lo,1931.589731,3.2714168515148145
2325.015153,phi_hi,1934.589012,3.4771608333790027
2325.015153,phi_lo,1934.589012,3.2714168515148145
2328.018402,phi_hi,1937.587904,3.4771608333790027
2328.018402,phi_lo,1937.587904,3.2714168515148145
2331.024816,phi_hi,1940.594455,3.4771608333790027
2331.024816,phi_lo,1940.594455,3.2714168515148145
2334.02638,phi_hi,1943.595855,3.4771608333790027
2334.02638,phi_lo,1943.595855,3.2714168515148145
2337.030691,phi_hi,1946.602305,3.4771608333790027
2337.030691,phi_lo,1946.602305,3.2714168515148145
2340.034114,phi_hi,1949.607506,3.4771608333790027
2340.034114,phi_lo,1949.607506,3.2714168515148145
2343.041732,phi_hi,1952.611613,3.4771608333790027
2343.041732,phi_lo,1952.611613,3.2714168515148145
2346.04843,phi_hi,1955.614886,3.4771608333790027
2346.04843,phi_lo,1955.614886,3.2714168515148145
2349.045875,phi_hi,1958.616982,3.4771608333790027
2349.045875,phi_lo,1958.616982,3.2714168515148145
2352.049809,phi_hi,1961.624876,3.4771608333790027
2352.049809,phi_lo,1961.624876,3.2714168515148145
2355.056683,phi_hi,1964.626869,3.4771608333790027
2355.056683,phi_lo,1964.626869,3.2714168515148145
2358.056841,phi_hi,1967.655657,3.4771608333790027
2358.056841,phi_lo,1967.655657,3.2714168515148145
2361.06133,phi_hi,1970.633681,3.4771608333790027
2361.06133,phi_lo,1970.633681,3.2714168515148145
2364.064553,phi_hi,1973.633258,3.4771608333790027
2364.064553,phi_lo,1973.633258,3.2714168515148145
2367.066497,phi_hi,1976.637637,3.4771608333790027
2367.066497,phi_lo,1976.637637,3.2714168515148145
2370.066527,phi_hi,1979.641898,3.4771608333790027
2370.066527,phi_lo,1979.641898,3.2714168515148145
2373.071574,phi_hi,1982.643137,3.4771608333790027
2373.071574,phi_lo,1982.643137,3.2714168515148145
2376.074154,phi_hi,1985.646757,3.4771608333790027
2376.074154,phi_lo,1985.646757,3.2714168515148145
2379.072591,phi_hi,1988.653112,3.4771608333790027
2379.072591,phi_lo,1988.653112,3.2418881986451353
2382.076976,phi_hi,1991.654248,3.4771608333790027
2382.076976,phi_lo,1991.654248,3.2418881986451353
2385.075874,phi_hi,1994.655482,3.4771608333790027
2385.075874,phi_lo,1994.655482,3.2418881986451353
2388.085885,phi_hi,1997.660057,3.4771608333790027
2388.085885,phi_lo,1997.660057,3.1747679461076075
2391.087045,phi_hi,2000.668238,3.4771608333790027
2391.087045,phi_lo,2000.668238,3.1747679461076075
2394.089696,phi_hi,2003.67048,3.4771608333790027
2394.089696,phi_lo,2003.67048,3.1747679461076075
2397.097934,phi_hi,2006.671784,3.4771608333790027
2397.097934,phi_lo,2006.671784,3.1747679461076075
2400.097748,phi_hi,2009.673205,3.4771608333790027
2400.097748,phi_lo,2009.673205,3.1747679461076075
2403.104446,phi_hi,2012.674197,3.4771608333790027
2403.104446,phi_lo,2012.674197,3.169080655237188
2406.104507,phi_hi,2015.680464,3.4771608333790027
2406.104507,phi_lo,2015.680464,3.169080655237188
2409.107293,phi_hi,2018.686497,3.4771608333790027
2409.107293,phi_lo,2018.686497,3.169080655237188
2412.112597,phi_hi,2021.689574,3.4771608333790027
2412.112597,phi_lo,2021.689574,3.169080655237188
2415.117357,phi_hi,2024.694587,3.4771608333790027
2415.117357,phi_lo,2024.694587,3.1499123353818206
2418.119751,phi_hi,2027.698531,3.4771608333790027
2418.119751,phi_lo,2027.698531,3.1488021456924074
2421.124437,phi_hi,2030.698679,3.4771608333790027
2421.124437,phi_lo,2030.698679,3.087365685090859
2424.128111,phi_hi,2033.702034,3.4771608333790027
2424.128111,phi_lo,2033.702034,3.087365685090859
2427.131646,phi_hi,2036.70449,3.4771608333790027
2427.131646,phi_lo,2036.70449,2.9682870302682076
2430.130899,phi_hi,2039.708504,3.4771608333790027
2430.130899,phi_lo,2039.708504,2.936743947396643
2433.137661,phi_hi,2042.710524,3.4771608333790027
2433.137661,phi_lo,2042.710524,2.7795773177765994
2436.14163,phi_hi,2045.711385,3.4771608333790027
2436.14163,phi_lo,2045.711385,2.7762409750861323
2439.147611,phi_hi,2048.716915,3.4771608333790027
2439.147611,phi_lo,2048.716915,2.7516691421660795
2442.146702,phi_hi,2051.719946,3.4771608333790027
2442.146702,phi_lo,2051.719946,2.726943700997005
2445.152357,phi_hi,2054.725426,3.4771608333790027
2445.152357,phi_lo,2054.725426,2.726943700997005
2448.152645,phi_hi,2057.72658,3.4771608333790027
2448.152645,phi_lo,2057.72658,2.726943700997005
2451.158907,phi_hi,2060.731221,3.4771608333790027
2451.158907,phi_lo,2060.731221,2.726943700997005
2454.161465,phi_hi,2063.734417,3.4771608333790027
2454.161465,phi_lo,2063.734417,2.726943700997005
2457.158781,phi_hi,2066.742754,3.4771608333790027
2457.158781,phi_lo,2066.742754,2.726943700997005
2460.160567,phi_hi,2069.741594,3.4771608333790027
2460.160567,phi_lo,2069.741594,2.726943700997005
2463.167938,phi_hi,2072.743655,3.4771608333790027
2463.167938,phi_lo,2072.743655,2.726943700997005
2466.170757,phi_hi,2075.747282,3.4771608333790027
2466.170757,phi_lo,2075.747282,2.726943700997005
2469.173705,phi_hi,2078.752094,3.4771608333790027
2469.173705,phi_lo,2078.752094,2.726943700997005
2472.181971,phi_hi,2081.756283,3.4771608333790027
2472.181971,phi_lo,2081.756283,2.726943700997005
2475.186448,phi_hi,2084.757102,3.4771608333790027
2475.186448,phi_lo,2084.757102,2.780880032896853
2478.191967,phi_hi,2087.755924,3.4771608333790027
2478.191967,phi_lo,2087.755924,2.9013102268808524
2481.192093,phi_hi,2090.761187,3.4771608333790027
2481.192093,phi_lo,2090.761187,2.97955827655678
2484.19445,phi_hi,2093.766726,3.4771608333790027
2484.19445,phi_lo,2093.766726,3.188554732424045
2487.199456,phi_hi,2096.766076,3.4771608333790027
2487.199456,phi_lo,2096.766076,3.3113909326509443
2490.203303,phi_hi,2099.775433,3.4771608333790027
2490.203303,phi_lo,2099.775433,3.3113909326509443
2493.202464,phi_hi,2102.777641,3.4771608333790027
2493.202464,phi_lo,2102.777641,3.3986230937609037
2496.276278,phi_hi,2105.782954,3.4771608333790027
2496.276278,phi_lo,2105.782954,3.3986230937609037
2499.21007,phi_hi,2108.782354,3.4771608333790027
2499.21007,phi_lo,2108.782354,3.3986230937609037
2502.210415,phi_hi,2111.787828,3.4771608333790027
2502.210415,phi_lo,2111.787828,3.3986230937609037
2505.209912,phi_hi,2114.793966,3.4771608333790027
2505.209912,phi_lo,2114.793966,3.4015908898428933
2508.215903,phi_hi,2117.795871,3.4771608333790027
2508.215903,phi_lo,2117.795871,3.562955346465259
2511.218982,phi_hi,2120.799855,3.4771608333790027
2511.218982,phi_lo,2120.799855,3.580804924158045
2514.223303,phi_hi,2123.804968,3.4771608333790027
2514.223303,phi_lo,2123.804968,3.707817167754328
2517.221807,phi_hi,2126.806859,3.4771608333790027
2517.221807,phi_lo,2126.806859,3.707817167754328
2520.225098,phi_hi,2129.809993,3.4771608333790027
2520.225098,phi_lo,2129.809993,3.707817167754328
2523.224578,phi_hi,2132.811585,3.4771608333790027
2523.224578,phi_lo,2132.811585,3.707817167754328
2526.228627,phi_hi,2135.813734,3.4771608333790027
2526.228627,phi_lo,2135.813734,3.707817167754328
2529.232712,phi_hi,2138.820572,3.4771608333790027
2529.232712,phi_lo,2138.820572,3.7915655084646858
2532.23809,phi_hi,2141.839086,3.4771608333790027
2532.23809,phi_lo,2141.839086,3.7915655084646858
2535.240375,phi_hi,2144.823941,3.4771608333790027
2535.240375,phi_lo,2144.823941,3.7915655084646858
2538.249289,phi_hi,2147.82636,3.4771608333790027
2538.249289,phi_lo,2147.82636,3.7915655084646858
2541.250931,phi_hi,2150.831878,3.4771608333790027
2541.250931,phi_lo,2150.831878,3.7915655084646858
2544.256105,phi_hi,2153.834541,3.4771608333790027
2544.256105,phi_lo,2153.834541,3.7915655084646858
2547.263245,phi_hi,2156.835961,3.4771608333790027
2547.263245,phi_lo,2156.835961,3.7915655084646858
2550.266607,phi_hi,2159.840049,3.4771608333790027
2550.266607,phi_lo,2159.840049,3.7915655084646858
2553.269929,phi_hi,2162.843658,3.4771608333790027
2553.269929,phi_lo,2162.843658,3.7915655084646858
2556.270626,phi_hi,2165.844725,3.4771608333790027
2556.270626,phi_lo,2165.844725,3.7915655084646858
2559.27248,phi_hi,2168.896104,3.4771608333790027
2559.27248,phi_lo,2168.896104,3.7915655084646858
2562.27944,phi_hi,2171.847811,3.4771608333790027
2562.27944,phi_lo,2171.847811,3.7915655084646858
2565.278174,phi_hi,2174.853451,3.4771608333790027
2565.278174,phi_lo,2174.853451,3.7915655084646858
2568.284798,phi_hi,2177.854987,3.4771608333790027
2568.284798,phi_lo,2177.854987,3.7915655084646858
2571.288624,phi_hi,2180.86013,3.4771608333790027
2571.288624,phi_lo,2180.86013,3.7915655084646858
2574.288624,phi_hi,2183.861559,3.4771608333790027
2574.288624,phi_lo,2183.861559,3.7915655084646858
2577.296678,phi_hi,2186.863553,3.4771608333790027
2577.296678,phi_lo,2186.863553,3.7915655084646858
2580.295067,phi_hi,2189.867857,3.4771608333790027
2580.295067,phi_lo,2189.867857,3.7915655084646858
2583.303603,phi_hi,2192.863284,3.4771608333790027
2583.303603,phi_lo,2192.863284,3.7915655084646858
2586.306337,phi_hi,2195.868678,3.4771608333790027
2586.306337,phi_lo,2195.868678,3.7915655084646858
2589.306576,phi_hi,2198.869817,3.4771608333790027
2589.306576,phi_lo,2198.869817,3.7915655084646858
2592.312016,phi_hi,2201.871745,3.4771608333790027
2592.312016,phi_lo,2201.871745,3.7915655084646858
2595.312214,phi_hi,2204.876109,3.4771608333790027
2595.312214,phi_lo,2204.876109,3.7915655084646858
2598.318291,phi_hi,2207.878651,3.4771608333790027
2598.318291,phi_lo,2207.878651,3.7915655084646858
2601.318539,phi_hi,2210.879736,3.4771608333790027
2601.318539,phi_lo,2210.879736,3.7915655084646858
2604.326148,phi_hi,2213.886329,3.4771608333790027
2604.326148,phi_lo,2213.886329,3.7915655084646858
2607.32931,phi_hi,2216.889205,3.4771608333790027
2607.32931,phi_lo,2216.889205,3.7915655084646858
2610.332505,phi_hi,2219.891249,3.4771608333790027
2610.332505,phi_lo,2219.891249,3.7915655084646858
2613.333366,phi_hi,2222.890979,3.4771608333790027
2613.333366,phi_lo,2222.890979,3.7915655084646858
2616.336499,phi_hi,2225.893795,3.4771608333790027
2616.336499,phi_lo,2225.893795,3.7915655084646858
2619.341308,phi_hi,2228.896501,3.4771608333790027
2619.341308,phi_lo,2228.896501,3.7915655084646858
2622.349085,phi_hi,2231.900538,3.3847353434181926
2622.349085,phi_lo,2231.900538,3.7915655084646858
2625.351332,phi_hi,2234.90631,3.3847353434181926
2625.351332,phi_lo,2234.90631,3.7915655084646858
2628.359031,phi_hi,2237.906826,3.2941420402622867
2628.359031,phi_lo,2237.906826,3.7915655084646858
2631.363164,phi_hi,2240.909481,3.1343373773194614
2631.363164,phi_lo,2240.909481,3.7915655084646858
2634.364862,phi_hi,2243.912715,3.0578366701510333
2634.364862,phi_lo,2243.912715,3.7915655084646858
2637.361975,phi_hi,2246.919881,2.8455525952936824
2637.361975,phi_lo,2246.919881,3.7915655084646858
2640.367749,phi_hi,2249.919147,2.833450564303405
2640.367749,phi_lo,2249.919147,3.7915655084646858
2643.368227,phi_hi,2252.920808,2.833450564303405
2643.368227,phi_lo,2252.920808,3.7915655084646858
2646.374084,phi_hi,2255.925633,2.833450564303405
2646.374084,phi_lo,2255.925633,3.7915655084646858
2649.378061,phi_hi,2258.93077,2.833450564303405
2649.378061,phi_lo,2258.93077,3.7915655084646858
2652.378592,phi_hi,2261.933502,2.833450564303405
2652.378592,phi_lo,2261.933502,3.7915655084646858
2655.379981,phi_hi,2264.940554,2.833450564303405
2655.379981,phi_lo,2264.940554,3.7915655084646858
2658.384391,phi_hi,2267.940727,2.8004208859580544
2658.384391,phi_lo,2267.940727,3.7915655084646858
2661.386856,phi_hi,2270.94583,2.8004208859580544
2661.386856,phi_lo,2270.94583,3.7915655084646858
2664.423761,phi_hi,2273.947564,2.8004208859580544
2664.423761,phi_lo,2273.947564,3.7915655084646858
2667.38956,phi_hi,2276.951623,2.6718028992899576
2667.38956,phi_lo,2276.951623,3.7915655084646858
2670.397911,phi_hi,2279.953043,2.6718028992899576
2670.397911,phi_lo,2279.953043,3.7915655084646858
2673.399537,phi_hi,2282.96008,2.6492294299650325
2673.399537,phi_lo,2282.96008,3.7915655084646858
2676.403037,phi_hi,2285.966293,2.6492294299650325
2676.403037,phi_lo,2285.966293,3.7915655084646858
2679.408683,phi_hi,2288.968086,2.533626747304801
2679.408683,phi_lo,2288.968086,3.7915655084646858
2682.409048,phi_hi,2291.973249,2.533626747304801
2682.409048,phi_lo,2291.973249,3.7915655084646858
2685.410459,phi_hi,2294.974636,2.533626747304801
2685.410459,phi_lo,2294.974636,3.7915655084646858
2688.414546,phi_hi,2297.982204,2.5297325786142792
2688.414546,phi_lo,2297.982204,3.7915655084646858
2691.418171,phi_hi,2300.985703,2.5297325786142792
2691.418171,phi_lo,2300.985703,3.7915655084646858
2694.424128,phi_hi,2303.993092,2.480501241545582
2694.424128,phi_lo,2303.993092,3.7915655084646858
2697.425838,phi_hi,2306.994488,2.3162719815211688
2697.425838,phi_lo,2306.994488,3.7915655084646858
2700.43117,phi_hi,2309.996752,2.290294375091243
2700.43117,phi_lo,2309.996752,3.7915655084646858
2703.435683,phi_hi,2313.003582,2.290294375091243
2703.435683,phi_lo,2313.003582,3.7915655084646858
2706.442902,phi_hi,2316.005509,2.2833767674223253
2706.442902,phi_lo,2316.005509,3.7915655084646858
2709.440057,phi_hi,2319.007175,2.2833767674223253
2709.440057,phi_lo,2319.007175,3.7915655084646858
2712.445673,phi_hi,2322.010798,2.172124947732428
2712.445673,phi_lo,2322.010798,3.7915655084646858
2715.445295,phi_hi,2325.015153,2.0656931061818966
2715.445295,phi_lo,2325.015153,3.7915655084646858
2718.448208,phi_hi,2328.018402,2.0494115149021184
2718.448208,phi_lo,2328.018402,3.7915655084646858
2721.450045,phi_hi,2331.024816,1.9990777549358256
2721.450045,phi_lo,2331.024816,3.7915655084646858
2724.45529,phi_hi,2334.02638,1.9990777549358256
2724.45529,phi_lo,2334.02638,3.7915655084646858
2727.455551,phi_hi,2337.030691,1.690697685605862
2727.455551,phi_lo,2337.030691,3.7915655084646858
2730.460078,phi_hi,2340.034114,1.690697685605862
2730.460078,phi_lo,2340.034114,3.7915655084646858
2733.465155,phi_hi,2343.041732,1.690697685605862
2733.465155,phi_lo,2343.041732,3.7915655084646858
2736.4718,phi_hi,2346.04843,1.690697685605862
2736.4718,phi_lo,2346.04843,3.7915655084646858
2739.472221,phi_hi,2349.045875,1.690697685605862
2739.472221,phi_lo,2349.045875,3.7915655084646858
2742.476782,phi_hi,2352.049809,1.690697685605862
2742.476782,phi_lo,2352.049809,3.7915655084646858
2745.481317,phi_hi,2355.056683,1.690697685605862
2745.481317,phi_lo,2355.056683,3.7915655084646858
2748.487679,phi_hi,2358.056841,1.690697685605862
2748.487679,phi_lo,2358.056841,3.7915655084646858
2751.488851,phi_hi,2361.06133,1.690697685605862
2751.488851,phi_lo,2361.06133,3.7915655084646858
2754.494874,phi_hi,2364.064553,1.690697685605862
2754.494874,phi_lo,2364.064553,3.7915655084646858
2757.505738,phi_hi,2367.066497,1.690697685605862
2757.505738,phi_lo,2367.066497,3.7915655084646858
2760.508292,phi_hi,2370.066527,1.8785120457374873
2760.508292,phi_lo,2370.066527,3.7915655084646858
2763.511755,phi_hi,2373.071574,1.963528062422661
2763.511755,phi_lo,2373.071574,3.7915655084646858
2766.51567,phi_hi,2376.074154,1.963528062422661
2766.51567,phi_lo,2376.074154,3.7915655084646858
2769.521592,phi_hi,2379.072591,1.985350473147399
2769.521592,phi_lo,2379.072591,3.7915655084646858
2772.523019,phi_hi,2382.076976,2.0339451294259376
2772.523019,phi_lo,2382.076976,3.7915655084646858
2775.530074,phi_hi,2385.075874,2.1464662284835967
2775.530074,phi_lo,2385.075874,3.7915655084646858
2778.530934,phi_hi,2388.085885,2.1464662284835967
2778.530934,phi_lo,2388.085885,3.7915655084646858
2781.533431,phi_hi,2391.087045,2.1464662284835967
2781.533431,phi_lo,2391.087045,3.7915655084646858
2784.538101,phi_hi,2394.089696,2.1464662284835967
2784.538101,phi_lo,2394.089696,3.7915655084646858
2787.542867,phi_hi,2397.097934,2.1464662284835967
2787.542867,phi_lo,2397.097934,3.7915655084646858
2790.542893,phi_hi,2400.097748,2.2084394830670533
2790.542893,phi_lo,2400.097748,3.7915655084646858
2793.545669,phi_hi,2403.104446,2.2084394830670533
2793.545669,phi_lo,2403.104446,3.7915655084646858
2796.549881,phi_hi,2406.104507,2.2084394830670533
2796.549881,phi_lo,2406.104507,3.7915655084646858
2799.554951,phi_hi,2409.107293,2.296278854287074
2799.554951,phi_lo,2409.107293,3.7915655084646858
2802.562043,phi_hi,2412.112597,2.296278854287074
2802.562043,phi_lo,2412.112597,3.7915655084646858
2805.567264,phi_hi,2415.117357,2.296278854287074
2805.567264,phi_lo,2415.117357,3.7915655084646858
2808.572907,phi_hi,2418.119751,2.3361348122391945
2808.572907,phi_lo,2418.119751,3.7915655084646858
2811.572826,phi_hi,2421.124437,2.504829228777517
2811.572826,phi_lo,2421.124437,3.7915655084646858
2814.578085,phi_hi,2424.128111,2.504829228777517
2814.578085,phi_lo,2424.128111,3.7915655084646858
2817.582789,phi_hi,2427.131646,2.504829228777517
2817.582789,phi_lo,2427.131646,3.7915655084646858
2820.587149,phi_hi,2430.130899,2.504829228777517
2820.587149,phi_lo,2430.130899,3.7915655084646858
2823.58879,phi_hi,2433.137661,2.504829228777517
2823.58879,phi_lo,2433.137661,3.7915655084646858
2826.590176,phi_hi,2436.14163,2.624905733381368
2826.590176,phi_lo,2436.14163,3.7915655084646858
2829.59565,phi_hi,2439.147611,2.681484264006528
2829.59565,phi_lo,2439.147611,3.7915655084646858
2832.599799,phi_hi,2442.146702,2.7534324890417494
2832.599799,phi_lo,2442.146702,3.7915655084646858
2835.600687,phi_hi,2445.152357,2.9899508649907105
2835.600687,phi_lo,2445.152357,3.7915655084646858
2838.601657,phi_hi,2448.152645,3.133822577505896
2838.601657,phi_lo,2448.152645,3.7915655084646858
2841.602503,phi_hi,2451.158907,3.177356558078067
2841.602503,phi_lo,2451.158907,3.7915655084646858
2844.609731,phi_hi,2454.161465,4.382559973884547
2844.609731,phi_lo,2454.161465,3.7915655084646858
2847.609972,phi_hi,2457.158781,5.458680600253615
2847.609972,phi_lo,2457.158781,3.7915655084646858
2850.616955,phi_hi,2460.160567,6.3315286149231085
2850.616955,phi_lo,2460.160567,3.7915655084646858
2853.619948,phi_hi,2463.167938,7.271070812196683
2853.619948,phi_lo,2463.167938,3.7915655084646858
2856.627437,phi_hi,2466.170757,7.970137876653823
2856.627437,phi_lo,2466.170757,3.7915655084646858
2859.632407,phi_hi,2469.173705,8.660342760525683
2859.632407,phi_lo,2469.173705,3.7768678006047907
2862.634292,phi_hi,2472.181971,9.3924439120958
2862.634292,phi_lo,2472.181971,3.7342916709188785
2865.635713,phi_hi,2475.186448,10.03321219843603
2865.635713,phi_lo,2475.186448,3.7342916709188785
2868.636104,phi_hi,2478.191967,10.263581867028552
2868.636104,phi_lo,2478.191967,3.7342916709188785
2871.639805,phi_hi,2481.192093,10.83558231738559
2871.639805,phi_lo,2481.192093,3.7342916709188785
2874.643635,phi_hi,2484.19445,11.132567081282048
2874.643635,phi_lo,2484.19445,3.7342916709188785
2877.645582,phi_hi,2487.199456,11.55757748661885
2877.645582,phi_lo,2487.199456,3.7342916709188785
2880.650591,phi_hi,2490.203303,11.834947767894025
2880.650591,phi_lo,2490.203303,3.7342916709188785
2883.656146,phi_hi,2493.202464,12.088380070552201
2883.656146,phi_lo,2493.202464,3.6214835819490787
2886.657643,phi_hi,2496.276278,12.225802230652057
2886.657643,phi_lo,2496.276278,3.6109601625956955
2889.66565,phi_hi,2499.21007,12.554663368136989
2889.66565,phi_lo,2499.21007,3.5924393273465256
2892.662465,phi_hi,2502.210415,12.881510431115508
2892.662465,phi_lo,2502.210415,3.5924393273465256
2895.671671,phi_hi,2505.209912,12.966775040705752
2895.671671,phi_lo,2505.209912,3.5924393273465256
2898.674704,phi_hi,2508.215903,13.010000772194655
2898.674704,phi_lo,2508.215903,3.5924393273465256
2901.673626,phi_hi,2511.218982,13.350365516473747
2901.673626,phi_lo,2511.218982,3.5924393273465256
2904.680965,phi_hi,2514.223303,13.481954736619567
2904.680965,phi_lo,2514.223303,3.5924393273465256
2907.680657,phi_hi,2517.221807,13.481954736619567
2907.680657,phi_lo,2517.221807,3.5924393273465256
2910.682634,phi_hi,2520.225098,13.531311835151563
2910.682634,phi_lo,2520.225098,3.5924393273465256
2913.687488,phi_hi,2523.224578,13.69533792017215
2913.687488,phi_lo,2523.224578,3.5169673060499704
2916.692718,phi_hi,2526.228627,13.756153335684381
2916.692718,phi_lo,2526.228627,3.5169673060499704
2919.696872,phi_hi,2529.232712,13.756153335684381
2919.696872,phi_lo,2529.232712,3.5169673060499704
2922.698518,phi_hi,2532.23809,13.756153335684381
2922.698518,phi_lo,2532.23809,3.5169673060499704
2925.697743,phi_hi,2535.240375,13.759351136573144
2925.697743,phi_lo,2535.240375,3.5169673060499704
2928.706837,phi_hi,2538.249289,13.931163577681637
2928.706837,phi_lo,2538.249289,3.5169673060499704
2931.708706,phi_hi,2541.250931,13.990662257167056
2931.708706,phi_lo,2541.250931,3.479201896066506
2934.712454,phi_hi,2544.256105,14.033891627634617
2934.712454,phi_lo,2544.256105,3.4656709782736783
2937.713739,phi_hi,2547.263245,14.23357926087684
2937.713739,phi_lo,2547.263245,3.392909915910174
2940.722371,phi_hi,2550.266607,14.25695121958761
2940.722371,phi_lo,2550.266607,3.3550639442834154
2943.719953,phi_hi,2553.269929,14.25695121958761
2943.719953,phi_lo,2553.269929,3.2927999430523087
2946.727235,phi_hi,2556.270626,14.25695121958761
2946.727235,phi_lo,2556.270626,3.2927999430523087
2949.73103,phi_hi,2559.27248,14.296979434156668
2949.73103,phi_lo,2559.27248,3.2927999430523087
2952.736626,phi_hi,2562.27944,14.296979434156668
2952.736626,phi_lo,2562.27944,3.1088706101338133
2955.741411,phi_hi,2565.278174,14.296979434156668
2955.741411,phi_lo,2565.278174,3.1088706101338133
2958.747634,phi_hi,2568.284798,14.296979434156668
2958.747634,phi_lo,2568.284798,3.1088706101338133
2961.752448,phi_hi,2571.288624,14.385468848785997
2961.752448,phi_lo,2571.288624,3.1088706101338133
2964.756771,phi_hi,2574.288624,14.486858016923364
2964.756771,phi_lo,2574.288624,3.1088706101338133
2967.758264,phi_hi,2577.296678,14.486858016923364
2967.758264,phi_lo,2577.296678,3.1088706101338133
2970.762936,phi_hi,2580.295067,14.515857697395816
2970.762936,phi_lo,2580.295067,3.1088706101338133
2973.767878,phi_hi,2583.303603,14.56499734950603
2973.767878,phi_lo,2583.303603,2.9638399357253746
2976.771221,phi_hi,2586.306337,14.56499734950603
2976.771221,phi_lo,2586.306337,2.8634324170949697
2979.774124,phi_hi,2589.306576,14.570745016545409
2979.774124,phi_lo,2589.306576,2.674240798345757
2982.775157,phi_hi,2592.312016,14.833500539409307
2982.775157,phi_lo,2592.312016,2.674240798345757
2985.781721,phi_hi,2595.312214,14.833500539409307
2985.781721,phi_lo,2595.312214,2.633414120185172
2988.78024,phi_hi,2598.318291,14.833500539409307
2988.78024,phi_lo,2598.318291,2.633414120185172
2991.788889,phi_hi,2601.318539,14.833500539409307
2991.788889,phi_lo,2601.318539,2.521970517925247
2994.79215,phi_hi,2604.326148,14.833500539409307
2994.79215,phi_lo,2604.326148,2.4233532138760197
2997.794554,phi_hi,2607.32931,14.833500539409307
2997.794554,phi_lo,2607.32931,2.4233532138760197
3000.793089,phi_hi,2610.332505,14.833500539409307
3000.793089,phi_lo,2610.332505,2.4233532138760197
3003.795902,phi_hi,2613.333366,14.833500539409307
3003.795902,phi_lo,2613.333366,2.395634955562201
3006.797639,phi_hi,2616.336499,14.833500539409307
3006.797639,phi_lo,2616.336499,2.395634955562201
3009.800817,phi_hi,2619.341308,14.864007595826383
3009.800817,phi_lo,2619.341308,2.395634955562201
3012.80479,phi_hi,2622.349085,14.867729434386192
3012.80479,phi_lo,2622.349085,2.395634955562201
3015.807138,phi_hi,2625.351332,14.867729434386192
3015.807138,phi_lo,2625.351332,2.395634955562201
3018.805325,phi_hi,2628.359031,14.867729434386192
3018.805325,phi_lo,2628.359031,2.395634955562201
3021.812789,phi_hi,2631.363164,14.867729434386192
3021.812789,phi_lo,2631.363164,2.395634955562201
3024.816753,phi_hi,2634.364862,14.873646485859563
3024.816753,phi_lo,2634.364862,2.332044101506888
3027.820979,phi_hi,2637.361975,14.88196525723557
3027.820979,phi_lo,2637.361975,2.332044101506888
3030.823228,phi_hi,2640.367749,14.89972039518603
3030.823228,phi_lo,2640.367749,2.332044101506888
3033.826729,phi_hi,2643.368227,14.966715165469559
3033.826729,phi_lo,2643.368227,2.125658149541792
3036.82963,phi_hi,2646.374084,14.966715165469559
3036.82963,phi_lo,2646.374084,1.8689810990361764
3039.831351,phi_hi,2649.378061,14.966715165469559
3039.831351,phi_lo,2649.378061,1.7625966137412021
3042.837841,phi_hi,2652.378592,14.966715165469559
3042.837841,phi_lo,2652.378592,1.7625966137412021
3045.84169,phi_hi,2655.379981,14.966715165469559
3045.84169,phi_lo,2655.379981,1.7625966137412021
3048.847678,phi_hi,2658.384391,14.966715165469559
3048.847678,phi_lo,2658.384391,1.7625966137412021
3051.846704,phi_hi,2661.386856,14.966715165469559
3051.846704,phi_lo,2661.386856,1.7625966137412021
3054.848763,phi_hi,2664.423761,14.966715165469559
3054.848763,phi_lo,2664.423761,1.7601986592739252
3057.854449,phi_hi,2667.38956,14.966715165469559
3057.854449,phi_lo,2667.38956,1.7601986592739252
3060.859601,phi_hi,2670.397911,14.966715165469559
3060.859601,phi_lo,2670.397911,1.7601986592739252
3063.858481,phi_hi,2673.399537,14.966715165469559
3063.858481,phi_lo,2673.399537,1.710888485998126
3066.860748,phi_hi,2676.403037,14.966715165469559
3066.860748,phi_lo,2676.403037,1.710888485998126
3069.860008,phi_hi,2679.408683,14.966715165469559
3069.860008,phi_lo,2679.408683,1.710888485998126
3072.86262,phi_hi,2682.409048,14.966715165469559
3072.86262,phi_lo,2682.409048,1.5522516286665535
3075.866471,phi_hi,2685.410459,14.966715165469559
3075.866471,phi_lo,2685.410459,1.5119123688264295
3078.883227,phi_hi,2688.414546,14.966715165469559
3078.883227,phi_lo,2688.414546,1.4435670121591073
3081.874359,phi_hi,2691.418171,14.966715165469559
3081.874359,phi_lo,2691.418171,1.4369281671520397
3084.880657,phi_hi,2694.424128,14.966715165469559
3084.880657,phi_lo,2694.424128,1.330738399122957
3087.88772,phi_hi,2697.425838,14.966715165469559
3087.88772,phi_lo,2697.425838,1.1729591420185699
3090.88807,phi_hi,2700.43117,14.966715165469559
3090.88807,phi_lo,2700.43117,1.1729591420185699
3093.888464,phi_hi,2703.435683,14.966715165469559
3093.888464,phi_lo,2703.435683,1.1729591420185699
3096.896827,phi_hi,2706.442902,14.966715165469559
3096.896827,phi_lo,2706.442902,1.014649526852601
3099.898374,phi_hi,2709.440057,14.966715165469559
3099.898374,phi_lo,2709.440057,1.0064794219531308
3102.901753,phi_hi,2712.445673,14.966715165469559
3102.901753,phi_lo,2712.445673,1.0064794219531308
3105.904483,phi_hi,2715.445295,15.017843504782451
3105.904483,phi_lo,2715.445295,1.0064794219531308
3108.910315,phi_hi,2718.448208,15.05444215480675
3108.910315,phi_lo,2718.448208,1.0064794219531308
3111.925265,phi_hi,2721.450045,15.05444215480675
3111.925265,phi_lo,2721.450045,0.9671947725563257
3114.932167,phi_hi,2724.45529,15.05444215480675
3114.932167,phi_lo,2724.45529,0.9514305500285118
3117.935677,phi_hi,2727.455551,15.18824333292768
3117.935677,phi_lo,2727.455551,0.9514305500285118
3120.937294,phi_hi,2730.460078,15.18824333292768
3120.937294,phi_lo,2730.460078,0.9514305500285118
3123.939824,phi_hi,2733.465155,15.18824333292768
3123.939824,phi_lo,2733.465155,0.8731352869874343
3126.945622,phi_hi,2736.4718,15.18824333292768
3126.945622,phi_lo,2736.4718,0.8065080226054135
3129.948708,phi_hi,2739.472221,15.18824333292768
3129.948708,phi_lo,2739.472221,0.8065080226054135
3133.005403,phi_hi,2742.476782,15.18824333292768
3133.005403,phi_lo,2742.476782,0.8065080226054135
3136.007711,phi_hi,2745.481317,15.18824333292768
3136.007711,phi_lo,2745.481317,0.6638651877608055
3139.014256,phi_hi,2748.487679,15.18824333292768
3139.014256,phi_lo,2748.487679,0.609907541682297
3142.019487,phi_hi,2751.488851,15.18824333292768
3142.019487,phi_lo,2751.488851,0.609907541682297
3145.022538,phi_hi,2754.494874,15.18824333292768
3145.022538,phi_lo,2754.494874,0.609907541682297
3148.019613,phi_hi,2757.505738,15.18824333292768
3148.019613,phi_lo,2757.505738,0.609907541682297
3151.028102,phi_hi,2760.508292,15.18824333292768
3151.028102,phi_lo,2760.508292,0.5558477550461092
3154.031569,phi_hi,2763.511755,15.18824333292768
3154.031569,phi_lo,2763.511755,0.3750942666186319
3157.036533,phi_hi,2766.51567,15.18824333292768
3157.036533,phi_lo,2766.51567,0.31851573599347205
3160.042514,phi_hi,2769.521592,15.18824333292768
3160.042514,phi_lo,2769.521592,0.24656751095825058
3163.047568,phi_hi,2772.523019,15.18824333292768
3163.047568,phi_lo,2772.523019,0.0100491350092895
3166.050048,phi_hi,2775.530074,15.18824333292768
3166.050048,phi_lo,2775.530074,-0.13382257750589588
3169.053288,phi_hi,2778.530934,15.18824333292768
3169.053288,phi_lo,2778.530934,-0.17735655807806694
3172.054408,phi_hi,2781.533431,15.18824333292768
3172.054408,phi_lo,2781.533431,-1.3825599738845469
3175.054562,phi_hi,2784.538101,15.18824333292768
3175.054562,phi_lo,2784.538101,-2.458680600253615
3178.057831,phi_hi,2787.542867,15.18824333292768
3178.057831,phi_lo,2787.542867,-3.3315286149231085
3181.059914,phi_hi,2790.542893,15.230321836929395
3181.059914,phi_lo,2790.542893,-4.271070812196683
3184.059786,phi_hi,2793.545669,15.230321836929395
3184.059786,phi_lo,2793.545669,-4.970137876653823
3187.069544,phi_hi,2796.549881,15.290418277236363
3187.069544,phi_lo,2796.549881,-5.660342760525683
3190.070981,phi_hi,2799.554951,15.290418277236363
3190.070981,phi_lo,2799.554951,-6.3924439120958
3193.076239,phi_hi,2802.562043,15.290418277236363
3193.076239,phi_lo,2802.562043,-7.033212198436029
3196.079917,phi_hi,2805.567264,15.290418277236363
3196.079917,phi_lo,2805.567264,-7.263581867028552
3199.076647,phi_hi,2808.572907,15.290418277236363
3199.076647,phi_lo,2808.572907,-7.83558231738559
3202.08467,phi_hi,2811.572826,15.290418277236363
3202.08467,phi_lo,2811.572826,-8.132567081282048
3205.08298,phi_hi,2814.578085,15.290418277236363
3205.08298,phi_lo,2814.578085,-8.55757748661885
3208.085448,phi_hi,2817.582789,15.314340273822246
3208.085448,phi_lo,2817.582789,-8.834947767894025
3211.091009,phi_hi,2820.587149,15.314340273822246
3211.091009,phi_lo,2820.587149,-9.088380070552201
3214.098842,phi_hi,2823.58879,15.432957695695706
3214.098842,phi_lo,2823.58879,-9.225802230652057
3217.101591,phi_hi,2826.590176,15.439614219524891
3217.101591,phi_lo,2826.590176,-9.554663368136989
3220.10087,phi_hi,2829.59565,15.578346927402585
3220.10087,phi_lo,2829.59565,-9.881510431115508
3223.10699,phi_hi,2832.599799,15.578346927402585
3223.10699,phi_lo,2832.599799,-9.966775040705752
3226.105759,phi_hi,2835.600687,15.578346927402585
3226.105759,phi_lo,2835.600687,-10.010000772194655
3229.114518,phi_hi,2838.601657,15.578346927402585
3229.114518,phi_lo,2838.601657,-10.350365516473747
3232.118581,phi_hi,2841.602503,15.680496464998463
3232.118581,phi_lo,2841.602503,-10.393848454895508
3235.120152,phi_hi,2844.609731,15.680496464998463
3235.120152,phi_lo,2844.609731,-10.393848454895508
3238.122431,phi_hi,2847.609972,15.680496464998463
3238.122431,phi_lo,2847.609972,-10.531311835151563
3241.127563,phi_hi,2850.616955,15.680496464998463
3241.127563,phi_lo,2850.616955,-10.69533792017215
3244.129317,phi_hi,2853.619948,15.680496464998463
3244.129317,phi_lo,2853.619948,-10.715922502964538
3247.132094,phi_hi,2856.627437,15.680496464998463
3247.132094,phi_lo,2856.627437,-10.715922502964538
3250.135443,phi_hi,2859.632407,15.73001648715966
3250.135443,phi_lo,2859.632407,-10.715922502964538
3253.14112,phi_hi,2862.634292,15.73001648715966
3253.14112,phi_lo,2862.634292,-10.759351136573144
3256.14493,phi_hi,2865.635713,15.73001648715966
3256.14493,phi_lo,2865.635713,-10.931163577681637
3259.151136,phi_hi,2868.636104,15.73001648715966
3259.151136,phi_lo,2868.636104,-10.990662257167056
3262.155831,phi_hi,2871.639805,15.73001648715966
3262.155831,phi_lo,2871.639805,-11.033891627634617
3265.154645,phi_hi,2874.643635,15.73001648715966
3265.154645,phi_lo,2874.643635,-11.183634161224688
3268.159434,phi_hi,2877.645582,15.73001648715966
3268.159434,phi_lo,2877.645582,-11.183634161224688
3271.161044,phi_hi,2880.650591,15.73001648715966
3271.161044,phi_lo,2880.650591,-11.183634161224688
3274.165331,phi_hi,2883.656146,15.73001648715966
3274.165331,phi_lo,2883.656146,-11.183634161224688
3277.16995,phi_hi,2886.657643,15.73001648715966
3277.16995,phi_lo,2886.657643,-11.183634161224688
3280.175512,phi_hi,2889.66565,15.78429433607047
3280.175512,phi_lo,2889.66565,-11.183634161224688
3283.176678,phi_hi,2892.662465,15.78429433607047
3283.176678,phi_lo,2892.662465,-11.183634161224688
3286.178175,phi_hi,2895.671671,15.866120315616143
3286.178175,phi_lo,2895.671671,-11.183634161224688
3289.184738,phi_hi,2898.674704,15.917296207617348
3289.184738,phi_lo,2898.674704,-11.365325420904579
3292.184042,phi_hi,2901.673626,15.917296207617348
3292.184042,phi_lo,2901.673626,-11.365325420904579
3295.186061,phi_hi,2904.680965,15.963451514742559
3295.186061,phi_lo,2904.680965,-11.365325420904579
3298.189089,phi_hi,2907.680657,15.963451514742559
3298.189089,phi_lo,2907.680657,-11.365325420904579
3301.19362,phi_hi,2910.682634,15.963451514742559
3301.19362,phi_lo,2910.682634,-11.365325420904579
3304.198888,phi_hi,2913.687488,15.963451514742559
3304.198888,phi_lo,2913.687488,-11.365325420904579
3307.203214,phi_hi,2916.692718,15.963451514742559
3307.203214,phi_lo,2916.692718,-11.365325420904579
3310.205462,phi_hi,2919.696872,15.963451514742559
3310.205462,phi_lo,2919.696872,-11.365325420904579
3313.208131,phi_hi,2922.698518,15.963451514742559
3313.208131,phi_lo,2922.698518,-11.365325420904579
3316.207927,phi_hi,2925.697743,15.963451514742559
3316.207927,phi_lo,2925.697743,-11.365325420904579
3319.208757,phi_hi,2928.706837,15.963451514742559
3319.208757,phi_lo,2928.706837,-11.365325420904579
3322.211199,phi_hi,2931.708706,15.963451514742559
3322.211199,phi_lo,2931.708706,-11.365325420904579
3325.217627,phi_hi,2934.712454,15.963451514742559
3325.217627,phi_lo,2934.712454,-11.365325420904579
3328.222,phi_hi,2937.713739,15.963451514742559
3328.222,phi_lo,2937.713739,-11.365325420904579
3331.227241,phi_hi,2940.722371,15.963451514742559
3331.227241,phi_lo,2940.722371,-11.365325420904579
3334.231305,phi_hi,2943.719953,15.963451514742559
3334.231305,phi_lo,2943.719953,-11.365325420904579
3337.23136,phi_hi,2946.727235,15.963451514742559
3337.23136,phi_lo,2946.727235,-11.365325420904579
3340.23568,phi_hi,2949.73103,15.963451514742559
3340.23568,phi_lo,2949.73103,-11.365325420904579
3343.237927,phi_hi,2952.736626,15.963451514742559
3343.237927,phi_lo,2952.736626,-11.365325420904579
3346.240862,phi_hi,2955.741411,15.963451514742559
3346.240862,phi_lo,2955.741411,-11.365325420904579
3349.246863,phi_hi,2958.747634,16.043307382405647
3349.246863,phi_lo,2958.747634,-11.365325420904579
3352.255103,phi_hi,2961.752448,16.043307382405647
3352.255103,phi_lo,2961.752448,-11.365325420904579
3355.259534,phi_hi,2964.756771,16.043307382405647
3355.259534,phi_lo,2964.756771,-11.365325420904579
3358.258638,phi_hi,2967.758264,16.043307382405647
3358.258638,phi_lo,2967.758264,-11.365325420904579
3361.260032,phi_hi,2970.762936,16.043307382405647
3361.260032,phi_lo,2970.762936,-11.365325420904579
3364.267031,phi_hi,2973.767878,16.043307382405647
3364.267031,phi_lo,2973.767878,-11.365325420904579
3367.268078,phi_hi,2976.771221,16.043307382405647
3367.268078,phi_lo,2976.771221,-11.365325420904579
3370.271885,phi_hi,2979.774124,16.043307382405647
3370.271885,phi_lo,2979.774124,-11.365325420904579
3373.271814,phi_hi,2982.775157,16.043307382405647
3373.271814,phi_lo,2982.775157,-11.365325420904579
3376.278823,phi_hi,2985.781721,16.043307382405647
3376.278823,phi_lo,2985.781721,-11.365325420904579
3379.285013,phi_hi,2988.78024,16.043307382405647
3379.285013,phi_lo,2988.78024,-11.365325420904579
3382.289248,phi_hi,2991.788889,16.043307382405647
3382.289248,phi_lo,2991.788889,-11.365325420904579
3385.294163,phi_hi,2994.79215,16.043307382405647
3385.294163,phi_lo,2994.79215,-11.365325420904579
3388.29404,phi_hi,2997.794554,16.043307382405647
3388.29404,phi_lo,2997.794554,-11.365325420904579
3391.293192,phi_hi,3000.793089,16.043307382405647
3391.293192,phi_lo,3000.793089,-11.365325420904579
3394.299777,phi_hi,3003.795902,16.043307382405647
3394.299777,phi_lo,3003.795902,-11.365325420904579
3397.307079,phi_hi,3006.797639,16.043307382405647
3397.307079,phi_lo,3006.797639,-11.365325420904579
3400.310969,phi_hi,3009.800817,16.043307382405647
3400.310969,phi_lo,3009.800817,-11.365325420904579
3403.309847,phi_hi,3012.80479,16.043307382405647
3403.309847,phi_lo,3012.80479,-11.365325420904579
3406.311627,phi_hi,3015.807138,16.043307382405647
3406.311627,phi_lo,3015.807138,-11.365325420904579
3409.313969,phi_hi,3018.805325,16.043307382405647
3409.313969,phi_lo,3018.805325,-11.365325420904579
3412.318681,phi_hi,3021.812789,16.043307382405647
3412.318681,phi_lo,3021.812789,-11.365325420904579
3415.322971,phi_hi,3024.816753,16.043307382405647
3415.322971,phi_lo,3024.816753,-11.365325420904579
3418.324586,phi_hi,3027.820979,16.043307382405647
3418.324586,phi_lo,3027.820979,-11.365325420904579
3421.329922,phi_hi,3030.823228,16.043307382405647
3421.329922,phi_lo,3030.823228,-11.414622393796819
3424.335461,phi_hi,3033.826729,16.043307382405647
3424.335461,phi_lo,3033.826729,-11.557415267890335
3427.336924,phi_hi,3036.82963,16.043307382405647
3427.336924,phi_lo,3036.82963,-11.817006426250757
3430.341486,phi_hi,3039.831351,16.043307382405647
3430.341486,phi_lo,3039.831351,-11.817006426250757
3433.345614,phi_hi,3042.837841,16.043307382405647
3433.345614,phi_lo,3042.837841,-11.817006426250757
3436.348446,phi_hi,3045.84169,16.043307382405647
3436.348446,phi_lo,3045.84169,-11.817006426250757
3439.350215,phi_hi,3048.847678,16.043307382405647
3439.350215,phi_lo,3048.847678,-11.817006426250757
3442.355837,phi_hi,3051.846704,16.043307382405647
3442.355837,phi_lo,3051.846704,-11.817006426250757
3445.359896,phi_hi,3054.848763,16.043307382405647
3445.359896,phi_lo,3054.848763,-11.817006426250757
3448.362736,phi_hi,3057.854449,16.043307382405647
3448.362736,phi_lo,3057.854449,-11.817006426250757
3451.365694,phi_hi,3060.859601,16.043307382405647
3451.365694,phi_lo,3060.859601,-11.817006426250757
3454.36911,phi_hi,3063.858481,16.043307382405647
3454.36911,phi_lo,3063.858481,-11.817006426250757
3457.370857,phi_hi,3066.860748,16.043307382405647
3457.370857,phi_lo,3066.860748,-11.817006426250757
3460.372927,phi_hi,3069.860008,16.043307382405647
3460.372927,phi_lo,3069.860008,-11.817006426250757
3463.375496,phi_hi,3072.86262,16.043307382405647
3463.375496,phi_lo,3072.86262,-11.817006426250757
3466.379951,phi_hi,3075.866471,16.043307382405647
3466.379951,phi_lo,3075.866471,-11.817006426250757
3469.382942,phi_hi,3078.883227,16.043307382405647
3469.382942,phi_lo,3078.883227,-11.817006426250757
3472.388896,phi_hi,3081.874359,16.043307382405647
3472.388896,phi_lo,3081.874359,-11.817006426250757
3475.387927,phi_hi,3084.880657,16.043307382405647
3475.387927,phi_lo,3084.880657,-11.817006426250757
3478.39054,phi_hi,3087.88772,16.043307382405647
3478.39054,phi_lo,3087.88772,-11.817006426250757
3481.392754,phi_hi,3090.88807,16.043307382405647
3481.392754,phi_lo,3090.88807,-11.817006426250757
3484.398845,phi_hi,3093.888464,16.043307382405647
3484.398845,phi_lo,3093.888464,-11.817006426250757
3487.404031,phi_hi,3096.896827,16.043307382405647
3487.404031,phi_lo,3096.896827,-11.817006426250757
3490.406107,phi_hi,3099.898374,16.043307382405647
3490.406107,phi_lo,3099.898374,-11.817006426250757
3493.41037,phi_hi,3102.901753,16.043307382405647
3493.41037,phi_lo,3102.901753,-11.93136296190766
3496.41658,phi_hi,3105.904483,16.043307382405647
3496.41658,phi_lo,3105.904483,-11.93136296190766
3499.42223,phi_hi,3108.910315,16.043307382405647
3499.42223,phi_lo,3108.910315,-11.965195599258038
3502.420714,phi_hi,3111.925265,16.043307382405647
3502.420714,phi_lo,3111.925265,-11.965195599258038
3505.427231,phi_hi,3114.932167,16.043307382405647
3505.427231,phi_lo,3114.932167,-11.965195599258038
3508.430588,phi_hi,3117.935677,16.043307382405647
3508.430588,phi_lo,3117.935677,-12.054110970808207
3511.434024,phi_hi,3120.937294,16.043307382405647
3511.434024,phi_lo,3120.937294,-12.054110970808207
3514.441144,phi_hi,3123.939824,16.043307382405647
3514.441144,phi_lo,3123.939824,-12.054110970808207
3517.441446,phi_hi,3126.945622,16.043307382405647
3517.441446,phi_lo,3126.945622,-12.054110970808207
3520.445992,phi_hi,3129.948708,16.043307382405647
3520.445992,phi_lo,3129.948708,-12.054110970808207
3523.451242,phi_hi,3133.005403,16.043307382405647
3523.451242,phi_lo,3133.005403,-12.054110970808207
3526.455562,phi_hi,3136.007711,16.043307382405647
3526.455562,phi_lo,3136.007711,-12.054110970808207
3529.460995,phi_hi,3139.014256,16.043307382405647
3529.460995,phi_lo,3139.014256,-12.17351849255083
3532.464449,phi_hi,3142.019487,16.043307382405647
3532.464449,phi_lo,3142.019487,-12.248657707177795
3535.467876,phi_hi,3145.022538,16.043307382405647
3535.467876,phi_lo,3145.022538,-12.260887367557089
3538.465668,phi_hi,3148.019613,16.043307382405647
3538.465668,phi_lo,3148.019613,-12.260887367557089
3541.46762,phi_hi,3151.028102,16.043307382405647
3541.46762,phi_lo,3151.028102,-12.260887367557089
3544.471184,phi_hi,3154.031569,16.043307382405647
3544.471184,phi_lo,3154.031569,-12.260887367557089
3547.478246,phi_hi,3157.036533,16.043307382405647
3547.478246,phi_lo,3157.036533,-12.260887367557089
3550.48107,phi_hi,3160.042514,16.043307382405647
3550.48107,phi_lo,3160.042514,-12.260887367557089
3553.482877,phi_hi,3163.047568,16.043307382405647
3553.482877,phi_lo,3163.047568,-12.260887367557089
3556.486041,phi_hi,3166.050048,16.043307382405647
3556.486041,phi_lo,3166.050048,-12.260887367557089
3559.489677,phi_hi,3169.053288,16.043307382405647
3559.489677,phi_lo,3169.053288,-12.260887367557089
3562.495939,phi_hi,3172.054408,16.043307382405647
3562.495939,phi_lo,3172.054408,-12.260887367557089
3565.492861,phi_hi,3175.054562,16.043307382405647
3565.492861,phi_lo,3175.054562,-12.260887367557089
3568.498665,phi_hi,3178.057831,16.043307382405647
3568.498665,phi_lo,3178.057831,-12.260887367557089
3571.501453,phi_hi,3181.059914,16.043307382405647
3571.501453,phi_lo,3181.059914,-12.260887367557089
3574.505664,phi_hi,3184.059786,16.043307382405647
3574.505664,phi_lo,3184.059786,-12.260887367557089
3577.514525,phi_hi,3187.069544,16.043307382405647
3577.514525,phi_lo,3187.069544,-12.260887367557089
3580.515819,phi_hi,3190.070981,16.043307382405647
3580.515819,phi_lo,3190.070981,-12.260887367557089
3583.520326,phi_hi,3193.076239,16.043307382405647
3583.520326,phi_lo,3193.076239,-12.260887367557089
3586.523076,phi_hi,3196.079917,16.043307382405647
3586.523076,phi_lo,3196.079917,-12.260887367557089
3589.526127,phi_hi,3199.076647,16.043307382405647
3589.526127,phi_lo,3199.076647,-12.260887367557089
3592.527755,phi_hi,3202.08467,16.043307382405647
3592.527755,phi_lo,3202.08467,-12.260887367557089
3595.532212,phi_hi,3205.08298,16.043307382405647
3595.532212,phi_lo,3205.08298,-12.260887367557089
3598.534767,phi_hi,3208.085448,16.043307382405647
3598.534767,phi_lo,3208.085448,-12.260887367557089
3601.535778,phi_hi,3211.091009,16.043307382405647
3601.535778,phi_lo,3211.091009,-12.260887367557089
3604.536014,phi_hi,3214.098842,16.043307382405647
3604.536014,phi_lo,3214.098842,-12.260887367557089
3607.542907,phi_hi,3217.101591,16.043307382405647
3607.542907,phi_lo,3217.101591,-12.260887367557089
3610.544418,phi_hi,3220.10087,16.043307382405647
3610.544418,phi_lo,3220.10087,-12.260887367557089
3613.549855,phi_hi,3223.10699,16.043307382405647
3613.549855,phi_lo,3223.10699,-12.260887367557089
3616.55777,phi_hi,3226.105759,16.043307382405647
3616.55777,phi_lo,3226.105759,-12.260887367557089
3619.555469,phi_hi,3229.114518,16.10814226169129
3619.555469,phi_lo,3229.114518,-12.260887367557089
3622.564667,phi_hi,3232.118581,16.10814226169129
3622.564667,phi_lo,3232.118581,-12.260887367557089
3625.567093,phi_hi,3235.120152,16.10814226169129
3625.567093,phi_lo,3235.120152,-12.260887367557089
3628.567671,phi_hi,3238.122431,16.10814226169129
3628.567671,phi_lo,3238.122431,-12.260887367557089
3631.571413,phi_hi,3241.127563,16.10814226169129
3631.571413,phi_lo,3241.127563,-12.260887367557089
3634.570743,phi_hi,3244.129317,16.10814226169129
3634.570743,phi_lo,3244.129317,-12.260887367557089
3637.574507,phi_hi,3247.132094,16.10814226169129
3637.574507,phi_lo,3247.132094,-12.260887367557089
3640.578691,phi_hi,3250.135443,16.10814226169129
3640.578691,phi_lo,3250.135443,-12.260887367557089
3643.587159,phi_hi,3253.14112,16.10814226169129
3643.587159,phi_lo,3253.14112,-12.260887367557089
3646.587442,phi_hi,3256.14493,16.10814226169129
3646.587442,phi_lo,3256.14493,-12.260887367557089
3649.591411,phi_hi,3259.151136,16.10814226169129
3649.591411,phi_lo,3259.151136,-12.260887367557089
3652.593944,phi_hi,3262.155831,16.10814226169129
3652.593944,phi_lo,3262.155831,-12.260887367557089
3655.59846,phi_hi,3265.154645,16.10814226169129
3655.59846,phi_lo,3265.154645,-12.260887367557089
3658.599663,phi_hi,3268.159434,16.10814226169129
3658.599663,phi_lo,3268.159434,-12.260887367557089
3661.606935,phi_hi,3271.161044,16.10814226169129
3661.606935,phi_lo,3271.161044,-12.260887367557089
3664.61172,phi_hi,3274.165331,16.10814226169129
3664.61172,phi_lo,3274.165331,-12.260887367557089
3667.615744,phi_hi,3277.16995,16.10814226169129
3667.615744,phi_lo,3277.16995,-12.260887367557089
3670.620585,phi_hi,3280.175512,16.10814226169129
3670.620585,phi_lo,3280.175512,-12.260887367557089
3673.619781,phi_hi,3283.176678,16.10814226169129
3673.619781,phi_lo,3283.176678,-12.260887367557089
3676.625756,phi_hi,3286.178175,16.10814226169129
3676.625756,phi_lo,3286.178175,-12.260887367557089
3679.630801,phi_hi,3289.184738,16.10814226169129
3679.630801,phi_lo,3289.184738,-12.260887367557089
3682.63419,phi_hi,3292.184042,16.10814226169129
3682.63419,phi_lo,3292.184042,-12.260887367557089
3685.633823,phi_hi,3295.186061,16.10814226169129
3685.633823,phi_lo,3295.186061,-12.260887367557089
3688.639823,phi_hi,3298.189089,16.10814226169129
3688.639823,phi_lo,3298.189089,-12.260887367557089
3691.642376,phi_hi,3301.19362,16.10814226169129
3691.642376,phi_lo,3301.19362,-12.260887367557089
3694.648784,phi_hi,3304.198888,16.10814226169129
3694.648784,phi_lo,3304.198888,-12.260887367557089
3697.649384,phi_hi,3307.203214,16.10814226169129
3697.649384,phi_lo,3307.203214,-12.260887367557089
3700.651101,phi_hi,3310.205462,16.10814226169129
3700.651101,phi_lo,3310.205462,-12.260887367557089
3703.652654,phi_hi,3313.208131,16.10814226169129
3703.652654,phi_lo,3313.208131,-12.260887367557089
3706.657508,phi_hi,3316.207927,16.10814226169129
3706.657508,phi_lo,3316.207927,-12.260887367557089
3709.660003,phi_hi,3319.208757,16.10814226169129
3709.660003,phi_lo,3319.208757,-12.260887367557089
3712.664592,phi_hi,3322.211199,16.10814226169129
3712.664592,phi_lo,3322.211199,-12.260887367557089
3715.661769,phi_hi,3325.217627,16.10814226169129
3715.661769,phi_lo,3325.217627,-12.260887367557089
3718.671321,phi_hi,3328.222,16.10814226169129
3718.671321,phi_lo,3328.222,-12.260887367557089
3721.672708,phi_hi,3331.227241,16.10814226169129
3721.672708,phi_lo,3331.227241,-12.260887367557089
3724.674082,phi_hi,3334.231305,16.10814226169129
3724.674082,phi_lo,3334.231305,-12.260887367557089
3727.673367,phi_hi,3337.23136,16.10814226169129
3727.673367,phi_lo,3337.23136,-12.278007498126929
3730.677347,phi_hi,3340.23568,16.10814226169129
3730.677347,phi_lo,3340.23568,-12.284916105165163
3733.684756,phi_hi,3343.237927,16.10814226169129
3733.684756,phi_lo,3343.237927,-12.312166120939839
3736.687435,phi_hi,3346.240862,16.10814226169129
3736.687435,phi_lo,3346.240862,-12.312166120939839
3739.688102,phi_hi,3349.246863,16.10814226169129
3739.688102,phi_lo,3349.246863,-12.312166120939839
3742.690548,phi_hi,3352.255103,16.10814226169129
3742.690548,phi_lo,3352.255103,-12.312166120939839
3745.695703,phi_hi,3355.259534,16.10814226169129
3745.695703,phi_lo,3355.259534,-12.312166120939839
3748.700156,phi_hi,3358.258638,16.10814226169129
3748.700156,phi_lo,3358.258638,-12.312166120939839
3751.702323,phi_hi,3361.260032,16.10814226169129
3751.702323,phi_lo,3361.260032,-12.312166120939839
3754.708402,phi_hi,3364.267031,16.10814226169129
3754.708402,phi_lo,3364.267031,-12.312807744241375
3757.713412,phi_hi,3367.268078,16.10814226169129
3757.713412,phi_lo,3367.268078,-12.395123595531828
3760.718712,phi_hi,3370.271885,16.10814226169129
3760.718712,phi_lo,3370.271885,-12.395123595531828
3763.717862,phi_hi,3373.271814,16.10814226169129
3763.717862,phi_lo,3373.271814,-12.395123595531828
3766.71984,phi_hi,3376.278823,16.10814226169129
3766.71984,phi_lo,3376.278823,-12.395123595531828
3769.720541,phi_hi,3379.285013,16.10814226169129
3769.720541,phi_lo,3379.285013,-12.395123595531828
3772.724728,phi_hi,3382.289248,16.10814226169129
3772.724728,phi_lo,3382.289248,-12.395123595531828
3775.723963,phi_hi,3385.294163,16.10814226169129
3775.723963,phi_lo,3385.294163,-12.395123595531828
3778.728923,phi_hi,3388.29404,16.10814226169129
3778.728923,phi_lo,3388.29404,-12.395123595531828
3781.728202,phi_hi,3391.293192,16.10814226169129
3781.728202,phi_lo,3391.293192,-12.395123595531828
3784.735111,phi_hi,3394.299777,16.10814226169129
3784.735111,phi_lo,3394.299777,-12.395123595531828
3787.734756,phi_hi,3397.307079,16.10814226169129
3787.734756,phi_lo,3397.307079,-12.395123595531828
3790.739306,phi_hi,3400.310969,16.10814226169129
3790.739306,phi_lo,3400.310969,-12.395123595531828
3793.743814,phi_hi,3403.309847,16.10814226169129
3793.743814,phi_lo,3403.309847,-12.336227281546268
3796.744146,phi_hi,3406.311627,16.10814226169129
3796.744146,phi_lo,3406.311627,-12.336227281546268
3799.745396,phi_hi,3409.313969,16.10814226169129
3799.745396,phi_lo,3409.313969,-12.336227281546268
3802.753052,phi_hi,3412.318681,16.10814226169129
3802.753052,phi_lo,3412.318681,-12.336227281546268
3805.75257,phi_hi,3415.322971,16.10814226169129
3805.75257,phi_lo,3415.322971,-12.336227281546268
3808.754273,phi_hi,3418.324586,16.10814226169129
3808.754273,phi_lo,3418.324586,-12.264062930447405
3811.761597,phi_hi,3421.329922,16.10814226169129
3811.761597,phi_lo,3421.329922,-12.264062930447405
3814.766009,phi_hi,3424.335461,16.10814226169129
3814.766009,phi_lo,3424.335461,-12.264062930447405
3817.767696,phi_hi,3427.336924,16.10814226169129
3817.767696,phi_lo,3427.336924,-12.264062930447405
3820.768949,phi_hi,3430.341486,16.10814226169129
3820.768949,phi_lo,3430.341486,-12.264062930447405
3823.773864,phi_hi,3433.345614,16.10814226169129
3823.773864,phi_lo,3433.345614,-12.264062930447405
3826.781337,phi_hi,3436.348446,16.10814226169129
3826.781337,phi_lo,3436.348446,-12.264062930447405
3829.782403,phi_hi,3439.350215,16.10814226169129
3829.782403,phi_lo,3439.350215,-12.264062930447405
3832.782097,phi_hi,3442.355837,16.10814226169129
3832.782097,phi_lo,3442.355837,-12.264062930447405
3835.783297,phi_hi,3445.359896,16.10814226169129
3835.783297,phi_lo,3445.359896,-12.264062930447405
3838.783221,phi_hi,3448.362736,16.10814226169129
3838.783221,phi_lo,3448.362736,-12.264062930447405
3841.789828,phi_hi,3451.365694,16.10814226169129
3841.789828,phi_lo,3451.365694,-12.264062930447405
3844.79144,phi_hi,3454.36911,16.10814226169129
3844.79144,phi_lo,3454.36911,-12.264062930447405
3847.796947,phi_hi,3457.370857,16.10814226169129
3847.796947,phi_lo,3457.370857,-12.264062930447405
3850.798118,phi_hi,3460.372927,16.10814226169129
3850.798118,phi_lo,3460.372927,-12.264062930447405
3853.799452,phi_hi,3463.375496,16.10814226169129
3853.799452,phi_lo,3463.375496,-12.264062930447405
3856.806861,phi_hi,3466.379951,16.10814226169129
3856.806861,phi_lo,3466.379951,-12.264062930447405
3859.805216,phi_hi,3469.382942,16.10814226169129
3859.805216,phi_lo,3469.382942,-12.264062930447405
3862.808631,phi_hi,3472.388896,16.10814226169129
3862.808631,phi_lo,3472.388896,-12.264062930447405
3865.812321,phi_hi,3475.387927,16.10814226169129
3865.812321,phi_lo,3475.387927,-12.264062930447405
3868.822893,phi_hi,3478.39054,16.10814226169129
3868.822893,phi_lo,3478.39054,-12.264062930447405
3871.827068,phi_hi,3481.392754,16.10814226169129
3871.827068,phi_lo,3481.392754,-12.227751203058748
3874.827012,phi_hi,3484.398845,16.10814226169129
3874.827012,phi_lo,3484.398845,-12.227751203058748
3877.83051,phi_hi,3487.404031,16.10814226169129
3877.83051,phi_lo,3487.404031,-12.22103058463669
3880.838445,phi_hi,3490.406107,16.10814226169129
3880.838445,phi_lo,3490.406107,-12.22103058463669
3883.838514,phi_hi,3493.41037,16.10814226169129
3883.838514,phi_lo,3493.41037,-12.22103058463669
3886.843449,phi_hi,3496.41658,16.10814226169129
3886.843449,phi_lo,3496.41658,-12.22103058463669
3889.846779,phi_hi,3499.42223,16.10814226169129
3889.846779,phi_lo,3499.42223,-12.220967109115868
3892.859405,phi_hi,3502.420714,16.10814226169129
3892.859405,phi_lo,3502.420714,-12.220967109115868
3895.860242,phi_hi,3505.427231,16.10814226169129
3895.860242,phi_lo,3505.427231,-12.220967109115868
3898.863311,phi_hi,3508.430588,16.10814226169129
3898.863311,phi_lo,3508.430588,-12.220967109115868
3901.867195,phi_hi,3511.434024,16.10814226169129
3901.867195,phi_lo,3511.434024,-12.220967109115868
3904.867998,phi_hi,3514.441144,16.10814226169129
3904.867998,phi_lo,3514.441144,-12.16164172078404
3907.871752,phi_hi,3517.441446,16.10814226169129
3907.871752,phi_lo,3517.441446,-12.16164172078404
3910.880823,phi_hi,3520.445992,16.10814226169129
3910.880823,phi_lo,3520.445992,-12.16164172078404
3913.885561,phi_hi,3523.451242,16.10814226169129
3913.885561,phi_lo,3523.451242,-12.16164172078404
3916.888846,phi_hi,3526.455562,16.10814226169129
3916.888846,phi_lo,3526.455562,-12.16164172078404
3919.891531,phi_hi,3529.460995,16.10814226169129
3919.891531,phi_lo,3529.460995,-12.16164172078404
3922.895279,phi_hi,3532.464449,16.10814226169129
3922.895279,phi_lo,3532.464449,-12.16164172078404
3925.896991,phi_hi,3535.467876,16.10814226169129
3925.896991,phi_lo,3535.467876,-12.16164172078404
3928.903361,phi_hi,3538.465668,16.10814226169129
3928.903361,phi_lo,3538.465668,-12.16164172078404
3931.90669,phi_hi,3541.46762,16.10814226169129
3931.90669,phi_lo,3541.46762,-12.16164172078404
3934.902042,phi_hi,3544.471184,16.10814226169129
3934.902042,phi_lo,3544.471184,-12.16164172078404
3937.913489,phi_hi,3547.478246,16.10814226169129
3937.913489,phi_lo,3547.478246,-12.16164172078404
3940.913157,phi_hi,3550.48107,16.10814226169129
3940.913157,phi_lo,3550.48107,-12.16164172078404
3943.91524,phi_hi,3553.482877,16.10814226169129
3943.91524,phi_lo,3553.482877,-12.16164172078404
3946.917296,phi_hi,3556.486041,16.10814226169129
3946.917296,phi_lo,3556.486041,-12.16164172078404
3949.924775,phi_hi,3559.489677,16.07443428671884
3949.924775,phi_lo,3559.489677,-12.16164172078404
3952.928953,phi_hi,3562.495939,16.07443428671884
3952.928953,phi_lo,3562.495939,-12.16164172078404
3955.932737,phi_hi,3565.492861,16.07443428671884
3955.932737,phi_lo,3565.492861,-12.16164172078404
3958.93346,phi_hi,3568.498665,16.07443428671884
3958.93346,phi_lo,3568.498665,-12.16164172078404
3961.937291,phi_hi,3571.501453,16.07443428671884
3961.937291,phi_lo,3571.501453,-12.16164172078404
3964.946071,phi_hi,3574.505664,16.07443428671884
3964.946071,phi_lo,3574.505664,-12.16164172078404
3967.944775,phi_hi,3577.514525,16.07443428671884
3967.944775,phi_lo,3577.514525,-12.16164172078404
3970.944781,phi_hi,3580.515819,16.07443428671884
3970.944781,phi_lo,3580.515819,-12.16164172078404
3973.9476,phi_hi,3583.520326,16.07443428671884
3973.9476,phi_lo,3583.520326,-12.16164172078404
3976.951757,phi_hi,3586.523076,16.07443428671884
3976.951757,phi_lo,3586.523076,-12.16164172078404
3979.957988,phi_hi,3589.526127,16.07443428671884
3979.957988,phi_lo,3589.526127,-12.16164172078404
3982.962677,phi_hi,3592.527755,16.07443428671884
3982.962677,phi_lo,3592.527755,-12.16164172078404
3985.96227,phi_hi,3595.532212,16.07443428671884
3985.96227,phi_lo,3595.532212,-12.16164172078404
3988.966244,phi_hi,3598.534767,16.07443428671884
3988.966244,phi_lo,3598.534767,-12.16164172078404
3991.964551,phi_hi,3601.535778,16.07443428671884
3991.964551,phi_lo,3601.535778,-12.16164172078404
3994.972281,phi_hi,3604.536014,16.07443428671884
3994.972281,phi_lo,3604.536014,-12.16164172078404
3997.971092,phi_hi,3607.542907,16.15236742464985
3997.971092,phi_lo,3607.542907,-12.16164172078404
4000.977171,phi_hi,3610.544418,16.193992297048077
4000.977171,phi_lo,3610.544418,-12.16164172078404
4003.978838,phi_hi,3613.549855,16.193992297048077
4003.978838,phi_lo,3613.549855,-12.16164172078404
4006.979847,phi_hi,3616.55777,16.27824939452912
4006.979847,phi_lo,3616.55777,-12.16164172078404
4009.988978,phi_hi,3619.555469,16.27824939452912
4009.988978,phi_lo,3619.555469,-12.16164172078404
4012.992,phi_hi,3622.564667,16.27824939452912
4012.992,phi_lo,3622.564667,-12.16164172078404
