semantics,property_set,transport,robots,runs,expected_runs,complete,latency_samples_mean,latency_overhead_ms_p50_mean,latency_overhead_ms_p95_mean,latency_overhead_ms_p99_mean
delayed-qualitative,confined,direct,1,2,2,True,400.0,0.027972499999999997,0.0431425,0.061717499999999995
delayed-qualitative,confined,direct,5,2,2,True,2000.0,0.048321,0.079932,0.133087
delayed-qualitative,confined,direct,10,2,2,True,4000.0,0.0672325,0.0944485,0.1374055
delayed-qualitative,confined,direct,20,2,2,True,8000.0,0.1015195,0.154758,0.2103835
delayed-qualitative,confined,direct,50,2,2,True,20000.0,0.20459149999999998,0.27681750000000005,0.35866200000000004
delayed-qualitative,confined,direct,100,2,2,True,40000.0,0.35482,0.481776,0.566594
delayed-qualitative,confined,ros,1,2,2,True,400.0,1.5673025,26.2359795,26.409983999999998
delayed-qualitative,confined,ros,5,2,2,True,2000.0,22.113971,22.247764,22.409299
delayed-qualitative,confined,ros,10,2,2,True,4000.0,41.3718595,41.5350355,41.790352
delayed-qualitative,confined,ros,20,2,2,True,8000.0,43.847125000000005,43.965373,44.053856499999995
delayed-qualitative,confined,ros,50,2,2,True,20000.0,43.373604,43.6216735,44.064491000000004
delayed-qualitative,confined,ros,100,2,2,True,40000.0,27.022094000000003,27.4360405,27.739946500000002
delayed-qualitative,dwell,direct,1,2,2,True,100.0,0.066445,0.33232649999999997,0.3864925
delayed-qualitative,dwell,direct,5,2,2,True,500.0,0.125253,0.41927099999999995,0.490854
delayed-qualitative,dwell,direct,10,2,2,True,1000.0,0.1123565,0.4460275,0.5781135
delayed-qualitative,dwell,direct,20,2,2,True,2000.0,0.1617585,0.4856935,0.5381395
delayed-qualitative,dwell,direct,50,2,2,True,5000.0,0.344028,0.6648205,0.8208120000000001
delayed-qualitative,dwell,direct,100,2,2,True,10000.0,0.6344515,1.0117005000000001,1.106067
delayed-qualitative,dwell,ros,1,2,2,True,100.0,46.532743999999994,46.719401500000004,46.859191499999994
delayed-qualitative,dwell,ros,5,2,2,True,500.0,25.9135345,26.0795785,26.2848705
delayed-qualitative,dwell,ros,10,2,2,True,1000.0,48.659589,48.823738,49.166225499999996
delayed-qualitative,dwell,ros,20,2,2,True,2000.0,25.3737395,25.478887,25.5742585
delayed-qualitative,dwell,ros,50,2,2,True,5000.0,38.2744295,38.666965,39.032638500000004
delayed-qualitative,dwell,ros,100,2,2,True,10000.0,31.7382645,32.321845499999995,32.778648
delayed-qualitative,occupancy,direct,1,2,2,True,200.0,0.042868500000000004,0.2970295,0.3388655
delayed-qualitative,occupancy,direct,5,2,2,True,200.0,0.1133175,0.3731365,0.5243154999999999
delayed-qualitative,occupancy,direct,10,2,2,True,200.0,0.11759149999999999,0.400293,0.4692245
delayed-qualitative,occupancy,direct,20,2,2,True,200.0,0.12470200000000001,0.39718149999999997,0.4861995
delayed-qualitative,occupancy,direct,50,2,2,True,200.0,0.47322549999999997,0.7588305,0.86963
delayed-qualitative,occupancy,direct,100,2,2,True,200.0,1.597281,2.0459845,2.327577
delayed-qualitative,occupancy,ros,1,2,2,True,200.0,46.738811,46.947058,47.1414195
delayed-qualitative,occupancy,ros,5,2,2,True,200.0,25.497683499999997,25.669552,25.9309725
delayed-qualitative,occupancy,ros,10,2,2,True,200.0,24.6349395,24.7878215,25.207893499999997
delayed-qualitative,occupancy,ros,20,2,2,True,200.0,45.104583500000004,45.2751855,45.6808545
delayed-qualitative,occupancy,ros,50,2,2,True,200.0,46.7782545,46.9845425,47.443028999999996
delayed-qualitative,occupancy,ros,100,2,2,True,200.0,44.705031,45.139835,45.599841
delayed-quantitative,confined,direct,1,2,2,True,400.0,0.027755000000000002,0.0443515,0.051403500000000005
delayed-quantitative,confined,direct,5,2,2,True,2000.0,0.048349,0.071231,0.08269750000000001
delayed-quantitative,confined,direct,10,2,2,True,4000.0,0.067855,0.09451000000000001,0.1088905
delayed-quantitative,confined,direct,20,2,2,True,8000.0,0.1132465,0.1587095,0.1760965
delayed-quantitative,confined,direct,50,2,2,True,20000.0,0.20884000000000003,0.283929,0.36751449999999997
delayed-quantitative,confined,direct,100,2,2,True,40000.0,0.3595935,0.4928255,0.581831
delayed-quantitative,confined,ros,1,2,2,True,400.0,47.710189,47.8551905,48.0456935
delayed-quantitative,confined,ros,5,2,2,True,2000.0,47.0163675,47.161505500000004,47.461347
delayed-quantitative,confined,ros,10,2,2,True,4000.0,23.7929905,23.920095999999997,24.002516
delayed-quantitative,confined,ros,20,2,2,True,8000.0,45.1052915,45.2798035,45.567655
delayed-quantitative,confined,ros,50,2,2,True,20000.0,42.7951535,43.0712695,43.50304
delayed-quantitative,confined,ros,100,2,2,True,40000.0,38.641474,39.120361,39.738066
delayed-quantitative,dwell,direct,1,2,2,True,100.0,0.025246,0.2829545,0.31553600000000004
delayed-quantitative,dwell,direct,5,2,2,True,500.0,0.1113105,0.3416215,1.096127
delayed-quantitative,dwell,direct,10,2,2,True,1000.0,0.1223775,0.36275999999999997,0.47214350000000005
delayed-quantitative,dwell,direct,20,2,2,True,2000.0,0.178031,0.48490599999999995,0.5991234999999999
delayed-quantitative,dwell,direct,50,2,2,True,5000.0,0.439059,0.7359720000000001,0.8867214999999999
delayed-quantitative,dwell,direct,100,2,2,True,10000.0,0.6416820000000001,1.047306,1.256407
delayed-quantitative,dwell,ros,1,2,2,True,100.0,25.412432,25.596132,25.779199
delayed-quantitative,dwell,ros,5,2,2,True,500.0,44.486782500000004,44.799594,45.0462425
delayed-quantitative,dwell,ros,10,2,2,True,1000.0,46.066302,46.1885495,46.366313500000004
delayed-quantitative,dwell,ros,20,2,2,True,2000.0,44.5738205,44.712049,44.7767445
delayed-quantitative,dwell,ros,50,2,2,True,5000.0,44.001791499999996,44.289674500000004,44.753702000000004
delayed-quantitative,dwell,ros,100,2,2,True,10000.0,31.596749,32.1328845,33.115967500000004
delayed-quantitative,occupancy,direct,1,2,2,True,200.0,0.0313395,0.2969445,0.418239
delayed-quantitative,occupancy,direct,5,2,2,True,200.0,0.060969499999999996,0.36655550000000003,0.45397699999999996
delayed-quantitative,occupancy,direct,10,2,2,True,200.0,0.056171,0.3351845,0.3859445
delayed-quantitative,occupancy,direct,20,2,2,True,200.0,0.1105355,0.41876199999999997,0.580217
delayed-quantitative,occupancy,direct,50,2,2,True,200.0,0.44262599999999996,0.809496,0.924831
delayed-quantitative,occupancy,direct,100,2,2,True,200.0,1.5767229999999999,2.066288,2.1849075
delayed-quantitative,occupancy,ros,1,2,2,True,200.0,23.425071,23.580589,23.7594845
delayed-quantitative,occupancy,ros,5,2,2,True,200.0,44.7298415,44.871815,45.092917
delayed-quantitative,occupancy,ros,10,2,2,True,200.0,44.2970435,44.415393,44.5024515
delayed-quantitative,occupancy,ros,20,2,2,True,200.0,47.162876,47.4015945,47.6872895
delayed-quantitative,occupancy,ros,50,2,2,True,200.0,50.461721999999995,50.822517000000005,51.242408999999995
delayed-quantitative,occupancy,ros,100,2,2,True,200.0,4.457284,5.096511,5.498658
eager-qualitative,confined,direct,1,2,2,True,400.0,0.028978999999999998,0.046749,0.07012099999999999
eager-qualitative,confined,direct,5,2,2,True,2000.0,0.048439499999999996,0.071736,0.0926205
eager-qualitative,confined,direct,10,2,2,True,4000.0,0.07092999999999999,0.1129995,0.1372295
eager-qualitative,confined,direct,20,2,2,True,8000.0,0.10756099999999999,0.1459435,0.24241849999999998
eager-qualitative,confined,direct,50,2,2,True,20000.0,0.20413150000000002,0.2789275,0.39028850000000004
eager-qualitative,confined,direct,100,2,2,True,40000.0,0.3681235,0.47478,0.5451195
eager-qualitative,confined,ros,1,2,2,True,400.0,44.472252,44.71983,45.032617
eager-qualitative,confined,ros,5,2,2,True,2000.0,44.845089,44.9669995,45.1643125
eager-qualitative,confined,ros,10,2,2,True,4000.0,45.480446,45.6377665,45.887774500000006
eager-qualitative,confined,ros,20,2,2,True,8000.0,44.624179999999996,44.762358500000005,45.045495
eager-qualitative,confined,ros,50,2,2,True,20000.0,38.919813500000004,39.114716,39.295921
eager-qualitative,confined,ros,100,2,2,True,40000.0,35.9354825,36.425072,36.905614
eager-qualitative,dwell,direct,1,2,2,True,100.0,9999.848919,10000.239095500001,10000.430421500001
eager-qualitative,dwell,direct,5,2,2,True,500.0,15000.0776725,15000.369429499999,15000.4531885
eager-qualitative,dwell,direct,10,2,2,True,1000.0,15000.039735999999,15000.3665365,15000.418688
eager-qualitative,dwell,direct,20,2,2,True,2000.0,15000.0555305,15000.4352925,15000.4937475
eager-qualitative,dwell,direct,50,2,2,True,5000.0,15000.282213999999,15000.6378175,15000.72007
eager-qualitative,dwell,direct,100,2,2,True,10000.0,15000.55947,15000.912307,15001.077308
eager-qualitative,dwell,ros,1,2,2,True,100.0,10046.034180499999,10046.1812835,10046.2530185
eager-qualitative,dwell,ros,5,2,2,True,500.0,15023.2846405,15023.4297755,15023.580557000001
eager-qualitative,dwell,ros,10,2,2,True,1000.0,15043.2716995,15043.422701,15043.5925575
eager-qualitative,dwell,ros,20,2,2,True,2000.0,15042.778658,15042.9285865,15043.0504365
eager-qualitative,dwell,ros,50,2,2,True,5000.0,15041.254327499999,15041.511376499999,15041.8201875
eager-qualitative,dwell,ros,100,2,2,True,10000.0,15036.2654745,15036.682097500001,15037.214543499998
eager-qualitative,occupancy,direct,1,2,2,True,200.0,6250.288473,8500.26964,8700.2426945
eager-qualitative,occupancy,direct,5,2,2,True,200.0,1775.0225249999999,5824.8729795,6224.840041500001
eager-qualitative,occupancy,direct,10,2,2,True,200.0,10000.121070500001,10000.376737999999,10000.461833500001
eager-qualitative,occupancy,direct,20,2,2,True,200.0,10000.162811999999,10000.4664835,10000.5639805
eager-qualitative,occupancy,direct,50,2,2,True,200.0,10000.450651,10000.777206499999,10001.0350965
eager-qualitative,occupancy,direct,100,2,2,True,200.0,10001.585127999999,10002.1522725,10002.271701500002
eager-qualitative,occupancy,ros,1,2,2,True,200.0,6252.302027000001,8502.0111235,8702.076000500001
eager-qualitative,occupancy,ros,5,2,2,True,200.0,1800.768361,5850.7632295,6250.6358975
eager-qualitative,occupancy,ros,10,2,2,True,200.0,10047.3132505,10047.5638115,10047.775794500001
eager-qualitative,occupancy,ros,20,2,2,True,200.0,10043.514889,10043.65755,10043.818643
eager-qualitative,occupancy,ros,50,2,2,True,200.0,10023.641685999999,10023.7952435,10024.132548
eager-qualitative,occupancy,ros,100,2,2,True,200.0,10046.2207865,10046.732511999999,10047.2762325
robustness-interval,confined,direct,1,2,2,True,400.0,0.030031000000000002,0.045117000000000004,0.059697
robustness-interval,confined,direct,5,2,2,True,2000.0,0.05597,0.08541699999999999,0.1218205
robustness-interval,confined,direct,10,2,2,True,4000.0,0.08199100000000001,0.1152625,0.161007
robustness-interval,confined,direct,20,2,2,True,8000.0,0.130323,0.1836825,0.2240125
robustness-interval,confined,direct,50,2,2,True,20000.0,0.267143,0.3762995,0.46447
robustness-interval,confined,direct,100,2,2,True,40000.0,0.48693149999999996,0.6431935,0.782287
robustness-interval,confined,ros,1,2,2,True,400.0,25.645016,25.8411695,26.1159455
robustness-interval,confined,ros,5,2,2,True,2000.0,46.954733000000004,47.0895645,47.220591
robustness-interval,confined,ros,10,2,2,True,4000.0,44.313937499999994,44.471059499999996,44.730745999999996
robustness-interval,confined,ros,20,2,2,True,8000.0,46.204263,46.4472605,46.671492
robustness-interval,confined,ros,50,2,2,True,20000.0,38.693529999999996,39.336138500000004,39.76874
robustness-interval,confined,ros,100,2,2,True,40000.0,29.7297845,30.925585500000004,31.611152500000003
robustness-interval,dwell,direct,1,2,2,True,400.0,0.5147539999999999,0.9681385,1.0899805
robustness-interval,dwell,direct,5,2,2,True,2000.0,2.762789,4.408466,4.8153255
robustness-interval,dwell,direct,10,2,2,True,4000.0,4.297622499999999,6.353306,6.7485215
robustness-interval,dwell,direct,20,2,2,True,8000.0,6.393987,10.3884115,11.6201605
robustness-interval,dwell,direct,50,2,2,True,20000.0,14.007503,24.3663935,25.471294
robustness-interval,dwell,direct,100,2,2,True,40000.0,26.7977405,57.7076455,60.175675
robustness-interval,dwell,ros,1,2,2,True,400.0,50.574618,52.323778000000004,52.610134
robustness-interval,dwell,ros,5,2,2,True,2000.0,57.760859499999995,69.866647,78.521394
robustness-interval,dwell,ros,10,2,2,True,4000.0,57.369239,79.03983500000001,87.39167950000001
robustness-interval,dwell,ros,20,2,2,True,7560.0,70.892178,1243.3717735,1310.4855945
robustness-interval,occupancy,direct,1,2,2,True,400.0,0.189716,0.27091849999999995,0.3212255
robustness-interval,occupancy,direct,5,2,2,True,400.0,0.7719555,1.0787095,1.2357624999999999
robustness-interval,occupancy,direct,10,2,2,True,400.0,1.52576,1.903927,2.0773004999999998
robustness-interval,occupancy,direct,20,2,2,True,400.0,2.6357825,3.2378074999999997,3.539342
robustness-interval,occupancy,direct,50,2,2,True,400.0,4.6067855,5.5119205000000004,5.9326740000000004
robustness-interval,occupancy,direct,100,2,2,True,400.0,7.8347745,9.059465,9.9465525
robustness-interval,occupancy,ros,1,2,2,True,400.0,50.509421,50.9714865,51.815145
robustness-interval,occupancy,ros,5,2,2,True,400.0,53.557112000000004,59.2419845,68.1704895
robustness-interval,occupancy,ros,10,2,2,True,400.0,59.5231645,67.7556835,74.7791445
robustness-interval,occupancy,ros,20,2,2,True,400.0,75.41068899999999,84.7506805,90.52756
robustness-interval,occupancy,ros,50,2,2,True,398.5,885.338568,1171.8670339999999,1252.1479574999998
robustness-interval,occupancy,ros,100,2,2,True,397.0,1872.1660115,2298.6828705,2336.128337
