tool              , spec_name, spec                                                              , mode  , n_samples, m_runs, avg_total_s           , std_total_s          , avg_per_sample_s      , std_per_sample_s      , avg_per_sample_us   , std_per_sample_us
mstlo             , phi_hi   , "G[0,30]((T >= $max_T) -> F[0,360](T <= $max_T))"                 , online,       989,     50, 0.00046301665999635587, 9.798636914387108e-06, 4.681664914017755e-07 , 9.90762074255521e-09  ,  0.46816649140177546, 0.00990762074255521
rtamt-discrete-cpp, phi_hi   , "always[0,30]((T >= 39.0) implies (eventually[0,360](T <= 39.0)))", online,       989,     50, 0.004119869119999748  , 6.439256847693834e-05, 4.165691729018957e-06 , 6.510876489073637e-08 ,  4.165691729018957  , 0.06510876489073637
rtamt-dense       , phi_hi   , "always[0,30]((T >= 39.0) implies (eventually[0,360](T <= 39.0)))", online,       989,     50, 0.036719773359997133  , 0.0012442600676216933, 3.7128183377145745e-05, 1.258099158363694e-06 , 37.128183377145746  , 1.258099158363694
mstlo             , phi_lo   , "G[0,30]((T <= $min_T) -> F[0,360](T >= $min_T))"                 , online,       989,     50, 0.00046512084000255527, 7.05305182115461e-06 , 4.702940748256371e-07 , 7.131498302481908e-09 ,  0.4702940748256371 , 0.007131498302481908
rtamt-discrete-cpp, phi_lo   , "always[0,30]((T <= 36.0) implies (eventually[0,360](T >= 36.0)))", online,       989,     50, 0.0041408057999979065 , 5.712203386622288e-05, 4.1868612740120385e-06, 5.775736487990166e-08 ,  4.186861274012038  , 0.05775736487990166
rtamt-dense       , phi_lo   , "always[0,30]((T <= 36.0) implies (eventually[0,360](T >= 36.0)))", online,       989,     50, 0.0368347758399932    , 0.0011919480830909872, 3.724446495449263e-05 , 1.2052053418513527e-06, 37.24446495449263   , 1.2052053418513526
mstlo             , aggregate, pooled over 100 runs                                              , online,      1978,    100, 0.00046406874999945554, 8.425844367770859e-06, 4.692302831137063e-07 , 8.654482638722703e-09 ,  0.4692302831137063 , 0.008654482638722703
rtamt-discrete-cpp, aggregate, pooled over 100 runs                                              , online,      1978,    100, 0.004130337459998827  , 6.075730117158061e-05, 4.176276501515497e-06 , 6.214855935743438e-08 ,  4.176276501515497  , 0.06214855935743437
rtamt-dense       , aggregate, pooled over 100 runs                                              , online,      1978,    100, 0.03677727459999516   , 0.0012181040753563403, 3.718632416581918e-05 , 1.2270905564435366e-06, 37.18632416581918   , 1.2270905564435366
