formula_id,spec,semantics,algorithm,mode,n_samples,m_runs,avg_total_s,std_total_s,avg_per_sample_s,std_per_sample_s,avg_per_sample_us,std_per_sample_us,benchmark_kind,interval_len
1,(x < 0.5) and (x > -0.5),DelayedQuantitative,Incremental,online,20000,50,0.002884363420,0.000136840771,0.000000144218,0.000000006842,0.144218,0.006842,general,0
2,"G[0,1000] (x > 0.5 -> F[0,100] (x < 0.0))",DelayedQuantitative,Incremental,online,20000,50,0.007320179180,0.000588890672,0.000000366009,0.000000029445,0.366009,0.029445,general,1000
3,"(x < 0.5) U[0,1000] (x < 0.0)",DelayedQuantitative,Incremental,online,20000,50,0.089175100940,0.001526568659,0.000004458755,0.000000076328,4.458755,0.076328,general,1000
4,"(G[0,100] (x < 0.5)) or (G[100,150] (x > 0.0))",DelayedQuantitative,Incremental,online,20000,50,0.007759269160,0.000112461915,0.000000387963,0.000000005623,0.387963,0.005623,general,100
5,"(x < 0.0) U[0,1] (x > 0.0)",DelayedQuantitative,Incremental,online,20000,50,0.006338121580,0.000070359759,0.000000316906,0.000000003518,0.316906,0.003518,general,1
5,"(x < 0.0) U[0,100] (x > 0.0)",DelayedQuantitative,Incremental,online,20000,50,0.021188390060,0.000318284572,0.000001059420,0.000000015914,1.059420,0.015914,general,100
5,"(x < 0.0) U[0,200] (x > 0.0)",DelayedQuantitative,Incremental,online,20000,50,0.030268554180,0.000291112866,0.000001513428,0.000000014556,1.513428,0.014556,general,200
5,"(x < 0.0) U[0,300] (x > 0.0)",DelayedQuantitative,Incremental,online,20000,50,0.039422136680,0.000256614854,0.000001971107,0.000000012831,1.971107,0.012831,general,300
5,"(x < 0.0) U[0,400] (x > 0.0)",DelayedQuantitative,Incremental,online,20000,50,0.046076580020,0.000288966645,0.000002303829,0.000000014448,2.303829,0.014448,general,400
5,"(x < 0.0) U[0,500] (x > 0.0)",DelayedQuantitative,Incremental,online,20000,50,0.053567698180,0.000489246275,0.000002678385,0.000000024462,2.678385,0.024462,general,500
5,"(x < 0.0) U[0,600] (x > 0.0)",DelayedQuantitative,Incremental,online,20000,50,0.065380426660,0.000346924903,0.000003269021,0.000000017346,3.269021,0.017346,general,600
5,"(x < 0.0) U[0,700] (x > 0.0)",DelayedQuantitative,Incremental,online,20000,50,0.072480433320,0.000375340314,0.000003624022,0.000000018767,3.624022,0.018767,general,700
5,"(x < 0.0) U[0,800] (x > 0.0)",DelayedQuantitative,Incremental,online,20000,50,0.079911281720,0.000393866341,0.000003995564,0.000000019693,3.995564,0.019693,general,800
5,"(x < 0.0) U[0,900] (x > 0.0)",DelayedQuantitative,Incremental,online,20000,50,0.087371493360,0.000622570246,0.000004368575,0.000000031129,4.368575,0.031129,general,900
5,"(x < 0.0) U[0,1000] (x > 0.0)",DelayedQuantitative,Incremental,online,20000,50,0.095244467480,0.000457062919,0.000004762223,0.000000022853,4.762223,0.022853,general,1000
5,"(x < 0.0) U[0,1100] (x > 0.0)",DelayedQuantitative,Incremental,online,20000,50,0.110971414260,0.001274794932,0.000005548571,0.000000063740,5.548571,0.063740,general,1100
5,"(x < 0.0) U[0,1200] (x > 0.0)",DelayedQuantitative,Incremental,online,20000,50,0.119240835860,0.000481218128,0.000005962042,0.000000024061,5.962042,0.024061,general,1200
5,"(x < 0.0) U[0,1300] (x > 0.0)",DelayedQuantitative,Incremental,online,20000,50,0.126100357440,0.000544088356,0.000006305018,0.000000027204,6.305018,0.027204,general,1300
5,"(x < 0.0) U[0,1400] (x > 0.0)",DelayedQuantitative,Incremental,online,20000,50,0.134300420060,0.000705422976,0.000006715021,0.000000035271,6.715021,0.035271,general,1400
5,"(x < 0.0) U[0,1500] (x > 0.0)",DelayedQuantitative,Incremental,online,20000,50,0.141095210880,0.000816435558,0.000007054761,0.000000040822,7.054761,0.040822,general,1500
5,"(x < 0.0) U[0,1600] (x > 0.0)",DelayedQuantitative,Incremental,online,20000,50,0.147919813280,0.000599920825,0.000007395991,0.000000029996,7.395991,0.029996,general,1600
5,"(x < 0.0) U[0,1700] (x > 0.0)",DelayedQuantitative,Incremental,online,20000,50,0.155268310720,0.000603904390,0.000007763416,0.000000030195,7.763416,0.030195,general,1700
5,"(x < 0.0) U[0,1800] (x > 0.0)",DelayedQuantitative,Incremental,online,20000,50,0.163184531740,0.000634891440,0.000008159227,0.000000031745,8.159227,0.031745,general,1800
5,"(x < 0.0) U[0,1900] (x > 0.0)",DelayedQuantitative,Incremental,online,20000,50,0.169469845760,0.000709206926,0.000008473492,0.000000035460,8.473492,0.035460,general,1900
5,"(x < 0.0) U[0,2000] (x > 0.0)",DelayedQuantitative,Incremental,online,20000,50,0.175167296720,0.000715841664,0.000008758365,0.000000035792,8.758365,0.035792,general,2000
5,"(x < 0.0) U[0,2100] (x > 0.0)",DelayedQuantitative,Incremental,online,20000,50,0.192842763300,0.000771167230,0.000009642138,0.000000038558,9.642138,0.038558,general,2100
5,"(x < 0.0) U[0,2200] (x > 0.0)",DelayedQuantitative,Incremental,online,20000,50,0.199646944080,0.000652335646,0.000009982347,0.000000032617,9.982347,0.032617,general,2200
5,"(x < 0.0) U[0,2300] (x > 0.0)",DelayedQuantitative,Incremental,online,20000,50,0.206138437480,0.000605540682,0.000010306922,0.000000030277,10.306922,0.030277,general,2300
5,"(x < 0.0) U[0,2400] (x > 0.0)",DelayedQuantitative,Incremental,online,20000,50,0.212738481680,0.001017657225,0.000010636924,0.000000050883,10.636924,0.050883,general,2400
5,"(x < 0.0) U[0,2500] (x > 0.0)",DelayedQuantitative,Incremental,online,20000,50,0.218798242440,0.000677217929,0.000010939912,0.000000033861,10.939912,0.033861,general,2500
5,"(x < 0.0) U[0,2600] (x > 0.0)",DelayedQuantitative,Incremental,online,20000,50,0.224813490000,0.000747386372,0.000011240674,0.000000037369,11.240674,0.037369,general,2600
5,"(x < 0.0) U[0,2700] (x > 0.0)",DelayedQuantitative,Incremental,online,20000,50,0.231109107480,0.000556300452,0.000011555455,0.000000027815,11.555455,0.027815,general,2700
5,"(x < 0.0) U[0,2800] (x > 0.0)",DelayedQuantitative,Incremental,online,20000,50,0.237131328340,0.000549594020,0.000011856566,0.000000027480,11.856566,0.027480,general,2800
5,"(x < 0.0) U[0,2900] (x > 0.0)",DelayedQuantitative,Incremental,online,20000,50,0.242900618380,0.000977807955,0.000012145031,0.000000048890,12.145031,0.048890,general,2900
5,"(x < 0.0) U[0,3000] (x > 0.0)",DelayedQuantitative,Incremental,online,20000,50,0.248795761760,0.001038180218,0.000012439788,0.000000051909,12.439788,0.051909,general,3000
5,"(x < 0.0) U[0,3100] (x > 0.0)",DelayedQuantitative,Incremental,online,20000,50,0.254480761640,0.000462417276,0.000012724038,0.000000023121,12.724038,0.023121,general,3100
5,"(x < 0.0) U[0,3200] (x > 0.0)",DelayedQuantitative,Incremental,online,20000,50,0.262920677520,0.000938658812,0.000013146034,0.000000046933,13.146034,0.046933,general,3200
5,"(x < 0.0) U[0,3300] (x > 0.0)",DelayedQuantitative,Incremental,online,20000,50,0.268912016520,0.000692871220,0.000013445601,0.000000034644,13.445601,0.034644,general,3300
5,"(x < 0.0) U[0,3400] (x > 0.0)",DelayedQuantitative,Incremental,online,20000,50,0.272812839960,0.000740805280,0.000013640642,0.000000037040,13.640642,0.037040,general,3400
5,"(x < 0.0) U[0,3500] (x > 0.0)",DelayedQuantitative,Incremental,online,20000,50,0.278992904980,0.001401498845,0.000013949645,0.000000070075,13.949645,0.070075,general,3500
5,"(x < 0.0) U[0,3600] (x > 0.0)",DelayedQuantitative,Incremental,online,20000,50,0.285058954180,0.000518883856,0.000014252948,0.000000025944,14.252948,0.025944,general,3600
5,"(x < 0.0) U[0,3700] (x > 0.0)",DelayedQuantitative,Incremental,online,20000,50,0.289882585800,0.000634714325,0.000014494129,0.000000031736,14.494129,0.031736,general,3700
5,"(x < 0.0) U[0,3800] (x > 0.0)",DelayedQuantitative,Incremental,online,20000,50,0.295750960000,0.000474014717,0.000014787548,0.000000023701,14.787548,0.023701,general,3800
5,"(x < 0.0) U[0,3900] (x > 0.0)",DelayedQuantitative,Incremental,online,20000,50,0.302570843340,0.001117944740,0.000015128542,0.000000055897,15.128542,0.055897,general,3900
5,"(x < 0.0) U[0,4000] (x > 0.0)",DelayedQuantitative,Incremental,online,20000,50,0.306862911780,0.000646990497,0.000015343146,0.000000032350,15.343146,0.032350,general,4000
5,"(x < 0.0) U[0,4100] (x > 0.0)",DelayedQuantitative,Incremental,online,20000,50,0.335188681640,0.001223686674,0.000016759434,0.000000061184,16.759434,0.061184,general,4100
5,"(x < 0.0) U[0,4200] (x > 0.0)",DelayedQuantitative,Incremental,online,20000,50,0.340382970820,0.000492526523,0.000017019149,0.000000024626,17.019149,0.024626,general,4200
5,"(x < 0.0) U[0,4300] (x > 0.0)",DelayedQuantitative,Incremental,online,20000,50,0.346588763340,0.000912288434,0.000017329438,0.000000045614,17.329438,0.045614,general,4300
5,"(x < 0.0) U[0,4400] (x > 0.0)",DelayedQuantitative,Incremental,online,20000,50,0.351849685760,0.001084020799,0.000017592484,0.000000054201,17.592484,0.054201,general,4400
5,"(x < 0.0) U[0,4500] (x > 0.0)",DelayedQuantitative,Incremental,online,20000,50,0.356158946640,0.001130161940,0.000017807947,0.000000056508,17.807947,0.056508,general,4500
5,"(x < 0.0) U[0,4600] (x > 0.0)",DelayedQuantitative,Incremental,online,20000,50,0.361888650760,0.000848050472,0.000018094433,0.000000042403,18.094433,0.042403,general,4600
5,"(x < 0.0) U[0,4700] (x > 0.0)",DelayedQuantitative,Incremental,online,20000,50,0.366742620860,0.000906843504,0.000018337131,0.000000045342,18.337131,0.045342,general,4700
5,"(x < 0.0) U[0,4800] (x > 0.0)",DelayedQuantitative,Incremental,online,20000,50,0.370943329980,0.000575017983,0.000018547166,0.000000028751,18.547166,0.028751,general,4800
5,"(x < 0.0) U[0,4900] (x > 0.0)",DelayedQuantitative,Incremental,online,20000,50,0.375960641680,0.000830587128,0.000018798032,0.000000041529,18.798032,0.041529,general,4900
5,"(x < 0.0) U[0,5000] (x > 0.0)",DelayedQuantitative,Incremental,online,20000,50,0.381558395800,0.000767695858,0.000019077920,0.000000038385,19.077920,0.038385,general,5000
6,"G[0,1] (x > 0.0)",DelayedQuantitative,Incremental,online,20000,50,0.003280081580,0.000019049730,0.000000164004,0.000000000952,0.164004,0.000952,general,1
6,"G[0,100] (x > 0.0)",DelayedQuantitative,Incremental,online,20000,50,0.003672186640,0.000018821847,0.000000183609,0.000000000941,0.183609,0.000941,general,100
6,"G[0,200] (x > 0.0)",DelayedQuantitative,Incremental,online,20000,50,0.003633523420,0.000019586103,0.000000181676,0.000000000979,0.181676,0.000979,general,200
6,"G[0,300] (x > 0.0)",DelayedQuantitative,Incremental,online,20000,50,0.003558289200,0.000033452685,0.000000177914,0.000000001673,0.177914,0.001673,general,300
6,"G[0,400] (x > 0.0)",DelayedQuantitative,Incremental,online,20000,50,0.003604965040,0.000025693657,0.000000180248,0.000000001285,0.180248,0.001285,general,400
6,"G[0,500] (x > 0.0)",DelayedQuantitative,Incremental,online,20000,50,0.003518685040,0.000039720194,0.000000175934,0.000000001986,0.175934,0.001986,general,500
6,"G[0,600] (x > 0.0)",DelayedQuantitative,Incremental,online,20000,50,0.003555615820,0.000031390206,0.000000177781,0.000000001570,0.177781,0.001570,general,600
6,"G[0,700] (x > 0.0)",DelayedQuantitative,Incremental,online,20000,50,0.003589130020,0.000053151180,0.000000179457,0.000000002658,0.179457,0.002658,general,700
6,"G[0,800] (x > 0.0)",DelayedQuantitative,Incremental,online,20000,50,0.003564719140,0.000026952548,0.000000178236,0.000000001348,0.178236,0.001348,general,800
6,"G[0,900] (x > 0.0)",DelayedQuantitative,Incremental,online,20000,50,0.003382819140,0.000022389249,0.000000169141,0.000000001119,0.169141,0.001119,general,900
6,"G[0,1000] (x > 0.0)",DelayedQuantitative,Incremental,online,20000,50,0.003385890860,0.000023315379,0.000000169295,0.000000001166,0.169295,0.001166,general,1000
6,"G[0,1100] (x > 0.0)",DelayedQuantitative,Incremental,online,20000,50,0.003425974100,0.000030743317,0.000000171299,0.000000001537,0.171299,0.001537,general,1100
6,"G[0,1200] (x > 0.0)",DelayedQuantitative,Incremental,online,20000,50,0.003483335900,0.000033292852,0.000000174167,0.000000001665,0.174167,0.001665,general,1200
6,"G[0,1300] (x > 0.0)",DelayedQuantitative,Incremental,online,20000,50,0.003501549120,0.000033383565,0.000000175077,0.000000001669,0.175077,0.001669,general,1300
6,"G[0,1400] (x > 0.0)",DelayedQuantitative,Incremental,online,20000,50,0.003525448320,0.000024795798,0.000000176272,0.000000001240,0.176272,0.001240,general,1400
6,"G[0,1500] (x > 0.0)",DelayedQuantitative,Incremental,online,20000,50,0.003530443400,0.000023844608,0.000000176522,0.000000001192,0.176522,0.001192,general,1500
6,"G[0,1600] (x > 0.0)",DelayedQuantitative,Incremental,online,20000,50,0.003513734200,0.000019720229,0.000000175687,0.000000000986,0.175687,0.000986,general,1600
6,"G[0,1700] (x > 0.0)",DelayedQuantitative,Incremental,online,20000,50,0.003529434180,0.000044525652,0.000000176472,0.000000002226,0.176472,0.002226,general,1700
6,"G[0,1800] (x > 0.0)",DelayedQuantitative,Incremental,online,20000,50,0.003414239160,0.000022471054,0.000000170712,0.000000001124,0.170712,0.001124,general,1800
6,"G[0,1900] (x > 0.0)",DelayedQuantitative,Incremental,online,20000,50,0.003371485760,0.000035244399,0.000000168574,0.000000001762,0.168574,0.001762,general,1900
6,"G[0,2000] (x > 0.0)",DelayedQuantitative,Incremental,online,20000,50,0.003473595000,0.000118169486,0.000000173680,0.000000005908,0.173680,0.005908,general,2000
6,"G[0,2100] (x > 0.0)",DelayedQuantitative,Incremental,online,20000,50,0.003413656720,0.000053122385,0.000000170683,0.000000002656,0.170683,0.002656,general,2100
6,"G[0,2200] (x > 0.0)",DelayedQuantitative,Incremental,online,20000,50,0.003361310840,0.000040814696,0.000000168066,0.000000002041,0.168066,0.002041,general,2200
6,"G[0,2300] (x > 0.0)",DelayedQuantitative,Incremental,online,20000,50,0.003348094220,0.000018011472,0.000000167405,0.000000000901,0.167405,0.000901,general,2300
6,"G[0,2400] (x > 0.0)",DelayedQuantitative,Incremental,online,20000,50,0.003338286700,0.000018687939,0.000000166914,0.000000000934,0.166914,0.000934,general,2400
6,"G[0,2500] (x > 0.0)",DelayedQuantitative,Incremental,online,20000,50,0.003352384940,0.000023216659,0.000000167619,0.000000001161,0.167619,0.001161,general,2500
6,"G[0,2600] (x > 0.0)",DelayedQuantitative,Incremental,online,20000,50,0.003345896600,0.000027624467,0.000000167295,0.000000001381,0.167295,0.001381,general,2600
6,"G[0,2700] (x > 0.0)",DelayedQuantitative,Incremental,online,20000,50,0.003343732520,0.000029078221,0.000000167187,0.000000001454,0.167187,0.001454,general,2700
6,"G[0,2800] (x > 0.0)",DelayedQuantitative,Incremental,online,20000,50,0.003355525020,0.000030903125,0.000000167776,0.000000001545,0.167776,0.001545,general,2800
6,"G[0,2900] (x > 0.0)",DelayedQuantitative,Incremental,online,20000,50,0.003382239120,0.000028243908,0.000000169112,0.000000001412,0.169112,0.001412,general,2900
6,"G[0,3000] (x > 0.0)",DelayedQuantitative,Incremental,online,20000,50,0.003391968340,0.000046217469,0.000000169598,0.000000002311,0.169598,0.002311,general,3000
6,"G[0,3100] (x > 0.0)",DelayedQuantitative,Incremental,online,20000,50,0.003376121740,0.000020517076,0.000000168806,0.000000001026,0.168806,0.001026,general,3100
6,"G[0,3200] (x > 0.0)",DelayedQuantitative,Incremental,online,20000,50,0.003392007500,0.000021991823,0.000000169600,0.000000001100,0.169600,0.001100,general,3200
6,"G[0,3300] (x > 0.0)",DelayedQuantitative,Incremental,online,20000,50,0.003388847400,0.000034443815,0.000000169442,0.000000001722,0.169442,0.001722,general,3300
6,"G[0,3400] (x > 0.0)",DelayedQuantitative,Incremental,online,20000,50,0.003405558280,0.000033333323,0.000000170278,0.000000001667,0.170278,0.001667,general,3400
6,"G[0,3500] (x > 0.0)",DelayedQuantitative,Incremental,online,20000,50,0.003404444960,0.000029509530,0.000000170222,0.000000001475,0.170222,0.001475,general,3500
6,"G[0,3600] (x > 0.0)",DelayedQuantitative,Incremental,online,20000,50,0.003438986660,0.000041105708,0.000000171949,0.000000002055,0.171949,0.002055,general,3600
6,"G[0,3700] (x > 0.0)",DelayedQuantitative,Incremental,online,20000,50,0.003402834080,0.000013924570,0.000000170142,0.000000000696,0.170142,0.000696,general,3700
6,"G[0,3800] (x > 0.0)",DelayedQuantitative,Incremental,online,20000,50,0.003396168260,0.000018480401,0.000000169808,0.000000000924,0.169808,0.000924,general,3800
6,"G[0,3900] (x > 0.0)",DelayedQuantitative,Incremental,online,20000,50,0.003438635140,0.000026186520,0.000000171932,0.000000001309,0.171932,0.001309,general,3900
6,"G[0,4000] (x > 0.0)",DelayedQuantitative,Incremental,online,20000,50,0.003405474100,0.000034885789,0.000000170274,0.000000001744,0.170274,0.001744,general,4000
6,"G[0,4100] (x > 0.0)",DelayedQuantitative,Incremental,online,20000,50,0.003388427520,0.000028676842,0.000000169421,0.000000001434,0.169421,0.001434,general,4100
6,"G[0,4200] (x > 0.0)",DelayedQuantitative,Incremental,online,20000,50,0.003366349240,0.000027731463,0.000000168317,0.000000001387,0.168317,0.001387,general,4200
6,"G[0,4300] (x > 0.0)",DelayedQuantitative,Incremental,online,20000,50,0.003371267480,0.000033931218,0.000000168563,0.000000001697,0.168563,0.001697,general,4300
6,"G[0,4400] (x > 0.0)",DelayedQuantitative,Incremental,online,20000,50,0.003325211600,0.000030485642,0.000000166261,0.000000001524,0.166261,0.001524,general,4400
6,"G[0,4500] (x > 0.0)",DelayedQuantitative,Incremental,online,20000,50,0.003321985080,0.000031370533,0.000000166099,0.000000001569,0.166099,0.001569,general,4500
6,"G[0,4600] (x > 0.0)",DelayedQuantitative,Incremental,online,20000,50,0.003320094140,0.000041604270,0.000000166005,0.000000002080,0.166005,0.002080,general,4600
6,"G[0,4700] (x > 0.0)",DelayedQuantitative,Incremental,online,20000,50,0.003289438360,0.000036262662,0.000000164472,0.000000001813,0.164472,0.001813,general,4700
6,"G[0,4800] (x > 0.0)",DelayedQuantitative,Incremental,online,20000,50,0.003272756680,0.000018780460,0.000000163638,0.000000000939,0.163638,0.000939,general,4800
6,"G[0,4900] (x > 0.0)",DelayedQuantitative,Incremental,online,20000,50,0.003278364920,0.000021239808,0.000000163918,0.000000001062,0.163918,0.001062,general,4900
6,"G[0,5000] (x > 0.0)",DelayedQuantitative,Incremental,online,20000,50,0.003259458280,0.000023841409,0.000000162973,0.000000001192,0.162973,0.001192,general,5000
7,"F[0,1] (x > 0.0)",DelayedQuantitative,Incremental,online,20000,50,0.003265398380,0.000039877955,0.000000163270,0.000000001994,0.163270,0.001994,general,1
7,"F[0,100] (x > 0.0)",DelayedQuantitative,Incremental,online,20000,50,0.003641324980,0.000022124741,0.000000182066,0.000000001106,0.182066,0.001106,general,100
7,"F[0,200] (x > 0.0)",DelayedQuantitative,Incremental,online,20000,50,0.003635059160,0.000038299142,0.000000181753,0.000000001915,0.181753,0.001915,general,200
7,"F[0,300] (x > 0.0)",DelayedQuantitative,Incremental,online,20000,50,0.003568983320,0.000032553051,0.000000178449,0.000000001628,0.178449,0.001628,general,300
7,"F[0,400] (x > 0.0)",DelayedQuantitative,Incremental,online,20000,50,0.003594355040,0.000023158199,0.000000179718,0.000000001158,0.179718,0.001158,general,400
7,"F[0,500] (x > 0.0)",DelayedQuantitative,Incremental,online,20000,50,0.003498163460,0.000033747575,0.000000174908,0.000000001687,0.174908,0.001687,general,500
7,"F[0,600] (x > 0.0)",DelayedQuantitative,Incremental,online,20000,50,0.003517010020,0.000022725745,0.000000175851,0.000000001136,0.175851,0.001136,general,600
7,"F[0,700] (x > 0.0)",DelayedQuantitative,Incremental,online,20000,50,0.003546039160,0.000029183526,0.000000177302,0.000000001459,0.177302,0.001459,general,700
7,"F[0,800] (x > 0.0)",DelayedQuantitative,Incremental,online,20000,50,0.003553076740,0.000031984945,0.000000177654,0.000000001599,0.177654,0.001599,general,800
7,"F[0,900] (x > 0.0)",DelayedQuantitative,Incremental,online,20000,50,0.003358883400,0.000026462625,0.000000167944,0.000000001323,0.167944,0.001323,general,900
7,"F[0,1000] (x > 0.0)",DelayedQuantitative,Incremental,online,20000,50,0.003385358320,0.000040791260,0.000000169268,0.000000002040,0.169268,0.002040,general,1000
7,"F[0,1100] (x > 0.0)",DelayedQuantitative,Incremental,online,20000,50,0.003423814980,0.000022849646,0.000000171191,0.000000001142,0.171191,0.001142,general,1100
7,"F[0,1200] (x > 0.0)",DelayedQuantitative,Incremental,online,20000,50,0.003462524100,0.000028315996,0.000000173126,0.000000001416,0.173126,0.001416,general,1200
7,"F[0,1300] (x > 0.0)",DelayedQuantitative,Incremental,online,20000,50,0.003499338320,0.000028022339,0.000000174967,0.000000001401,0.174967,0.001401,general,1300
7,"F[0,1400] (x > 0.0)",DelayedQuantitative,Incremental,online,20000,50,0.003516607540,0.000020674934,0.000000175830,0.000000001034,0.175830,0.001034,general,1400
7,"F[0,1500] (x > 0.0)",DelayedQuantitative,Incremental,online,20000,50,0.003530605020,0.000040594467,0.000000176530,0.000000002030,0.176530,0.002030,general,1500
7,"F[0,1600] (x > 0.0)",DelayedQuantitative,Incremental,online,20000,50,0.003507513440,0.000023305419,0.000000175376,0.000000001165,0.175376,0.001165,general,1600
7,"F[0,1700] (x > 0.0)",DelayedQuantitative,Incremental,online,20000,50,0.003518950840,0.000025283830,0.000000175948,0.000000001264,0.175948,0.001264,general,1700
7,"F[0,1800] (x > 0.0)",DelayedQuantitative,Incremental,online,20000,50,0.003414915720,0.000021426675,0.000000170746,0.000000001071,0.170746,0.001071,general,1800
7,"F[0,1900] (x > 0.0)",DelayedQuantitative,Incremental,online,20000,50,0.003386836760,0.000037700100,0.000000169342,0.000000001885,0.169342,0.001885,general,1900
7,"F[0,2000] (x > 0.0)",DelayedQuantitative,Incremental,online,20000,50,0.003354379920,0.000020205215,0.000000167719,0.000000001010,0.167719,0.001010,general,2000
7,"F[0,2100] (x > 0.0)",DelayedQuantitative,Incremental,online,20000,50,0.003355008400,0.000019599522,0.000000167750,0.000000000980,0.167750,0.000980,general,2100
7,"F[0,2200] (x > 0.0)",DelayedQuantitative,Incremental,online,20000,50,0.003352200000,0.000028227935,0.000000167610,0.000000001411,0.167610,0.001411,general,2200
7,"F[0,2300] (x > 0.0)",DelayedQuantitative,Incremental,online,20000,50,0.003338681560,0.000026799520,0.000000166934,0.000000001340,0.166934,0.001340,general,2300
7,"F[0,2400] (x > 0.0)",DelayedQuantitative,Incremental,online,20000,50,0.003352039960,0.000039766655,0.000000167602,0.000000001988,0.167602,0.001988,general,2400
7,"F[0,2500] (x > 0.0)",DelayedQuantitative,Incremental,online,20000,50,0.003345996640,0.000018538045,0.000000167300,0.000000000927,0.167300,0.000927,general,2500
7,"F[0,2600] (x > 0.0)",DelayedQuantitative,Incremental,online,20000,50,0.003330100840,0.000033778439,0.000000166505,0.000000001689,0.166505,0.001689,general,2600
7,"F[0,2700] (x > 0.0)",DelayedQuantitative,Incremental,online,20000,50,0.003360079220,0.000025547322,0.000000168004,0.000000001277,0.168004,0.001277,general,2700
7,"F[0,2800] (x > 0.0)",DelayedQuantitative,Incremental,online,20000,50,0.003374201680,0.000039233776,0.000000168710,0.000000001962,0.168710,0.001962,general,2800
7,"F[0,2900] (x > 0.0)",DelayedQuantitative,Incremental,online,20000,50,0.003376290780,0.000033069742,0.000000168815,0.000000001653,0.168815,0.001653,general,2900
7,"F[0,3000] (x > 0.0)",DelayedQuantitative,Incremental,online,20000,50,0.003369988440,0.000035886149,0.000000168499,0.000000001794,0.168499,0.001794,general,3000
7,"F[0,3100] (x > 0.0)",DelayedQuantitative,Incremental,online,20000,50,0.003380846680,0.000031581612,0.000000169042,0.000000001579,0.169042,0.001579,general,3100
7,"F[0,3200] (x > 0.0)",DelayedQuantitative,Incremental,online,20000,50,0.003388162480,0.000026082990,0.000000169408,0.000000001304,0.169408,0.001304,general,3200
7,"F[0,3300] (x > 0.0)",DelayedQuantitative,Incremental,online,20000,50,0.003405177460,0.000036030503,0.000000170259,0.000000001802,0.170259,0.001802,general,3300
7,"F[0,3400] (x > 0.0)",DelayedQuantitative,Incremental,online,20000,50,0.003408150800,0.000033397155,0.000000170408,0.000000001670,0.170408,0.001670,general,3400
7,"F[0,3500] (x > 0.0)",DelayedQuantitative,Incremental,online,20000,50,0.003396762480,0.000034404599,0.000000169838,0.000000001720,0.169838,0.001720,general,3500
7,"F[0,3600] (x > 0.0)",DelayedQuantitative,Incremental,online,20000,50,0.003401835140,0.000040375743,0.000000170092,0.000000002019,0.170092,0.002019,general,3600
7,"F[0,3700] (x > 0.0)",DelayedQuantitative,Incremental,online,20000,50,0.003402046680,0.000014008246,0.000000170102,0.000000000700,0.170102,0.000700,general,3700
7,"F[0,3800] (x > 0.0)",DelayedQuantitative,Incremental,online,20000,50,0.003395775000,0.000027531233,0.000000169789,0.000000001377,0.169789,0.001377,general,3800
7,"F[0,3900] (x > 0.0)",DelayedQuantitative,Incremental,online,20000,50,0.003419955900,0.000042359454,0.000000170998,0.000000002118,0.170998,0.002118,general,3900
7,"F[0,4000] (x > 0.0)",DelayedQuantitative,Incremental,online,20000,50,0.003406326680,0.000024379819,0.000000170316,0.000000001219,0.170316,0.001219,general,4000
7,"F[0,4100] (x > 0.0)",DelayedQuantitative,Incremental,online,20000,50,0.003380617480,0.000034346517,0.000000169031,0.000000001717,0.169031,0.001717,general,4100
7,"F[0,4200] (x > 0.0)",DelayedQuantitative,Incremental,online,20000,50,0.003372717540,0.000029993726,0.000000168636,0.000000001500,0.168636,0.001500,general,4200
7,"F[0,4300] (x > 0.0)",DelayedQuantitative,Incremental,online,20000,50,0.003348217520,0.000038011365,0.000000167411,0.000000001901,0.167411,0.001901,general,4300
7,"F[0,4400] (x > 0.0)",DelayedQuantitative,Incremental,online,20000,50,0.003345013320,0.000036740481,0.000000167251,0.000000001837,0.167251,0.001837,general,4400
7,"F[0,4500] (x > 0.0)",DelayedQuantitative,Incremental,online,20000,50,0.003324604120,0.000019840365,0.000000166230,0.000000000992,0.166230,0.000992,general,4500
7,"F[0,4600] (x > 0.0)",DelayedQuantitative,Incremental,online,20000,50,0.003300060140,0.000029890176,0.000000165003,0.000000001495,0.165003,0.001495,general,4600
7,"F[0,4700] (x > 0.0)",DelayedQuantitative,Incremental,online,20000,50,0.003290582520,0.000026482413,0.000000164529,0.000000001324,0.164529,0.001324,general,4700
7,"F[0,4800] (x > 0.0)",DelayedQuantitative,Incremental,online,20000,50,0.003274735040,0.000035402318,0.000000163737,0.000000001770,0.163737,0.001770,general,4800
7,"F[0,4900] (x > 0.0)",DelayedQuantitative,Incremental,online,20000,50,0.003265930860,0.000026631812,0.000000163297,0.000000001332,0.163297,0.001332,general,4900
7,"F[0,5000] (x > 0.0)",DelayedQuantitative,Incremental,online,20000,50,0.003255290720,0.000021506490,0.000000162765,0.000000001075,0.162765,0.001075,general,5000
1,(x < 0.5) and (x > -0.5),DelayedQualitative,Incremental,online,20000,50,0.003084634960,0.000079848822,0.000000154232,0.000000003992,0.154232,0.003992,general,0
2,"G[0,1000] (x > 0.5 -> F[0,100] (x < 0.0))",DelayedQualitative,Incremental,online,20000,50,0.007379699880,0.000188247819,0.000000368985,0.000000009412,0.368985,0.009412,general,1000
3,"(x < 0.5) U[0,1000] (x < 0.0)",DelayedQualitative,Incremental,online,20000,50,0.074178718300,0.000611762706,0.000003708936,0.000000030588,3.708936,0.030588,general,1000
4,"(G[0,100] (x < 0.5)) or (G[100,150] (x > 0.0))",DelayedQualitative,Incremental,online,20000,50,0.007367347600,0.000108529490,0.000000368367,0.000000005426,0.368367,0.005426,general,100
5,"(x < 0.0) U[0,1] (x > 0.0)",DelayedQualitative,Incremental,online,20000,50,0.006112356680,0.000096553782,0.000000305618,0.000000004828,0.305618,0.004828,general,1
5,"(x < 0.0) U[0,100] (x > 0.0)",DelayedQualitative,Incremental,online,20000,50,0.016867492460,0.000177596040,0.000000843375,0.000000008880,0.843375,0.008880,general,100
5,"(x < 0.0) U[0,200] (x > 0.0)",DelayedQualitative,Incremental,online,20000,50,0.023699789980,0.000215863025,0.000001184989,0.000000010793,1.184989,0.010793,general,200
5,"(x < 0.0) U[0,300] (x > 0.0)",DelayedQualitative,Incremental,online,20000,50,0.031119879240,0.000419428777,0.000001555994,0.000000020971,1.555994,0.020971,general,300
5,"(x < 0.0) U[0,400] (x > 0.0)",DelayedQualitative,Incremental,online,20000,50,0.036321824240,0.000156678378,0.000001816091,0.000000007834,1.816091,0.007834,general,400
5,"(x < 0.0) U[0,500] (x > 0.0)",DelayedQualitative,Incremental,online,20000,50,0.041869536660,0.000269199351,0.000002093477,0.000000013460,2.093477,0.013460,general,500
5,"(x < 0.0) U[0,600] (x > 0.0)",DelayedQualitative,Incremental,online,20000,50,0.050182784140,0.000187533420,0.000002509139,0.000000009377,2.509139,0.009377,general,600
5,"(x < 0.0) U[0,700] (x > 0.0)",DelayedQualitative,Incremental,online,20000,50,0.055802279100,0.000175992205,0.000002790114,0.000000008800,2.790114,0.008800,general,700
5,"(x < 0.0) U[0,800] (x > 0.0)",DelayedQualitative,Incremental,online,20000,50,0.061438790940,0.000208905686,0.000003071940,0.000000010445,3.071940,0.010445,general,800
5,"(x < 0.0) U[0,900] (x > 0.0)",DelayedQualitative,Incremental,online,20000,50,0.067005375060,0.000241287710,0.000003350269,0.000000012064,3.350269,0.012064,general,900
5,"(x < 0.0) U[0,1000] (x > 0.0)",DelayedQualitative,Incremental,online,20000,50,0.073127141580,0.000224707529,0.000003656357,0.000000011235,3.656357,0.011235,general,1000
5,"(x < 0.0) U[0,1100] (x > 0.0)",DelayedQualitative,Incremental,online,20000,50,0.082487569900,0.000189667167,0.000004124378,0.000000009483,4.124378,0.009483,general,1100
5,"(x < 0.0) U[0,1200] (x > 0.0)",DelayedQualitative,Incremental,online,20000,50,0.089602797520,0.000203726388,0.000004480140,0.000000010186,4.480140,0.010186,general,1200
5,"(x < 0.0) U[0,1300] (x > 0.0)",DelayedQualitative,Incremental,online,20000,50,0.099634466660,0.000274895065,0.000004981723,0.000000013745,4.981723,0.013745,general,1300
5,"(x < 0.0) U[0,1400] (x > 0.0)",DelayedQualitative,Incremental,online,20000,50,0.105482564120,0.000280224528,0.000005274128,0.000000014011,5.274128,0.014011,general,1400
5,"(x < 0.0) U[0,1500] (x > 0.0)",DelayedQualitative,Incremental,online,20000,50,0.114767183340,0.000358919085,0.000005738359,0.000000017946,5.738359,0.017946,general,1500
5,"(x < 0.0) U[0,1600] (x > 0.0)",DelayedQualitative,Incremental,online,20000,50,0.119598441760,0.000614937186,0.000005979922,0.000000030747,5.979922,0.030747,general,1600
5,"(x < 0.0) U[0,1700] (x > 0.0)",DelayedQualitative,Incremental,online,20000,50,0.125670483360,0.000244413176,0.000006283524,0.000000012221,6.283524,0.012221,general,1700
5,"(x < 0.0) U[0,1800] (x > 0.0)",DelayedQualitative,Incremental,online,20000,50,0.133105790880,0.000214130342,0.000006655290,0.000000010707,6.655290,0.010707,general,1800
5,"(x < 0.0) U[0,1900] (x > 0.0)",DelayedQualitative,Incremental,online,20000,50,0.138806527600,0.000234130836,0.000006940326,0.000000011707,6.940326,0.011707,general,1900
5,"(x < 0.0) U[0,2000] (x > 0.0)",DelayedQualitative,Incremental,online,20000,50,0.144055541660,0.000249908044,0.000007202777,0.000000012495,7.202777,0.012495,general,2000
5,"(x < 0.0) U[0,2100] (x > 0.0)",DelayedQualitative,Incremental,online,20000,50,0.151480137540,0.000237395946,0.000007574007,0.000000011870,7.574007,0.011870,general,2100
5,"(x < 0.0) U[0,2200] (x > 0.0)",DelayedQualitative,Incremental,online,20000,50,0.157041975020,0.000299373570,0.000007852099,0.000000014969,7.852099,0.014969,general,2200
5,"(x < 0.0) U[0,2300] (x > 0.0)",DelayedQualitative,Incremental,online,20000,50,0.163015480760,0.000593118743,0.000008150774,0.000000029656,8.150774,0.029656,general,2300
5,"(x < 0.0) U[0,2400] (x > 0.0)",DelayedQualitative,Incremental,online,20000,50,0.168340219160,0.000237157595,0.000008417011,0.000000011858,8.417011,0.011858,general,2400
5,"(x < 0.0) U[0,2500] (x > 0.0)",DelayedQualitative,Incremental,online,20000,50,0.173189705100,0.000330221864,0.000008659485,0.000000016511,8.659485,0.016511,general,2500
5,"(x < 0.0) U[0,2600] (x > 0.0)",DelayedQualitative,Incremental,online,20000,50,0.179053377500,0.000276074305,0.000008952669,0.000000013804,8.952669,0.013804,general,2600
5,"(x < 0.0) U[0,2700] (x > 0.0)",DelayedQualitative,Incremental,online,20000,50,0.184345862500,0.000276313115,0.000009217293,0.000000013816,9.217293,0.013816,general,2700
5,"(x < 0.0) U[0,2800] (x > 0.0)",DelayedQualitative,Incremental,online,20000,50,0.190299548320,0.000443703634,0.000009514977,0.000000022185,9.514977,0.022185,general,2800
5,"(x < 0.0) U[0,2900] (x > 0.0)",DelayedQualitative,Incremental,online,20000,50,0.195235758360,0.000519100425,0.000009761788,0.000000025955,9.761788,0.025955,general,2900
5,"(x < 0.0) U[0,3000] (x > 0.0)",DelayedQualitative,Incremental,online,20000,50,0.199950912400,0.000269219149,0.000009997546,0.000000013461,9.997546,0.013461,general,3000
5,"(x < 0.0) U[0,3100] (x > 0.0)",DelayedQualitative,Incremental,online,20000,50,0.205093450120,0.000236027912,0.000010254673,0.000000011801,10.254673,0.011801,general,3100
5,"(x < 0.0) U[0,3200] (x > 0.0)",DelayedQualitative,Incremental,online,20000,50,0.210001619200,0.000932054767,0.000010500081,0.000000046603,10.500081,0.046603,general,3200
5,"(x < 0.0) U[0,3300] (x > 0.0)",DelayedQualitative,Incremental,online,20000,50,0.214440633260,0.000387757389,0.000010722032,0.000000019388,10.722032,0.019388,general,3300
5,"(x < 0.0) U[0,3400] (x > 0.0)",DelayedQualitative,Incremental,online,20000,50,0.219101491580,0.000777279935,0.000010955075,0.000000038864,10.955075,0.038864,general,3400
5,"(x < 0.0) U[0,3500] (x > 0.0)",DelayedQualitative,Incremental,online,20000,50,0.223919372520,0.000467876186,0.000011195969,0.000000023394,11.195969,0.023394,general,3500
5,"(x < 0.0) U[0,3600] (x > 0.0)",DelayedQualitative,Incremental,online,20000,50,0.231114005820,0.000750506960,0.000011555700,0.000000037525,11.555700,0.037525,general,3600
5,"(x < 0.0) U[0,3700] (x > 0.0)",DelayedQualitative,Incremental,online,20000,50,0.235845555000,0.000831567012,0.000011792278,0.000000041578,11.792278,0.041578,general,3700
5,"(x < 0.0) U[0,3800] (x > 0.0)",DelayedQualitative,Incremental,online,20000,50,0.239170008420,0.000609745250,0.000011958500,0.000000030487,11.958500,0.030487,general,3800
5,"(x < 0.0) U[0,3900] (x > 0.0)",DelayedQualitative,Incremental,online,20000,50,0.243863604120,0.000390248187,0.000012193180,0.000000019512,12.193180,0.019512,general,3900
5,"(x < 0.0) U[0,4000] (x > 0.0)",DelayedQualitative,Incremental,online,20000,50,0.248677433320,0.000379445994,0.000012433872,0.000000018972,12.433872,0.018972,general,4000
5,"(x < 0.0) U[0,4100] (x > 0.0)",DelayedQualitative,Incremental,online,20000,50,0.261022190820,0.000368157583,0.000013051110,0.000000018408,13.051110,0.018408,general,4100
5,"(x < 0.0) U[0,4200] (x > 0.0)",DelayedQualitative,Incremental,online,20000,50,0.266384889220,0.000641396720,0.000013319244,0.000000032070,13.319244,0.032070,general,4200
5,"(x < 0.0) U[0,4300] (x > 0.0)",DelayedQualitative,Incremental,online,20000,50,0.271268084960,0.000364325874,0.000013563404,0.000000018216,13.563404,0.018216,general,4300
5,"(x < 0.0) U[0,4400] (x > 0.0)",DelayedQualitative,Incremental,online,20000,50,0.275633382500,0.000305530319,0.000013781669,0.000000015277,13.781669,0.015277,general,4400
5,"(x < 0.0) U[0,4500] (x > 0.0)",DelayedQualitative,Incremental,online,20000,50,0.280672618300,0.000534677454,0.000014033631,0.000000026734,14.033631,0.026734,general,4500
5,"(x < 0.0) U[0,4600] (x > 0.0)",DelayedQualitative,Incremental,online,20000,50,0.284865421640,0.000630618630,0.000014243271,0.000000031531,14.243271,0.031531,general,4600
5,"(x < 0.0) U[0,4700] (x > 0.0)",DelayedQualitative,Incremental,online,20000,50,0.288716705800,0.000352015206,0.000014435835,0.000000017601,14.435835,0.017601,general,4700
5,"(x < 0.0) U[0,4800] (x > 0.0)",DelayedQualitative,Incremental,online,20000,50,0.293157610860,0.000911173970,0.000014657881,0.000000045559,14.657881,0.045559,general,4800
5,"(x < 0.0) U[0,4900] (x > 0.0)",DelayedQualitative,Incremental,online,20000,50,0.296922448360,0.000669194225,0.000014846122,0.000000033460,14.846122,0.033460,general,4900
5,"(x < 0.0) U[0,5000] (x > 0.0)",DelayedQualitative,Incremental,online,20000,50,0.300372169140,0.000357868941,0.000015018608,0.000000017893,15.018608,0.017893,general,5000
6,"G[0,1] (x > 0.0)",DelayedQualitative,Incremental,online,20000,50,0.003337844980,0.000040576170,0.000000166892,0.000000002029,0.166892,0.002029,general,1
6,"G[0,100] (x > 0.0)",DelayedQualitative,Incremental,online,20000,50,0.003691698380,0.000029030542,0.000000184585,0.000000001452,0.184585,0.001452,general,100
6,"G[0,200] (x > 0.0)",DelayedQualitative,Incremental,online,20000,50,0.003662083300,0.000025659407,0.000000183104,0.000000001283,0.183104,0.001283,general,200
6,"G[0,300] (x > 0.0)",DelayedQualitative,Incremental,online,20000,50,0.003617634180,0.000039550797,0.000000180882,0.000000001978,0.180882,0.001978,general,300
6,"G[0,400] (x > 0.0)",DelayedQualitative,Incremental,online,20000,50,0.003670574940,0.000040041947,0.000000183529,0.000000002002,0.183529,0.002002,general,400
6,"G[0,500] (x > 0.0)",DelayedQualitative,Incremental,online,20000,50,0.003607097600,0.000043617811,0.000000180355,0.000000002181,0.180355,0.002181,general,500
6,"G[0,600] (x > 0.0)",DelayedQualitative,Incremental,online,20000,50,0.003614645800,0.000043199321,0.000000180732,0.000000002160,0.180732,0.002160,general,600
6,"G[0,700] (x > 0.0)",DelayedQualitative,Incremental,online,20000,50,0.003635476640,0.000036224471,0.000000181774,0.000000001811,0.181774,0.001811,general,700
6,"G[0,800] (x > 0.0)",DelayedQualitative,Incremental,online,20000,50,0.003633305820,0.000035679055,0.000000181665,0.000000001784,0.181665,0.001784,general,800
6,"G[0,900] (x > 0.0)",DelayedQualitative,Incremental,online,20000,50,0.003435700920,0.000033236058,0.000000171785,0.000000001662,0.171785,0.001662,general,900
6,"G[0,1000] (x > 0.0)",DelayedQualitative,Incremental,online,20000,50,0.003447554080,0.000030126759,0.000000172378,0.000000001506,0.172378,0.001506,general,1000
6,"G[0,1100] (x > 0.0)",DelayedQualitative,Incremental,online,20000,50,0.003479810880,0.000040979102,0.000000173991,0.000000002049,0.173991,0.002049,general,1100
6,"G[0,1200] (x > 0.0)",DelayedQualitative,Incremental,online,20000,50,0.003493032520,0.000041448449,0.000000174652,0.000000002072,0.174652,0.002072,general,1200
6,"G[0,1300] (x > 0.0)",DelayedQualitative,Incremental,online,20000,50,0.003538688300,0.000040192224,0.000000176934,0.000000002010,0.176934,0.002010,general,1300
6,"G[0,1400] (x > 0.0)",DelayedQualitative,Incremental,online,20000,50,0.003563145820,0.000035420188,0.000000178157,0.000000001771,0.178157,0.001771,general,1400
6,"G[0,1500] (x > 0.0)",DelayedQualitative,Incremental,online,20000,50,0.003575784140,0.000034766899,0.000000178789,0.000000001738,0.178789,0.001738,general,1500
6,"G[0,1600] (x > 0.0)",DelayedQualitative,Incremental,online,20000,50,0.003568475740,0.000028452005,0.000000178424,0.000000001423,0.178424,0.001423,general,1600
6,"G[0,1700] (x > 0.0)",DelayedQualitative,Incremental,online,20000,50,0.003572563280,0.000030542128,0.000000178628,0.000000001527,0.178628,0.001527,general,1700
6,"G[0,1800] (x > 0.0)",DelayedQualitative,Incremental,online,20000,50,0.003467415020,0.000035429391,0.000000173371,0.000000001771,0.173371,0.001771,general,1800
6,"G[0,1900] (x > 0.0)",DelayedQualitative,Incremental,online,20000,50,0.003436089080,0.000028658701,0.000000171804,0.000000001433,0.171804,0.001433,general,1900
6,"G[0,2000] (x > 0.0)",DelayedQualitative,Incremental,online,20000,50,0.003412499160,0.000027630247,0.000000170625,0.000000001382,0.170625,0.001382,general,2000
6,"G[0,2100] (x > 0.0)",DelayedQualitative,Incremental,online,20000,50,0.003410646600,0.000029338584,0.000000170532,0.000000001467,0.170532,0.001467,general,2100
6,"G[0,2200] (x > 0.0)",DelayedQualitative,Incremental,online,20000,50,0.003408197460,0.000022647946,0.000000170410,0.000000001132,0.170410,0.001132,general,2200
6,"G[0,2300] (x > 0.0)",DelayedQualitative,Incremental,online,20000,50,0.003398688260,0.000028459818,0.000000169934,0.000000001423,0.169934,0.001423,general,2300
6,"G[0,2400] (x > 0.0)",DelayedQualitative,Incremental,online,20000,50,0.003398925860,0.000030789964,0.000000169946,0.000000001539,0.169946,0.001539,general,2400
6,"G[0,2500] (x > 0.0)",DelayedQualitative,Incremental,online,20000,50,0.003387750040,0.000025426418,0.000000169388,0.000000001271,0.169388,0.001271,general,2500
6,"G[0,2600] (x > 0.0)",DelayedQualitative,Incremental,online,20000,50,0.003394417580,0.000028054877,0.000000169721,0.000000001403,0.169721,0.001403,general,2600
6,"G[0,2700] (x > 0.0)",DelayedQualitative,Incremental,online,20000,50,0.003420074180,0.000020834284,0.000000171004,0.000000001042,0.171004,0.001042,general,2700
6,"G[0,2800] (x > 0.0)",DelayedQualitative,Incremental,online,20000,50,0.003420975020,0.000037443068,0.000000171049,0.000000001872,0.171049,0.001872,general,2800
6,"G[0,2900] (x > 0.0)",DelayedQualitative,Incremental,online,20000,50,0.003420824240,0.000022630529,0.000000171041,0.000000001132,0.171041,0.001132,general,2900
6,"G[0,3000] (x > 0.0)",DelayedQualitative,Incremental,online,20000,50,0.003448768380,0.000019542062,0.000000172438,0.000000000977,0.172438,0.000977,general,3000
6,"G[0,3100] (x > 0.0)",DelayedQualitative,Incremental,online,20000,50,0.003431059180,0.000020753680,0.000000171553,0.000000001038,0.171553,0.001038,general,3100
6,"G[0,3200] (x > 0.0)",DelayedQualitative,Incremental,online,20000,50,0.003458168380,0.000024857755,0.000000172908,0.000000001243,0.172908,0.001243,general,3200
6,"G[0,3300] (x > 0.0)",DelayedQualitative,Incremental,online,20000,50,0.003457595720,0.000039474994,0.000000172880,0.000000001974,0.172880,0.001974,general,3300
6,"G[0,3400] (x > 0.0)",DelayedQualitative,Incremental,online,20000,50,0.003447514240,0.000035622811,0.000000172376,0.000000001781,0.172376,0.001781,general,3400
6,"G[0,3500] (x > 0.0)",DelayedQualitative,Incremental,online,20000,50,0.003462688300,0.000029690483,0.000000173134,0.000000001485,0.173134,0.001485,general,3500
6,"G[0,3600] (x > 0.0)",DelayedQualitative,Incremental,online,20000,50,0.003459947480,0.000030466546,0.000000172997,0.000000001523,0.172997,0.001523,general,3600
6,"G[0,3700] (x > 0.0)",DelayedQualitative,Incremental,online,20000,50,0.003457660840,0.000023844236,0.000000172883,0.000000001192,0.172883,0.001192,general,3700
6,"G[0,3800] (x > 0.0)",DelayedQualitative,Incremental,online,20000,50,0.003456415900,0.000040903029,0.000000172821,0.000000002045,0.172821,0.002045,general,3800
6,"G[0,3900] (x > 0.0)",DelayedQualitative,Incremental,online,20000,50,0.003469335840,0.000037330910,0.000000173467,0.000000001867,0.173467,0.001867,general,3900
6,"G[0,4000] (x > 0.0)",DelayedQualitative,Incremental,online,20000,50,0.003474259160,0.000025087216,0.000000173713,0.000000001254,0.173713,0.001254,general,4000
6,"G[0,4100] (x > 0.0)",DelayedQualitative,Incremental,online,20000,50,0.003441394980,0.000024548595,0.000000172070,0.000000001227,0.172070,0.001227,general,4100
6,"G[0,4200] (x > 0.0)",DelayedQualitative,Incremental,online,20000,50,0.003437055000,0.000036074426,0.000000171853,0.000000001804,0.171853,0.001804,general,4200
6,"G[0,4300] (x > 0.0)",DelayedQualitative,Incremental,online,20000,50,0.003402345840,0.000041747484,0.000000170117,0.000000002087,0.170117,0.002087,general,4300
6,"G[0,4400] (x > 0.0)",DelayedQualitative,Incremental,online,20000,50,0.003375119160,0.000032846814,0.000000168756,0.000000001642,0.168756,0.001642,general,4400
6,"G[0,4500] (x > 0.0)",DelayedQualitative,Incremental,online,20000,50,0.003385564200,0.000027468879,0.000000169278,0.000000001373,0.169278,0.001373,general,4500
6,"G[0,4600] (x > 0.0)",DelayedQualitative,Incremental,online,20000,50,0.003372600040,0.000025760741,0.000000168630,0.000000001288,0.168630,0.001288,general,4600
6,"G[0,4700] (x > 0.0)",DelayedQualitative,Incremental,online,20000,50,0.003358512560,0.000027660001,0.000000167926,0.000000001383,0.167926,0.001383,general,4700
6,"G[0,4800] (x > 0.0)",DelayedQualitative,Incremental,online,20000,50,0.003337529160,0.000040378767,0.000000166876,0.000000002019,0.166876,0.002019,general,4800
6,"G[0,4900] (x > 0.0)",DelayedQualitative,Incremental,online,20000,50,0.003332018400,0.000021931742,0.000000166601,0.000000001097,0.166601,0.001097,general,4900
6,"G[0,5000] (x > 0.0)",DelayedQualitative,Incremental,online,20000,50,0.003319559200,0.000019065448,0.000000165978,0.000000000953,0.165978,0.000953,general,5000
7,"F[0,1] (x > 0.0)",DelayedQualitative,Incremental,online,20000,50,0.003392991740,0.000034567362,0.000000169650,0.000000001728,0.169650,0.001728,general,1
7,"F[0,100] (x > 0.0)",DelayedQualitative,Incremental,online,20000,50,0.003704876620,0.000031455267,0.000000185244,0.000000001573,0.185244,0.001573,general,100
7,"F[0,200] (x > 0.0)",DelayedQualitative,Incremental,online,20000,50,0.003691505040,0.000032362088,0.000000184575,0.000000001618,0.184575,0.001618,general,200
7,"F[0,300] (x > 0.0)",DelayedQualitative,Incremental,online,20000,50,0.003656634220,0.000032175856,0.000000182832,0.000000001609,0.182832,0.001609,general,300
7,"F[0,400] (x > 0.0)",DelayedQualitative,Incremental,online,20000,50,0.003729982600,0.000040147209,0.000000186499,0.000000002007,0.186499,0.002007,general,400
7,"F[0,500] (x > 0.0)",DelayedQualitative,Incremental,online,20000,50,0.003595100860,0.000040067487,0.000000179755,0.000000002003,0.179755,0.002003,general,500
7,"F[0,600] (x > 0.0)",DelayedQualitative,Incremental,online,20000,50,0.003617749220,0.000045299983,0.000000180887,0.000000002265,0.180887,0.002265,general,600
7,"F[0,700] (x > 0.0)",DelayedQualitative,Incremental,online,20000,50,0.003642183340,0.000028971981,0.000000182109,0.000000001449,0.182109,0.001449,general,700
7,"F[0,800] (x > 0.0)",DelayedQualitative,Incremental,online,20000,50,0.003642668340,0.000027481713,0.000000182133,0.000000001374,0.182133,0.001374,general,800
7,"F[0,900] (x > 0.0)",DelayedQualitative,Incremental,online,20000,50,0.003456827460,0.000020528982,0.000000172841,0.000000001026,0.172841,0.001026,general,900
7,"F[0,1000] (x > 0.0)",DelayedQualitative,Incremental,online,20000,50,0.003466524960,0.000034223078,0.000000173326,0.000000001711,0.173326,0.001711,general,1000
7,"F[0,1100] (x > 0.0)",DelayedQualitative,Incremental,online,20000,50,0.003501514140,0.000026276454,0.000000175076,0.000000001314,0.175076,0.001314,general,1100
7,"F[0,1200] (x > 0.0)",DelayedQualitative,Incremental,online,20000,50,0.003553445820,0.000022136541,0.000000177672,0.000000001107,0.177672,0.001107,general,1200
7,"F[0,1300] (x > 0.0)",DelayedQualitative,Incremental,online,20000,50,0.003582718380,0.000030144579,0.000000179136,0.000000001507,0.179136,0.001507,general,1300
7,"F[0,1400] (x > 0.0)",DelayedQualitative,Incremental,online,20000,50,0.003602316640,0.000027275037,0.000000180116,0.000000001364,0.180116,0.001364,general,1400
7,"F[0,1500] (x > 0.0)",DelayedQualitative,Incremental,online,20000,50,0.003607787480,0.000038947070,0.000000180389,0.000000001947,0.180389,0.001947,general,1500
7,"F[0,1600] (x > 0.0)",DelayedQualitative,Incremental,online,20000,50,0.003590232460,0.000025359077,0.000000179512,0.000000001268,0.179512,0.001268,general,1600
7,"F[0,1700] (x > 0.0)",DelayedQualitative,Incremental,online,20000,50,0.003598800020,0.000026642849,0.000000179940,0.000000001332,0.179940,0.001332,general,1700
7,"F[0,1800] (x > 0.0)",DelayedQualitative,Incremental,online,20000,50,0.003480149120,0.000029347251,0.000000174007,0.000000001467,0.174007,0.001467,general,1800
7,"F[0,1900] (x > 0.0)",DelayedQualitative,Incremental,online,20000,50,0.003467659940,0.000018092261,0.000000173383,0.000000000905,0.173383,0.000905,general,1900
7,"F[0,2000] (x > 0.0)",DelayedQualitative,Incremental,online,20000,50,0.003458565020,0.000038289552,0.000000172928,0.000000001914,0.172928,0.001914,general,2000
7,"F[0,2100] (x > 0.0)",DelayedQualitative,Incremental,online,20000,50,0.003440659120,0.000029830765,0.000000172033,0.000000001492,0.172033,0.001492,general,2100
7,"F[0,2200] (x > 0.0)",DelayedQualitative,Incremental,online,20000,50,0.003427072560,0.000031902029,0.000000171354,0.000000001595,0.171354,0.001595,general,2200
7,"F[0,2300] (x > 0.0)",DelayedQualitative,Incremental,online,20000,50,0.003400207540,0.000032552853,0.000000170010,0.000000001628,0.170010,0.001628,general,2300
7,"F[0,2400] (x > 0.0)",DelayedQualitative,Incremental,online,20000,50,0.003400130020,0.000024286192,0.000000170007,0.000000001214,0.170007,0.001214,general,2400
7,"F[0,2500] (x > 0.0)",DelayedQualitative,Incremental,online,20000,50,0.003421550920,0.000044955027,0.000000171078,0.000000002248,0.171078,0.002248,general,2500
7,"F[0,2600] (x > 0.0)",DelayedQualitative,Incremental,online,20000,50,0.003425812480,0.000029816015,0.000000171291,0.000000001491,0.171291,0.001491,general,2600
7,"F[0,2700] (x > 0.0)",DelayedQualitative,Incremental,online,20000,50,0.003427476680,0.000023724021,0.000000171374,0.000000001186,0.171374,0.001186,general,2700
7,"F[0,2800] (x > 0.0)",DelayedQualitative,Incremental,online,20000,50,0.003444633280,0.000032039308,0.000000172232,0.000000001602,0.172232,0.001602,general,2800
7,"F[0,2900] (x > 0.0)",DelayedQualitative,Incremental,online,20000,50,0.003453190920,0.000022574049,0.000000172660,0.000000001129,0.172660,0.001129,general,2900
7,"F[0,3000] (x > 0.0)",DelayedQualitative,Incremental,online,20000,50,0.003467410820,0.000039655528,0.000000173371,0.000000001983,0.173371,0.001983,general,3000
7,"F[0,3100] (x > 0.0)",DelayedQualitative,Incremental,online,20000,50,0.003468722500,0.000038148239,0.000000173436,0.000000001907,0.173436,0.001907,general,3100
7,"F[0,3200] (x > 0.0)",DelayedQualitative,Incremental,online,20000,50,0.003457446520,0.000027721549,0.000000172872,0.000000001386,0.172872,0.001386,general,3200
7,"F[0,3300] (x > 0.0)",DelayedQualitative,Incremental,online,20000,50,0.003470600820,0.000035433071,0.000000173530,0.000000001772,0.173530,0.001772,general,3300
7,"F[0,3400] (x > 0.0)",DelayedQualitative,Incremental,online,20000,50,0.003474939200,0.000021404656,0.000000173747,0.000000001070,0.173747,0.001070,general,3400
7,"F[0,3500] (x > 0.0)",DelayedQualitative,Incremental,online,20000,50,0.003476879220,0.000044953457,0.000000173844,0.000000002248,0.173844,0.002248,general,3500
7,"F[0,3600] (x > 0.0)",DelayedQualitative,Incremental,online,20000,50,0.003491648300,0.000028346311,0.000000174582,0.000000001417,0.174582,0.001417,general,3600
7,"F[0,3700] (x > 0.0)",DelayedQualitative,Incremental,online,20000,50,0.003478523300,0.000017842687,0.000000173926,0.000000000892,0.173926,0.000892,general,3700
7,"F[0,3800] (x > 0.0)",DelayedQualitative,Incremental,online,20000,50,0.003494825920,0.000029482355,0.000000174741,0.000000001474,0.174741,0.001474,general,3800
7,"F[0,3900] (x > 0.0)",DelayedQualitative,Incremental,online,20000,50,0.003495420820,0.000047399568,0.000000174771,0.000000002370,0.174771,0.002370,general,3900
7,"F[0,4000] (x > 0.0)",DelayedQualitative,Incremental,online,20000,50,0.003468108360,0.000028101220,0.000000173405,0.000000001405,0.173405,0.001405,general,4000
7,"F[0,4100] (x > 0.0)",DelayedQualitative,Incremental,online,20000,50,0.003463039100,0.000038394217,0.000000173152,0.000000001920,0.173152,0.001920,general,4100
7,"F[0,4200] (x > 0.0)",DelayedQualitative,Incremental,online,20000,50,0.003445945020,0.000029120753,0.000000172297,0.000000001456,0.172297,0.001456,general,4200
7,"F[0,4300] (x > 0.0)",DelayedQualitative,Incremental,online,20000,50,0.003425161740,0.000023926639,0.000000171258,0.000000001196,0.171258,0.001196,general,4300
7,"F[0,4400] (x > 0.0)",DelayedQualitative,Incremental,online,20000,50,0.003412648320,0.000040287014,0.000000170632,0.000000002014,0.170632,0.002014,general,4400
7,"F[0,4500] (x > 0.0)",DelayedQualitative,Incremental,online,20000,50,0.003392018360,0.000033641953,0.000000169601,0.000000001682,0.169601,0.001682,general,4500
7,"F[0,4600] (x > 0.0)",DelayedQualitative,Incremental,online,20000,50,0.003377337500,0.000028278552,0.000000168867,0.000000001414,0.168867,0.001414,general,4600
7,"F[0,4700] (x > 0.0)",DelayedQualitative,Incremental,online,20000,50,0.003368619180,0.000027417392,0.000000168431,0.000000001371,0.168431,0.001371,general,4700
7,"F[0,4800] (x > 0.0)",DelayedQualitative,Incremental,online,20000,50,0.003362713340,0.000021904936,0.000000168136,0.000000001095,0.168136,0.001095,general,4800
7,"F[0,4900] (x > 0.0)",DelayedQualitative,Incremental,online,20000,50,0.003347952480,0.000044487026,0.000000167398,0.000000002224,0.167398,0.002224,general,4900
7,"F[0,5000] (x > 0.0)",DelayedQualitative,Incremental,online,20000,50,0.003343799980,0.000023503185,0.000000167190,0.000000001175,0.167190,0.001175,general,5000
1,(x < 0.5) and (x > -0.5),EagerQualitative,Incremental,online,20000,50,0.003016214180,0.000045061409,0.000000150811,0.000000002253,0.150811,0.002253,general,0
2,"G[0,1000] (x > 0.5 -> F[0,100] (x < 0.0))",EagerQualitative,Incremental,online,20000,50,0.006596637520,0.000085362759,0.000000329832,0.000000004268,0.329832,0.004268,general,1000
3,"(x < 0.5) U[0,1000] (x < 0.0)",EagerQualitative,Incremental,online,20000,50,0.021011069960,0.000327365916,0.000001050553,0.000000016368,1.050553,0.016368,general,1000
4,"(G[0,100] (x < 0.5)) or (G[100,150] (x > 0.0))",EagerQualitative,Incremental,online,20000,50,0.013533695800,0.000134706546,0.000000676685,0.000000006735,0.676685,0.006735,general,100
5,"(x < 0.0) U[0,1] (x > 0.0)",EagerQualitative,Incremental,online,20000,50,0.005800420040,0.000086783138,0.000000290021,0.000000004339,0.290021,0.004339,general,1
5,"(x < 0.0) U[0,100] (x > 0.0)",EagerQualitative,Incremental,online,20000,50,0.011452494160,0.000094664117,0.000000572625,0.000000004733,0.572625,0.004733,general,100
5,"(x < 0.0) U[0,200] (x > 0.0)",EagerQualitative,Incremental,online,20000,50,0.013703462540,0.000131071061,0.000000685173,0.000000006554,0.685173,0.006554,general,200
5,"(x < 0.0) U[0,300] (x > 0.0)",EagerQualitative,Incremental,online,20000,50,0.015998538300,0.000189766506,0.000000799927,0.000000009488,0.799927,0.009488,general,300
5,"(x < 0.0) U[0,400] (x > 0.0)",EagerQualitative,Incremental,online,20000,50,0.018121031660,0.000195639039,0.000000906052,0.000000009782,0.906052,0.009782,general,400
5,"(x < 0.0) U[0,500] (x > 0.0)",EagerQualitative,Incremental,online,20000,50,0.020270734240,0.000285018840,0.000001013537,0.000000014251,1.013537,0.014251,general,500
5,"(x < 0.0) U[0,600] (x > 0.0)",EagerQualitative,Incremental,online,20000,50,0.022503634260,0.000179099756,0.000001125182,0.000000008955,1.125182,0.008955,general,600
5,"(x < 0.0) U[0,700] (x > 0.0)",EagerQualitative,Incremental,online,20000,50,0.024731200880,0.000173786374,0.000001236560,0.000000008689,1.236560,0.008689,general,700
5,"(x < 0.0) U[0,800] (x > 0.0)",EagerQualitative,Incremental,online,20000,50,0.027043298280,0.000201968996,0.000001352165,0.000000010098,1.352165,0.010098,general,800
5,"(x < 0.0) U[0,900] (x > 0.0)",EagerQualitative,Incremental,online,20000,50,0.029084057500,0.000277109986,0.000001454203,0.000000013855,1.454203,0.013855,general,900
5,"(x < 0.0) U[0,1000] (x > 0.0)",EagerQualitative,Incremental,online,20000,50,0.031244329140,0.000479957516,0.000001562216,0.000000023998,1.562216,0.023998,general,1000
5,"(x < 0.0) U[0,1100] (x > 0.0)",EagerQualitative,Incremental,online,20000,50,0.033415534980,0.000349958771,0.000001670777,0.000000017498,1.670777,0.017498,general,1100
5,"(x < 0.0) U[0,1200] (x > 0.0)",EagerQualitative,Incremental,online,20000,50,0.035263112480,0.000279621171,0.000001763156,0.000000013981,1.763156,0.013981,general,1200
5,"(x < 0.0) U[0,1300] (x > 0.0)",EagerQualitative,Incremental,online,20000,50,0.037020240800,0.000355125148,0.000001851012,0.000000017756,1.851012,0.017756,general,1300
5,"(x < 0.0) U[0,1400] (x > 0.0)",EagerQualitative,Incremental,online,20000,50,0.038925734980,0.000304375174,0.000001946287,0.000000015219,1.946287,0.015219,general,1400
5,"(x < 0.0) U[0,1500] (x > 0.0)",EagerQualitative,Incremental,online,20000,50,0.041024051660,0.000378842496,0.000002051203,0.000000018942,2.051203,0.018942,general,1500
5,"(x < 0.0) U[0,1600] (x > 0.0)",EagerQualitative,Incremental,online,20000,50,0.043196506740,0.000300156385,0.000002159825,0.000000015008,2.159825,0.015008,general,1600
5,"(x < 0.0) U[0,1700] (x > 0.0)",EagerQualitative,Incremental,online,20000,50,0.045040929180,0.000349357558,0.000002252046,0.000000017468,2.252046,0.017468,general,1700
5,"(x < 0.0) U[0,1800] (x > 0.0)",EagerQualitative,Incremental,online,20000,50,0.046929543380,0.000361573829,0.000002346477,0.000000018079,2.346477,0.018079,general,1800
5,"(x < 0.0) U[0,1900] (x > 0.0)",EagerQualitative,Incremental,online,20000,50,0.049127049280,0.000384533234,0.000002456352,0.000000019227,2.456352,0.019227,general,1900
5,"(x < 0.0) U[0,2000] (x > 0.0)",EagerQualitative,Incremental,online,20000,50,0.051146974120,0.000378163030,0.000002557349,0.000000018908,2.557349,0.018908,general,2000
5,"(x < 0.0) U[0,2100] (x > 0.0)",EagerQualitative,Incremental,online,20000,50,0.053031520700,0.000387514212,0.000002651576,0.000000019376,2.651576,0.019376,general,2100
5,"(x < 0.0) U[0,2200] (x > 0.0)",EagerQualitative,Incremental,online,20000,50,0.054751090880,0.000354435614,0.000002737555,0.000000017722,2.737555,0.017722,general,2200
5,"(x < 0.0) U[0,2300] (x > 0.0)",EagerQualitative,Incremental,online,20000,50,0.057197612460,0.000923780713,0.000002859881,0.000000046189,2.859881,0.046189,general,2300
5,"(x < 0.0) U[0,2400] (x > 0.0)",EagerQualitative,Incremental,online,20000,50,0.059141114100,0.000386463200,0.000002957056,0.000000019323,2.957056,0.019323,general,2400
5,"(x < 0.0) U[0,2500] (x > 0.0)",EagerQualitative,Incremental,online,20000,50,0.061223864800,0.000476642384,0.000003061193,0.000000023832,3.061193,0.023832,general,2500
5,"(x < 0.0) U[0,2600] (x > 0.0)",EagerQualitative,Incremental,online,20000,50,0.062958219120,0.000342124406,0.000003147911,0.000000017106,3.147911,0.017106,general,2600
5,"(x < 0.0) U[0,2700] (x > 0.0)",EagerQualitative,Incremental,online,20000,50,0.065285078320,0.000430600089,0.000003264254,0.000000021530,3.264254,0.021530,general,2700
5,"(x < 0.0) U[0,2800] (x > 0.0)",EagerQualitative,Incremental,online,20000,50,0.067249514180,0.000383063397,0.000003362476,0.000000019153,3.362476,0.019153,general,2800
5,"(x < 0.0) U[0,2900] (x > 0.0)",EagerQualitative,Incremental,online,20000,50,0.069006987500,0.000399886982,0.000003450349,0.000000019994,3.450349,0.019994,general,2900
5,"(x < 0.0) U[0,3000] (x > 0.0)",EagerQualitative,Incremental,online,20000,50,0.071329023340,0.000408617444,0.000003566451,0.000000020431,3.566451,0.020431,general,3000
5,"(x < 0.0) U[0,3100] (x > 0.0)",EagerQualitative,Incremental,online,20000,50,0.073006519120,0.000405761440,0.000003650326,0.000000020288,3.650326,0.020288,general,3100
5,"(x < 0.0) U[0,3200] (x > 0.0)",EagerQualitative,Incremental,online,20000,50,0.074909061620,0.000551341892,0.000003745453,0.000000027567,3.745453,0.027567,general,3200
5,"(x < 0.0) U[0,3300] (x > 0.0)",EagerQualitative,Incremental,online,20000,50,0.076752930900,0.000375459852,0.000003837647,0.000000018773,3.837647,0.018773,general,3300
5,"(x < 0.0) U[0,3400] (x > 0.0)",EagerQualitative,Incremental,online,20000,50,0.078439340900,0.000494138788,0.000003921967,0.000000024707,3.921967,0.024707,general,3400
5,"(x < 0.0) U[0,3500] (x > 0.0)",EagerQualitative,Incremental,online,20000,50,0.080290836680,0.000591499527,0.000004014542,0.000000029575,4.014542,0.029575,general,3500
5,"(x < 0.0) U[0,3600] (x > 0.0)",EagerQualitative,Incremental,online,20000,50,0.082336022480,0.000436734168,0.000004116801,0.000000021837,4.116801,0.021837,general,3600
5,"(x < 0.0) U[0,3700] (x > 0.0)",EagerQualitative,Incremental,online,20000,50,0.083722276760,0.000513586213,0.000004186114,0.000000025679,4.186114,0.025679,general,3700
5,"(x < 0.0) U[0,3800] (x > 0.0)",EagerQualitative,Incremental,online,20000,50,0.086204074160,0.000685643620,0.000004310204,0.000000034282,4.310204,0.034282,general,3800
5,"(x < 0.0) U[0,3900] (x > 0.0)",EagerQualitative,Incremental,online,20000,50,0.087355439920,0.000383635471,0.000004367772,0.000000019182,4.367772,0.019182,general,3900
5,"(x < 0.0) U[0,4000] (x > 0.0)",EagerQualitative,Incremental,online,20000,50,0.089324158280,0.000716229432,0.000004466208,0.000000035811,4.466208,0.035811,general,4000
5,"(x < 0.0) U[0,4100] (x > 0.0)",EagerQualitative,Incremental,online,20000,50,0.093791348320,0.000433544465,0.000004689567,0.000000021677,4.689567,0.021677,general,4100
5,"(x < 0.0) U[0,4200] (x > 0.0)",EagerQualitative,Incremental,online,20000,50,0.095159220060,0.000698532267,0.000004757961,0.000000034927,4.757961,0.034927,general,4200
5,"(x < 0.0) U[0,4300] (x > 0.0)",EagerQualitative,Incremental,online,20000,50,0.096893824160,0.000438178288,0.000004844691,0.000000021909,4.844691,0.021909,general,4300
5,"(x < 0.0) U[0,4400] (x > 0.0)",EagerQualitative,Incremental,online,20000,50,0.098235015000,0.000466581296,0.000004911751,0.000000023329,4.911751,0.023329,general,4400
5,"(x < 0.0) U[0,4500] (x > 0.0)",EagerQualitative,Incremental,online,20000,50,0.099984088300,0.000480643761,0.000004999204,0.000000024032,4.999204,0.024032,general,4500
5,"(x < 0.0) U[0,4600] (x > 0.0)",EagerQualitative,Incremental,online,20000,50,0.101067275860,0.000502050002,0.000005053364,0.000000025103,5.053364,0.025103,general,4600
5,"(x < 0.0) U[0,4700] (x > 0.0)",EagerQualitative,Incremental,online,20000,50,0.102993512540,0.000477595895,0.000005149676,0.000000023880,5.149676,0.023880,general,4700
5,"(x < 0.0) U[0,4800] (x > 0.0)",EagerQualitative,Incremental,online,20000,50,0.104695986600,0.000818204179,0.000005234799,0.000000040910,5.234799,0.040910,general,4800
5,"(x < 0.0) U[0,4900] (x > 0.0)",EagerQualitative,Incremental,online,20000,50,0.106597229160,0.000444179149,0.000005329861,0.000000022209,5.329861,0.022209,general,4900
5,"(x < 0.0) U[0,5000] (x > 0.0)",EagerQualitative,Incremental,online,20000,50,0.107863276680,0.000522686266,0.000005393164,0.000000026134,5.393164,0.026134,general,5000
6,"G[0,1] (x > 0.0)",EagerQualitative,Incremental,online,20000,50,0.003409235080,0.000101009468,0.000000170462,0.000000005050,0.170462,0.005050,general,1
6,"G[0,100] (x > 0.0)",EagerQualitative,Incremental,online,20000,50,0.003340629960,0.000033349956,0.000000167031,0.000000001667,0.167031,0.001667,general,100
6,"G[0,200] (x > 0.0)",EagerQualitative,Incremental,online,20000,50,0.003253913380,0.000051771353,0.000000162696,0.000000002589,0.162696,0.002589,general,200
6,"G[0,300] (x > 0.0)",EagerQualitative,Incremental,online,20000,50,0.003204069120,0.000041195112,0.000000160203,0.000000002060,0.160203,0.002060,general,300
6,"G[0,400] (x > 0.0)",EagerQualitative,Incremental,online,20000,50,0.003206816680,0.000033853927,0.000000160341,0.000000001693,0.160341,0.001693,general,400
6,"G[0,500] (x > 0.0)",EagerQualitative,Incremental,online,20000,50,0.003226651660,0.000045484466,0.000000161333,0.000000002274,0.161333,0.002274,general,500
6,"G[0,600] (x > 0.0)",EagerQualitative,Incremental,online,20000,50,0.003225843420,0.000050557439,0.000000161292,0.000000002528,0.161292,0.002528,general,600
6,"G[0,700] (x > 0.0)",EagerQualitative,Incremental,online,20000,50,0.003215558260,0.000044342862,0.000000160778,0.000000002217,0.160778,0.002217,general,700
6,"G[0,800] (x > 0.0)",EagerQualitative,Incremental,online,20000,50,0.003168811660,0.000040199544,0.000000158441,0.000000002010,0.158441,0.002010,general,800
6,"G[0,900] (x > 0.0)",EagerQualitative,Incremental,online,20000,50,0.003157885900,0.000038627698,0.000000157894,0.000000001931,0.157894,0.001931,general,900
6,"G[0,1000] (x > 0.0)",EagerQualitative,Incremental,online,20000,50,0.003188910080,0.000039442088,0.000000159446,0.000000001972,0.159446,0.001972,general,1000
6,"G[0,1100] (x > 0.0)",EagerQualitative,Incremental,online,20000,50,0.003192295820,0.000034606442,0.000000159615,0.000000001730,0.159615,0.001730,general,1100
6,"G[0,1200] (x > 0.0)",EagerQualitative,Incremental,online,20000,50,0.003145397560,0.000033540965,0.000000157270,0.000000001677,0.157270,0.001677,general,1200
6,"G[0,1300] (x > 0.0)",EagerQualitative,Incremental,online,20000,50,0.003162207580,0.000036320715,0.000000158110,0.000000001816,0.158110,0.001816,general,1300
6,"G[0,1400] (x > 0.0)",EagerQualitative,Incremental,online,20000,50,0.003177364920,0.000043581827,0.000000158868,0.000000002179,0.158868,0.002179,general,1400
6,"G[0,1500] (x > 0.0)",EagerQualitative,Incremental,online,20000,50,0.003149339160,0.000044287672,0.000000157467,0.000000002214,0.157467,0.002214,general,1500
6,"G[0,1600] (x > 0.0)",EagerQualitative,Incremental,online,20000,50,0.003149671720,0.000038672629,0.000000157484,0.000000001934,0.157484,0.001934,general,1600
6,"G[0,1700] (x > 0.0)",EagerQualitative,Incremental,online,20000,50,0.003165985760,0.000040453102,0.000000158299,0.000000002023,0.158299,0.002023,general,1700
6,"G[0,1800] (x > 0.0)",EagerQualitative,Incremental,online,20000,50,0.003136229900,0.000046399391,0.000000156811,0.000000002320,0.156811,0.002320,general,1800
6,"G[0,1900] (x > 0.0)",EagerQualitative,Incremental,online,20000,50,0.003139385040,0.000037463210,0.000000156969,0.000000001873,0.156969,0.001873,general,1900
6,"G[0,2000] (x > 0.0)",EagerQualitative,Incremental,online,20000,50,0.003144610840,0.000045781775,0.000000157231,0.000000002289,0.157231,0.002289,general,2000
6,"G[0,2100] (x > 0.0)",EagerQualitative,Incremental,online,20000,50,0.003125882620,0.000033646587,0.000000156294,0.000000001682,0.156294,0.001682,general,2100
6,"G[0,2200] (x > 0.0)",EagerQualitative,Incremental,online,20000,50,0.003144218380,0.000038344934,0.000000157211,0.000000001917,0.157211,0.001917,general,2200
6,"G[0,2300] (x > 0.0)",EagerQualitative,Incremental,online,20000,50,0.003146955780,0.000034369754,0.000000157348,0.000000001718,0.157348,0.001718,general,2300
6,"G[0,2400] (x > 0.0)",EagerQualitative,Incremental,online,20000,50,0.003153275900,0.000035669407,0.000000157664,0.000000001783,0.157664,0.001783,general,2400
6,"G[0,2500] (x > 0.0)",EagerQualitative,Incremental,online,20000,50,0.003157955840,0.000036791240,0.000000157898,0.000000001840,0.157898,0.001840,general,2500
6,"G[0,2600] (x > 0.0)",EagerQualitative,Incremental,online,20000,50,0.003158155020,0.000037419022,0.000000157908,0.000000001871,0.157908,0.001871,general,2600
6,"G[0,2700] (x > 0.0)",EagerQualitative,Incremental,online,20000,50,0.003126454140,0.000036359543,0.000000156323,0.000000001818,0.156323,0.001818,general,2700
6,"G[0,2800] (x > 0.0)",EagerQualitative,Incremental,online,20000,50,0.003150131560,0.000043514274,0.000000157507,0.000000002176,0.157507,0.002176,general,2800
6,"G[0,2900] (x > 0.0)",EagerQualitative,Incremental,online,20000,50,0.003158851660,0.000047563318,0.000000157943,0.000000002378,0.157943,0.002378,general,2900
6,"G[0,3000] (x > 0.0)",EagerQualitative,Incremental,online,20000,50,0.003119260100,0.000046337875,0.000000155963,0.000000002317,0.155963,0.002317,general,3000
6,"G[0,3100] (x > 0.0)",EagerQualitative,Incremental,online,20000,50,0.003125864980,0.000045349163,0.000000156293,0.000000002267,0.156293,0.002267,general,3100
6,"G[0,3200] (x > 0.0)",EagerQualitative,Incremental,online,20000,50,0.003142253320,0.000032317160,0.000000157113,0.000000001616,0.157113,0.001616,general,3200
6,"G[0,3300] (x > 0.0)",EagerQualitative,Incremental,online,20000,50,0.003136592500,0.000032750128,0.000000156830,0.000000001638,0.156830,0.001638,general,3300
6,"G[0,3400] (x > 0.0)",EagerQualitative,Incremental,online,20000,50,0.003148984180,0.000043017899,0.000000157449,0.000000002151,0.157449,0.002151,general,3400
6,"G[0,3500] (x > 0.0)",EagerQualitative,Incremental,online,20000,50,0.003147387540,0.000035861539,0.000000157369,0.000000001793,0.157369,0.001793,general,3500
6,"G[0,3600] (x > 0.0)",EagerQualitative,Incremental,online,20000,50,0.003232105100,0.000192645337,0.000000161605,0.000000009632,0.161605,0.009632,general,3600
6,"G[0,3700] (x > 0.0)",EagerQualitative,Incremental,online,20000,50,0.003155738360,0.000053475340,0.000000157787,0.000000002674,0.157787,0.002674,general,3700
6,"G[0,3800] (x > 0.0)",EagerQualitative,Incremental,online,20000,50,0.003130062500,0.000046912737,0.000000156503,0.000000002346,0.156503,0.002346,general,3800
6,"G[0,3900] (x > 0.0)",EagerQualitative,Incremental,online,20000,50,0.003124835040,0.000028928848,0.000000156242,0.000000001446,0.156242,0.001446,general,3900
6,"G[0,4000] (x > 0.0)",EagerQualitative,Incremental,online,20000,50,0.003148969160,0.000044714502,0.000000157448,0.000000002236,0.157448,0.002236,general,4000
6,"G[0,4100] (x > 0.0)",EagerQualitative,Incremental,online,20000,50,0.003132585880,0.000051312689,0.000000156629,0.000000002566,0.156629,0.002566,general,4100
6,"G[0,4200] (x > 0.0)",EagerQualitative,Incremental,online,20000,50,0.003122110080,0.000038321819,0.000000156106,0.000000001916,0.156106,0.001916,general,4200
6,"G[0,4300] (x > 0.0)",EagerQualitative,Incremental,online,20000,50,0.003139275000,0.000044531178,0.000000156964,0.000000002227,0.156964,0.002227,general,4300
6,"G[0,4400] (x > 0.0)",EagerQualitative,Incremental,online,20000,50,0.003136405820,0.000037337269,0.000000156820,0.000000001867,0.156820,0.001867,general,4400
6,"G[0,4500] (x > 0.0)",EagerQualitative,Incremental,online,20000,50,0.003118627520,0.000034712687,0.000000155931,0.000000001736,0.155931,0.001736,general,4500
6,"G[0,4600] (x > 0.0)",EagerQualitative,Incremental,online,20000,50,0.003128581720,0.000034906861,0.000000156429,0.000000001745,0.156429,0.001745,general,4600
6,"G[0,4700] (x > 0.0)",EagerQualitative,Incremental,online,20000,50,0.003123661700,0.000040819886,0.000000156183,0.000000002041,0.156183,0.002041,general,4700
6,"G[0,4800] (x > 0.0)",EagerQualitative,Incremental,online,20000,50,0.003141643240,0.000032418461,0.000000157082,0.000000001621,0.157082,0.001621,general,4800
6,"G[0,4900] (x > 0.0)",EagerQualitative,Incremental,online,20000,50,0.003128861760,0.000044234318,0.000000156443,0.000000002212,0.156443,0.002212,general,4900
6,"G[0,5000] (x > 0.0)",EagerQualitative,Incremental,online,20000,50,0.003109598360,0.000035479798,0.000000155480,0.000000001774,0.155480,0.001774,general,5000
7,"F[0,1] (x > 0.0)",EagerQualitative,Incremental,online,20000,50,0.003400410820,0.000045842465,0.000000170021,0.000000002292,0.170021,0.002292,general,1
7,"F[0,100] (x > 0.0)",EagerQualitative,Incremental,online,20000,50,0.003371640780,0.000044919595,0.000000168582,0.000000002246,0.168582,0.002246,general,100
7,"F[0,200] (x > 0.0)",EagerQualitative,Incremental,online,20000,50,0.003292485860,0.000033833989,0.000000164624,0.000000001692,0.164624,0.001692,general,200
7,"F[0,300] (x > 0.0)",EagerQualitative,Incremental,online,20000,50,0.003237909260,0.000041225139,0.000000161895,0.000000002061,0.161895,0.002061,general,300
7,"F[0,400] (x > 0.0)",EagerQualitative,Incremental,online,20000,50,0.003227819100,0.000036130145,0.000000161391,0.000000001807,0.161391,0.001807,general,400
7,"F[0,500] (x > 0.0)",EagerQualitative,Incremental,online,20000,50,0.003242012520,0.000042993462,0.000000162101,0.000000002150,0.162101,0.002150,general,500
7,"F[0,600] (x > 0.0)",EagerQualitative,Incremental,online,20000,50,0.003208914140,0.000040723024,0.000000160446,0.000000002036,0.160446,0.002036,general,600
7,"F[0,700] (x > 0.0)",EagerQualitative,Incremental,online,20000,50,0.003204179140,0.000044112719,0.000000160209,0.000000002206,0.160209,0.002206,general,700
7,"F[0,800] (x > 0.0)",EagerQualitative,Incremental,online,20000,50,0.003214056780,0.000037214918,0.000000160703,0.000000001861,0.160703,0.001861,general,800
7,"F[0,900] (x > 0.0)",EagerQualitative,Incremental,online,20000,50,0.003214133300,0.000041196964,0.000000160707,0.000000002060,0.160707,0.002060,general,900
7,"F[0,1000] (x > 0.0)",EagerQualitative,Incremental,online,20000,50,0.003211257460,0.000035364834,0.000000160563,0.000000001768,0.160563,0.001768,general,1000
7,"F[0,1100] (x > 0.0)",EagerQualitative,Incremental,online,20000,50,0.003216584200,0.000047808712,0.000000160829,0.000000002390,0.160829,0.002390,general,1100
7,"F[0,1200] (x > 0.0)",EagerQualitative,Incremental,online,20000,50,0.003199502560,0.000046478328,0.000000159975,0.000000002324,0.159975,0.002324,general,1200
7,"F[0,1300] (x > 0.0)",EagerQualitative,Incremental,online,20000,50,0.003203911580,0.000031312716,0.000000160196,0.000000001566,0.160196,0.001566,general,1300
7,"F[0,1400] (x > 0.0)",EagerQualitative,Incremental,online,20000,50,0.003184760020,0.000032200682,0.000000159238,0.000000001610,0.159238,0.001610,general,1400
7,"F[0,1500] (x > 0.0)",EagerQualitative,Incremental,online,20000,50,0.003194675020,0.000044509135,0.000000159734,0.000000002225,0.159734,0.002225,general,1500
7,"F[0,1600] (x > 0.0)",EagerQualitative,Incremental,online,20000,50,0.003199997420,0.000039697536,0.000000160000,0.000000001985,0.160000,0.001985,general,1600
7,"F[0,1700] (x > 0.0)",EagerQualitative,Incremental,online,20000,50,0.003189951660,0.000044384799,0.000000159498,0.000000002219,0.159498,0.002219,general,1700
7,"F[0,1800] (x > 0.0)",EagerQualitative,Incremental,online,20000,50,0.003204942560,0.000036922692,0.000000160247,0.000000001846,0.160247,0.001846,general,1800
7,"F[0,1900] (x > 0.0)",EagerQualitative,Incremental,online,20000,50,0.003199128280,0.000039544600,0.000000159956,0.000000001977,0.159956,0.001977,general,1900
7,"F[0,2000] (x > 0.0)",EagerQualitative,Incremental,online,20000,50,0.003193303420,0.000045622119,0.000000159665,0.000000002281,0.159665,0.002281,general,2000
7,"F[0,2100] (x > 0.0)",EagerQualitative,Incremental,online,20000,50,0.003193599120,0.000039923031,0.000000159680,0.000000001996,0.159680,0.001996,general,2100
7,"F[0,2200] (x > 0.0)",EagerQualitative,Incremental,online,20000,50,0.003203394960,0.000043142574,0.000000160170,0.000000002157,0.160170,0.002157,general,2200
7,"F[0,2300] (x > 0.0)",EagerQualitative,Incremental,online,20000,50,0.003199792520,0.000038947598,0.000000159990,0.000000001947,0.159990,0.001947,general,2300
7,"F[0,2400] (x > 0.0)",EagerQualitative,Incremental,online,20000,50,0.003189635060,0.000036928953,0.000000159482,0.000000001846,0.159482,0.001846,general,2400
7,"F[0,2500] (x > 0.0)",EagerQualitative,Incremental,online,20000,50,0.003198175040,0.000046344633,0.000000159909,0.000000002317,0.159909,0.002317,general,2500
7,"F[0,2600] (x > 0.0)",EagerQualitative,Incremental,online,20000,50,0.003190140980,0.000038678441,0.000000159507,0.000000001934,0.159507,0.001934,general,2600
7,"F[0,2700] (x > 0.0)",EagerQualitative,Incremental,online,20000,50,0.003205103460,0.000036006771,0.000000160255,0.000000001800,0.160255,0.001800,general,2700
7,"F[0,2800] (x > 0.0)",EagerQualitative,Incremental,online,20000,50,0.003186104200,0.000033479884,0.000000159305,0.000000001674,0.159305,0.001674,general,2800
7,"F[0,2900] (x > 0.0)",EagerQualitative,Incremental,online,20000,50,0.003196755000,0.000037836804,0.000000159838,0.000000001892,0.159838,0.001892,general,2900
7,"F[0,3000] (x > 0.0)",EagerQualitative,Incremental,online,20000,50,0.003190930880,0.000034656649,0.000000159547,0.000000001733,0.159547,0.001733,general,3000
7,"F[0,3100] (x > 0.0)",EagerQualitative,Incremental,online,20000,50,0.003181088340,0.000041619593,0.000000159054,0.000000002081,0.159054,0.002081,general,3100
7,"F[0,3200] (x > 0.0)",EagerQualitative,Incremental,online,20000,50,0.003197886580,0.000042966285,0.000000159894,0.000000002148,0.159894,0.002148,general,3200
7,"F[0,3300] (x > 0.0)",EagerQualitative,Incremental,online,20000,50,0.003207193340,0.000036329062,0.000000160360,0.000000001816,0.160360,0.001816,general,3300
7,"F[0,3400] (x > 0.0)",EagerQualitative,Incremental,online,20000,50,0.003178959160,0.000041683623,0.000000158948,0.000000002084,0.158948,0.002084,general,3400
7,"F[0,3500] (x > 0.0)",EagerQualitative,Incremental,online,20000,50,0.003187006620,0.000043784218,0.000000159350,0.000000002189,0.159350,0.002189,general,3500
7,"F[0,3600] (x > 0.0)",EagerQualitative,Incremental,online,20000,50,0.003195915000,0.000030087459,0.000000159796,0.000000001504,0.159796,0.001504,general,3600
7,"F[0,3700] (x > 0.0)",EagerQualitative,Incremental,online,20000,50,0.003183268340,0.000056560084,0.000000159163,0.000000002828,0.159163,0.002828,general,3700
7,"F[0,3800] (x > 0.0)",EagerQualitative,Incremental,online,20000,50,0.003187611540,0.000047734075,0.000000159381,0.000000002387,0.159381,0.002387,general,3800
7,"F[0,3900] (x > 0.0)",EagerQualitative,Incremental,online,20000,50,0.003181810700,0.000028339380,0.000000159091,0.000000001417,0.159091,0.001417,general,3900
7,"F[0,4000] (x > 0.0)",EagerQualitative,Incremental,online,20000,50,0.003189194280,0.000037684285,0.000000159460,0.000000001884,0.159460,0.001884,general,4000
7,"F[0,4100] (x > 0.0)",EagerQualitative,Incremental,online,20000,50,0.003183114940,0.000048476599,0.000000159156,0.000000002424,0.159156,0.002424,general,4100
7,"F[0,4200] (x > 0.0)",EagerQualitative,Incremental,online,20000,50,0.003187890900,0.000032431741,0.000000159395,0.000000001622,0.159395,0.001622,general,4200
7,"F[0,4300] (x > 0.0)",EagerQualitative,Incremental,online,20000,50,0.003176783380,0.000040689403,0.000000158839,0.000000002034,0.158839,0.002034,general,4300
7,"F[0,4400] (x > 0.0)",EagerQualitative,Incremental,online,20000,50,0.003187642440,0.000032642062,0.000000159382,0.000000001632,0.159382,0.001632,general,4400
7,"F[0,4500] (x > 0.0)",EagerQualitative,Incremental,online,20000,50,0.003171146680,0.000040072881,0.000000158557,0.000000002004,0.158557,0.002004,general,4500
7,"F[0,4600] (x > 0.0)",EagerQualitative,Incremental,online,20000,50,0.003189915880,0.000034875479,0.000000159496,0.000000001744,0.159496,0.001744,general,4600
7,"F[0,4700] (x > 0.0)",EagerQualitative,Incremental,online,20000,50,0.003151182460,0.000049881773,0.000000157559,0.000000002494,0.157559,0.002494,general,4700
7,"F[0,4800] (x > 0.0)",EagerQualitative,Incremental,online,20000,50,0.003174170000,0.000043703080,0.000000158708,0.000000002185,0.158708,0.002185,general,4800
7,"F[0,4900] (x > 0.0)",EagerQualitative,Incremental,online,20000,50,0.003171323480,0.000043565586,0.000000158566,0.000000002178,0.158566,0.002178,general,4900
7,"F[0,5000] (x > 0.0)",EagerQualitative,Incremental,online,20000,50,0.003185453240,0.000052259355,0.000000159273,0.000000002613,0.159273,0.002613,general,5000
1,(x < 0.5) and (x > -0.5),Rosi,Incremental,online,20000,50,0.003196480780,0.000032130386,0.000000159824,0.000000001607,0.159824,0.001607,general,0
2,"G[0,1000] (x > 0.5 -> F[0,100] (x < 0.0))",Rosi,Incremental,online,20000,50,9.192753431760,0.171598272258,0.000459637672,0.000008579914,459.637672,8.579914,general,1000
3,"(x < 0.5) U[0,1000] (x < 0.0)",Rosi,Incremental,online,20000,50,51.510852613300,0.481158610510,0.002575542631,0.000024057931,2575.542631,24.057931,general,1000
4,"(G[0,100] (x < 0.5)) or (G[100,150] (x > 0.0))",Rosi,Incremental,online,20000,50,0.250541225060,0.001271128255,0.000012527061,0.000000063556,12.527061,0.063556,general,100
5,"(x < 0.0) U[0,1] (x > 0.0)",Rosi,Incremental,online,20000,50,0.006433833340,0.000119694286,0.000000321692,0.000000005985,0.321692,0.005985,general,1
5,"(x < 0.0) U[0,100] (x > 0.0)",Rosi,Incremental,online,20000,50,0.726916939980,0.008066774181,0.000036345847,0.000000403339,36.345847,0.403339,general,100
5,"(x < 0.0) U[0,200] (x > 0.0)",Rosi,Incremental,online,20000,50,2.263341991680,0.012894727471,0.000113167100,0.000000644736,113.167100,0.644736,general,200
5,"(x < 0.0) U[0,300] (x > 0.0)",Rosi,Incremental,online,20000,50,4.523312681700,0.017618060607,0.000226165634,0.000000880903,226.165634,0.880903,general,300
5,"(x < 0.0) U[0,400] (x > 0.0)",Rosi,Incremental,online,20000,50,7.494661322520,0.018757623262,0.000374733066,0.000000937881,374.733066,0.937881,general,400
5,"(x < 0.0) U[0,500] (x > 0.0)",Rosi,Incremental,online,20000,50,10.988475039180,0.024533346006,0.000549423752,0.000001226667,549.423752,1.226667,general,500
5,"(x < 0.0) U[0,600] (x > 0.0)",Rosi,Incremental,online,20000,50,18.650974819980,0.058898457604,0.000932548741,0.000002944923,932.548741,2.944923,general,600
5,"(x < 0.0) U[0,700] (x > 0.0)",Rosi,Incremental,online,20000,50,25.617854911740,0.075489044187,0.001280892746,0.000003774452,1280.892746,3.774452,general,700
5,"(x < 0.0) U[0,800] (x > 0.0)",Rosi,Incremental,online,20000,50,33.150953650000,0.151640720074,0.001657547682,0.000007582036,1657.547683,7.582036,general,800
5,"(x < 0.0) U[0,900] (x > 0.0)",Rosi,Incremental,online,20000,50,41.798536107440,0.212152764908,0.002089926805,0.000010607638,2089.926805,10.607638,general,900
5,"(x < 0.0) U[0,1000] (x > 0.0)",Rosi,Incremental,online,20000,50,51.908482603300,0.114333566958,0.002595424130,0.000005716678,2595.424130,5.716678,general,1000
6,"G[0,1] (x > 0.0)",Rosi,Incremental,online,20000,50,0.003359350800,0.000030983638,0.000000167968,0.000000001549,0.167968,0.001549,general,1
6,"G[0,100] (x > 0.0)",Rosi,Incremental,online,20000,50,0.080793785880,0.006407268965,0.000004039689,0.000000320363,4.039689,0.320363,general,100
6,"G[0,200] (x > 0.0)",Rosi,Incremental,online,20000,50,0.202473824160,0.022652069107,0.000010123691,0.000001132603,10.123691,1.132603,general,200
6,"G[0,300] (x > 0.0)",Rosi,Incremental,online,20000,50,0.336758045060,0.030970374627,0.000016837902,0.000001548519,16.837902,1.548519,general,300
6,"G[0,400] (x > 0.0)",Rosi,Incremental,online,20000,50,0.421037060020,0.032738904996,0.000021051853,0.000001636945,21.051853,1.636945,general,400
6,"G[0,500] (x > 0.0)",Rosi,Incremental,online,20000,50,0.534549379180,0.036418783720,0.000026727469,0.000001820939,26.727469,1.820939,general,500
6,"G[0,600] (x > 0.0)",Rosi,Incremental,online,20000,50,0.608660221720,0.005887417396,0.000030433011,0.000000294371,30.433011,0.294371,general,600
6,"G[0,700] (x > 0.0)",Rosi,Incremental,online,20000,50,0.729004646700,0.005713157688,0.000036450232,0.000000285658,36.450232,0.285658,general,700
6,"G[0,800] (x > 0.0)",Rosi,Incremental,online,20000,50,0.851852559960,0.008886515438,0.000042592628,0.000000444326,42.592628,0.444326,general,800
6,"G[0,900] (x > 0.0)",Rosi,Incremental,online,20000,50,0.966645115720,0.005760388496,0.000048332256,0.000000288019,48.332256,0.288019,general,900
6,"G[0,1000] (x > 0.0)",Rosi,Incremental,online,20000,50,1.088153031700,0.006999042590,0.000054407652,0.000000349952,54.407652,0.349952,general,1000
7,"F[0,1] (x > 0.0)",Rosi,Incremental,online,20000,50,0.003419569160,0.000036434977,0.000000170978,0.000000001822,0.170978,0.001822,general,1
7,"F[0,100] (x > 0.0)",Rosi,Incremental,online,20000,50,0.076265920840,0.004234184591,0.000003813296,0.000000211709,3.813296,0.211709,general,100
7,"F[0,200] (x > 0.0)",Rosi,Incremental,online,20000,50,0.190507134140,0.012811019273,0.000009525357,0.000000640551,9.525357,0.640551,general,200
7,"F[0,300] (x > 0.0)",Rosi,Incremental,online,20000,50,0.316906995000,0.023898549535,0.000015845350,0.000001194927,15.845350,1.194927,general,300
7,"F[0,400] (x > 0.0)",Rosi,Incremental,online,20000,50,0.419131995800,0.036745489879,0.000020956600,0.000001837274,20.956600,1.837274,general,400
7,"F[0,500] (x > 0.0)",Rosi,Incremental,online,20000,50,0.527788491640,0.046354092401,0.000026389425,0.000002317705,26.389425,2.317705,general,500
7,"F[0,600] (x > 0.0)",Rosi,Incremental,online,20000,50,0.617119420940,0.004209817155,0.000030855971,0.000000210491,30.855971,0.210491,general,600
7,"F[0,700] (x > 0.0)",Rosi,Incremental,online,20000,50,0.735423520860,0.003406775345,0.000036771176,0.000000170339,36.771176,0.170339,general,700
7,"F[0,800] (x > 0.0)",Rosi,Incremental,online,20000,50,0.857667428380,0.005950687172,0.000042883371,0.000000297534,42.883371,0.297534,general,800
7,"F[0,900] (x > 0.0)",Rosi,Incremental,online,20000,50,0.978666231680,0.005499360329,0.000048933312,0.000000274968,48.933312,0.274968,general,900
7,"F[0,1000] (x > 0.0)",Rosi,Incremental,online,20000,50,1.101475905840,0.005502890566,0.000055073795,0.000000275145,55.073795,0.275145,general,1000
